PT-AU;Nº ciclo;Part Number;Nº Serie;Geometría;Material;Nº capas;Sección;Punto;Zona;FV;Espesor nominal;Espesor curado;OF
PT-AU88;AU1-11193;ACTR-01900-000;1;Plana;UD Tape;8,0;;P1;Alma;NO;1,152;1,2;
PT-AU88;AU1-11193;ACTR-01900-000;1;Plana;UD Tape;8,0;;P2;Alma;NO;1,152;1,22;
PT-AU88;AU1-11193;ACTR-01900-000;1;Plana;UD Tape;8,0;;P3;Alma;NO;1,152;1,22;
PT-AU88;AU1-11193;ACTR-01900-000;1;Plana;UD Tape;8,0;;P4;Alma;NO;1,152;1,22;
PT-AU88;AU1-11193;ACTR-01900-000;1;Plana;UD Tape;8,0;;P5;Alma;NO;1,152;1,2;
PT-AU88;AU1-11193;ACTR-01900-000;1;Plana;UD Tape;8,0;;P6;Alma;NO;1,152;1,25;
PT-AU88;AU1-11193;ACTR-01900-000;1;Plana;UD Tape;8,0;;P7;Alma;NO;1,152;1,25;
PT-AU88;AU1-11193;ACTR-01900-000;1;Plana;UD Tape;8,0;;P8;Alma;NO;1,152;1,25;
PT-AU88;AU1-11193;ACTR-01900-000;1;Plana;UD Tape;8,0;;P9;Alma;NO;1,152;1,27;
PT-AU88;AU1-11193;ACTR-01900-000;1;Plana;UD Tape;8,0;;P10;Alma;NO;1,152;1,21;
PT-AU88;AU1-11193;ACTR-01900-000;1;Plana;UD Tape;8,0;;P11;Alma;NO;1,152;1,22;
PT-AU88;AU1-11193;ACTR-01900-000;1;Plana;UD Tape;8,0;;P12;Alma;NO;1,152;1,23;
PT-AU88;AU1-11193;ACTR-01900-000;1;Plana;UD Tape;8,0;;P13;Alma;NO;1,152;1,25;
PT-AU88;AU1-11193;ACTR-01900-000;1;Plana;UD Tape;8,0;;P14;Alma;NO;1,152;1,19;
PT-AU88;AU1-11193;ACTR-01900-000;1;Plana;UD Tape;8,0;;P15;Alma;NO;1,152;1,16;
PT-AU88;AU1-11193;ACTR-01900-000;1;Plana;UD Tape;8,0;;P16;Alma;NO;1,152;1,18;
PT-AU88;AU1-11193;ACTR-01900-000;1;Plana;UD Tape;8,0;;P17;Alma;SI;1,215;1,27;
PT-AU88;AU1-11193;ACTR-01900-000;1;Plana;UD Tape;8,0;;P18;Alma;SI;1,215;1,26;
PT-AU88;AU1-11193;ACTR-01900-000;1;Plana;UD Tape;8,0;;P19;Alma;SI;1,215;1,26;
PT-AU88;AU1-11193;ACTR-01900-000;1;Plana;UD Tape;8,0;;P20;Alma;SI;1,215;1,29;
PT-AU88;AU1-11193;ACTR-01900-000;1;Plana;UD Tape;8,0;;P21;Alma;SI;1,215;1,3;
PT-AU88;AU1-11193;ACTR-01900-000;1;Plana;UD Tape;8,0;;P22;Alma;SI;1,215;1,31;
PT-AU88;AU1-11193;ACTR-01900-000;1;Plana;UD Tape;8,0;;P23;Alma;SI;1,215;1,32;
PT-AU88;AU1-11193;ACTR-01900-000;1;Plana;UD Tape;8,0;;P24;Alma;SI;1,215;1,28;
PT-AU88;AU1-11193;ACTR-01900-000;1;Plana;UD Tape;8,0;;P25;Alma;SI;1,215;1,28;
PT-AU88;AU1-11193;ACTR-01900-000;1;Plana;UD Tape;8,0;;P26;Alma;SI;1,215;1,31;
PT-AU88;AU1-11193;ACTR-01900-000;1;Plana;UD Tape;8,0;;P27;Alma;SI;1,215;1,32;
PT-AU88;AU1-11193;ACTR-01900-000;1;Plana;UD Tape;8,0;;P28;Alma;SI;1,215;1,32;
PT-AU88;AU1-11193;ACTR-01900-000;1;Plana;UD Tape;8,0;;P29;Alma;SI;1,215;1,25;
PT-AU88;AU1-11193;ACTR-01900-000;1;Plana;UD Tape;8,0;;P30;Alma;SI;1,215;1,24;
PT-AU88;AU1-11193;ACTR-01900-000;1;Plana;UD Tape;8,0;;P31;Alma;SI;1,215;1,27;
PT-AU88;AU1-11193;ACTR-01900-000;1;Plana;UD Tape;8,0;;P32;Alma;SI;1,215;1,27;
PT-AU88;AU1-11193;ACTR-01900-000;1;Plana;UD Tape;16,0;;P1;Alma;NO;2,304;2,47;
PT-AU88;AU1-11193;ACTR-01900-000;1;Plana;UD Tape;16,0;;P1;Alma;NO;2,304;2,47;
PT-AU88;AU1-11193;ACTR-01900-000;1;Plana;UD Tape;16,0;;P2;Alma;NO;2,304;2,52;
PT-AU88;AU1-11193;ACTR-01900-000;1;Plana;UD Tape;16,0;;P3;Alma;NO;2,304;2,53;
PT-AU88;AU1-11193;ACTR-01900-000;1;Plana;UD Tape;16,0;;P4;Alma;NO;2,304;2,53;
PT-AU88;AU1-11193;ACTR-01900-000;1;Plana;UD Tape;16,0;;P5;Alma;NO;2,304;2,58;
PT-AU88;AU1-11193;ACTR-01900-000;1;Plana;UD Tape;16,0;;P6;Alma;NO;2,304;2,58;
PT-AU88;AU1-11193;ACTR-01900-000;1;Plana;UD Tape;16,0;;P7;Alma;NO;2,304;2,46;
PT-AU88;AU1-11193;ACTR-01900-000;1;Plana;UD Tape;16,0;;P8;Alma;NO;2,304;2,51;
PT-AU88;AU1-11193;ACTR-01900-000;1;Plana;UD Tape;16,0;;P9;Alma;NO;2,304;2,53;
PT-AU88;AU1-11193;ACTR-01900-000;1;Plana;UD Tape;16,0;;P10;Alma;NO;2,304;2,46;
PT-AU88;AU1-11193;ACTR-01900-000;1;Plana;UD Tape;16,0;;P11;Alma;NO;2,304;2,5;
PT-AU88;AU1-11193;ACTR-01900-000;1;Plana;UD Tape;16,0;;P12;Alma;NO;2,304;2,53;
PT-AU88;AU1-11193;ACTR-01900-000;1;Plana;UD Tape;16,0;;P13;Alma;NO;2,304;2,53;
PT-AU88;AU1-11193;ACTR-01900-000;1;Plana;UD Tape;16,0;;P14;Alma;NO;2,304;2,49;
PT-AU88;AU1-11193;ACTR-01900-000;1;Plana;UD Tape;16,0;;P15;Alma;NO;2,304;2,48;
PT-AU88;AU1-11193;ACTR-01900-000;1;Plana;UD Tape;16,0;;P16;Alma;NO;2,304;2,45;
PT-AU88;AU1-11193;ACTR-01900-000;1;Plana;UD Tape;16,0;;P17;Alma;SI;2,367;2,64;
PT-AU88;AU1-11193;ACTR-01900-000;1;Plana;UD Tape;16,0;;P18;Alma;SI;2,367;2,56;
PT-AU88;AU1-11193;ACTR-01900-000;1;Plana;UD Tape;16,0;;P19;Alma;SI;2,367;2,56;
PT-AU88;AU1-11193;ACTR-01900-000;1;Plana;UD Tape;16,0;;P20;Alma;SI;2,367;2,5;
PT-AU88;AU1-11193;ACTR-01900-000;1;Plana;UD Tape;16,0;;P21;Alma;SI;2,367;2,5;
PT-AU88;AU1-11193;ACTR-01900-000;1;Plana;UD Tape;16,0;;P22;Alma;SI;2,367;2,5;
PT-AU88;AU1-11193;ACTR-01900-000;1;Plana;UD Tape;16,0;;P23;Alma;SI;2,367;2,52;
PT-AU88;AU1-11193;ACTR-01900-000;1;Plana;UD Tape;16,0;;P24;Alma;SI;2,367;2,5;
PT-AU88;AU1-11193;ACTR-01900-000;1;Plana;UD Tape;16,0;;P25;Alma;SI;2,367;2,62;
PT-AU88;AU1-11193;ACTR-01900-000;1;Plana;UD Tape;16,0;;P26;Alma;SI;2,367;2,52;
PT-AU88;AU1-11193;ACTR-01900-000;1;Plana;UD Tape;16,0;;P27;Alma;SI;2,367;2,55;
PT-AU88;AU1-11193;ACTR-01900-000;1;Plana;UD Tape;16,0;;P28;Alma;SI;2,367;2,55;
PT-AU88;AU1-11193;ACTR-01900-000;1;Plana;UD Tape;16,0;;P29;Alma;SI;2,367;2,55;
PT-AU88;AU1-11193;ACTR-01900-000;1;Plana;UD Tape;16,0;;P30;Alma;SI;2,367;2,55;
PT-AU88;AU1-11193;ACTR-01900-000;1;Plana;UD Tape;16,0;;P31;Alma;SI;2,367;2,5;
PT-AU88;AU1-11193;ACTR-01900-000;1;Plana;UD Tape;16,0;;P32;Alma;SI;2,367;2,44;
PT-AU88;AU1-11193;ACTR-01900-000;1;Plana;UD Tape;24,0;;P1;Alma;NO;3,456;3,7;
PT-AU88;AU1-11193;ACTR-01900-000;1;Plana;UD Tape;24,0;;P2;Alma;NO;3,456;3,74;
PT-AU88;AU1-11193;ACTR-01900-000;1;Plana;UD Tape;24,0;;P3;Alma;NO;3,456;3,8;
PT-AU88;AU1-11193;ACTR-01900-000;1;Plana;UD Tape;24,0;;P4;Alma;NO;3,456;3,8;
PT-AU88;AU1-11193;ACTR-01900-000;1;Plana;UD Tape;24,0;;P5;Alma;NO;3,456;3,81;
PT-AU88;AU1-11193;ACTR-01900-000;1;Plana;UD Tape;24,0;;P6;Alma;NO;3,456;3,79;
PT-AU88;AU1-11193;ACTR-01900-000;1;Plana;UD Tape;24,0;;P7;Alma;NO;3,456;3,79;
PT-AU88;AU1-11193;ACTR-01900-000;1;Plana;UD Tape;24,0;;P8;Alma;NO;3,456;3,8;
PT-AU88;AU1-11193;ACTR-01900-000;1;Plana;UD Tape;24,0;;P9;Alma;NO;3,456;3,8;
PT-AU88;AU1-11193;ACTR-01900-000;1;Plana;UD Tape;24,0;;P10;Alma;NO;3,456;3,65;
PT-AU88;AU1-11193;ACTR-01900-000;1;Plana;UD Tape;24,0;;P11;Alma;NO;3,456;3,71;
PT-AU88;AU1-11193;ACTR-01900-000;1;Plana;UD Tape;24,0;;P12;Alma;NO;3,456;3,73;
PT-AU88;AU1-11193;ACTR-01900-000;1;Plana;UD Tape;24,0;;P13;Alma;NO;3,456;3,62;
PT-AU88;AU1-11193;ACTR-01900-000;1;Plana;UD Tape;24,0;;P14;Alma;NO;3,456;3,67;
PT-AU88;AU1-11193;ACTR-01900-000;1;Plana;UD Tape;24,0;;P15;Alma;NO;3,456;3,72;
PT-AU88;AU1-11193;ACTR-01900-000;1;Plana;UD Tape;24,0;;P16;Alma;NO;3,456;3,79;
PT-AU88;AU1-11193;ACTR-01900-000;1;Plana;UD Tape;24,0;;P17;Alma;SI;3,519;3,88;
PT-AU88;AU1-11193;ACTR-01900-000;1;Plana;UD Tape;24,0;;P18;Alma;SI;3,519;3,89;
PT-AU88;AU1-11193;ACTR-01900-000;1;Plana;UD Tape;24,0;;P19;Alma;SI;3,519;3,89;
PT-AU88;AU1-11193;ACTR-01900-000;1;Plana;UD Tape;24,0;;P20;Alma;SI;3,519;3,9;
PT-AU88;AU1-11193;ACTR-01900-000;1;Plana;UD Tape;24,0;;P21;Alma;SI;3,519;3,88;
PT-AU88;AU1-11193;ACTR-01900-000;1;Plana;UD Tape;24,0;;P22;Alma;SI;3,519;3,88;
PT-AU88;AU1-11193;ACTR-01900-000;1;Plana;UD Tape;24,0;;P23;Alma;SI;3,519;3,72;
PT-AU88;AU1-11193;ACTR-01900-000;1;Plana;UD Tape;24,0;;P24;Alma;SI;3,519;3,5;
PT-AU88;AU1-11193;ACTR-01900-000;1;Plana;UD Tape;24,0;;P25;Alma;SI;3,519;3,76;
PT-AU88;AU1-11193;ACTR-01900-000;1;Plana;UD Tape;24,0;;P26;Alma;SI;3,519;3,87;
PT-AU88;AU1-11193;ACTR-01900-000;1;Plana;UD Tape;24,0;;P27;Alma;SI;3,519;3,87;
PT-AU88;AU1-11193;ACTR-01900-000;1;Plana;UD Tape;24,0;;P28;Alma;SI;3,519;3,87;
PT-AU88;AU1-11193;ACTR-01900-000;1;Plana;UD Tape;24,0;;P29;Alma;SI;3,519;3,87;
PT-AU88;AU1-11193;ACTR-01900-000;1;Plana;UD Tape;24,0;;P30;Alma;SI;3,519;3,67;
PT-AU88;AU1-11193;ACTR-01900-000;1;Plana;UD Tape;24,0;;P31;Alma;SI;3,519;3,69;
PT-AU88;AU1-11193;ACTR-01900-000;1;Plana;UD Tape;24,0;;P32;Alma;SI;3,519;3,67;
PT-AU88;AU1-11193;ACTR-01900-000;1;Plana;UD Tape;52,0;;P1;Alma;NO;7,488;7,91;
PT-AU88;AU1-11193;ACTR-01900-000;1;Plana;UD Tape;52,0;;P2;Alma;NO;7,488;7,65;
PT-AU88;AU1-11193;ACTR-01900-000;1;Plana;UD Tape;52,0;;P3;Alma;NO;7,488;7,7;
PT-AU88;AU1-11193;ACTR-01900-000;1;Plana;UD Tape;52,0;;P4;Alma;NO;7,488;7,79;
PT-AU88;AU1-11193;ACTR-01900-000;1;Plana;UD Tape;52,0;;P5;Alma;NO;7,488;7,98;
PT-AU88;AU1-11193;ACTR-01900-000;1;Plana;UD Tape;52,0;;P6;Alma;NO;7,488;7,98;
PT-AU88;AU1-11193;ACTR-01900-000;1;Plana;UD Tape;52,0;;P7;Alma;NO;7,488;7,96;
PT-AU88;AU1-11193;ACTR-01900-000;1;Plana;UD Tape;52,0;;P8;Alma;NO;7,488;7,92;
PT-AU88;AU1-11193;ACTR-01900-000;1;Plana;UD Tape;52,0;;P9;Alma;NO;7,488;7,92;
PT-AU88;AU1-11193;ACTR-01900-000;1;Plana;UD Tape;52,0;;P10;Alma;NO;7,488;7,92;
PT-AU88;AU1-11193;ACTR-01900-000;1;Plana;UD Tape;52,0;;P11;Alma;NO;7,488;7,94;
PT-AU88;AU1-11193;ACTR-01900-000;1;Plana;UD Tape;52,0;;P12;Alma;NO;7,488;7,94;
PT-AU88;AU1-11193;ACTR-01900-000;1;Plana;UD Tape;52,0;;P13;Alma;NO;7,488;7,94;
PT-AU88;AU1-11193;ACTR-01900-000;1;Plana;UD Tape;52,0;;P14;Alma;NO;7,488;7,93;
PT-AU88;AU1-11193;ACTR-01900-000;1;Plana;UD Tape;52,0;;P15;Alma;NO;7,488;8,15;
PT-AU88;AU1-11193;ACTR-01900-000;1;Plana;UD Tape;52,0;;P16;Alma;NO;7,488;8,15;
PT-AU88;AU1-11193;ACTR-01900-000;1;Plana;UD Tape;52,0;;P17;Alma;SI;7,551;7,82;
PT-AU88;AU1-11193;ACTR-01900-000;1;Plana;UD Tape;52,0;;P18;Alma;SI;7,551;7,81;
PT-AU88;AU1-11193;ACTR-01900-000;1;Plana;UD Tape;52,0;;P19;Alma;SI;7,551;7,84;
PT-AU88;AU1-11193;ACTR-01900-000;1;Plana;UD Tape;52,0;;P20;Alma;SI;7,551;7,71;
PT-AU88;AU1-11193;ACTR-01900-000;1;Plana;UD Tape;52,0;;P21;Alma;SI;7,551;7,83;
PT-AU88;AU1-11193;ACTR-01900-000;1;Plana;UD Tape;52,0;;P22;Alma;SI;7,551;8,01;
PT-AU88;AU1-11193;ACTR-01900-000;1;Plana;UD Tape;52,0;;P23;Alma;SI;7,551;8,01;
PT-AU88;AU1-11193;ACTR-01900-000;1;Plana;UD Tape;52,0;;P24;Alma;SI;7,551;7,9;
PT-AU88;AU1-11193;ACTR-01900-000;1;Plana;UD Tape;52,0;;P25;Alma;SI;7,551;7,81;
PT-AU88;AU1-11193;ACTR-01900-000;1;Plana;UD Tape;52,0;;P26;Alma;SI;7,551;7,81;
PT-AU88;AU1-11193;ACTR-01900-000;1;Plana;UD Tape;52,0;;P27;Alma;SI;7,551;7,92;
PT-AU88;AU1-11193;ACTR-01900-000;1;Plana;UD Tape;52,0;;P28;Alma;SI;7,551;7,94;
PT-AU88;AU1-11193;ACTR-01900-000;1;Plana;UD Tape;52,0;;P29;Alma;SI;7,551;7,94;
PT-AU88;AU1-11193;ACTR-01900-000;1;Plana;UD Tape;52,0;;P30;Alma;SI;7,551;7,86;
PT-AU88;AU1-11193;ACTR-01900-000;1;Plana;UD Tape;52,0;;P31;Alma;SI;7,551;7,86;
PT-AU88;AU1-11193;ACTR-01900-000;1;Plana;UD Tape;52,0;;P32;Alma;SI;7,551;7,91;
PT-AU88;AU1-11193;ACTR-01900-000;2;Plana;UD Tape;8,0;;P1;Alma;NO;1,152;1,19;
PT-AU88;AU1-11193;ACTR-01900-000;2;Plana;UD Tape;8,0;;P2;Alma;NO;1,152;1,22;
PT-AU88;AU1-11193;ACTR-01900-000;2;Plana;UD Tape;8,0;;P3;Alma;NO;1,152;1,25;
PT-AU88;AU1-11193;ACTR-01900-000;2;Plana;UD Tape;8,0;;P4;Alma;NO;1,152;1,23;
PT-AU88;AU1-11193;ACTR-01900-000;2;Plana;UD Tape;8,0;;P5;Alma;NO;1,152;1,2;
PT-AU88;AU1-11193;ACTR-01900-000;2;Plana;UD Tape;8,0;;P6;Alma;NO;1,152;1,21;
PT-AU88;AU1-11193;ACTR-01900-000;2;Plana;UD Tape;8,0;;P7;Alma;NO;1,152;1,23;
PT-AU88;AU1-11193;ACTR-01900-000;2;Plana;UD Tape;8,0;;P8;Alma;NO;1,152;1,24;
PT-AU88;AU1-11193;ACTR-01900-000;2;Plana;UD Tape;8,0;;P9;Alma;NO;1,152;1,22;
PT-AU88;AU1-11193;ACTR-01900-000;2;Plana;UD Tape;8,0;;P10;Alma;NO;1,152;1,25;
PT-AU88;AU1-11193;ACTR-01900-000;2;Plana;UD Tape;8,0;;P11;Alma;NO;1,152;1,2;
PT-AU88;AU1-11193;ACTR-01900-000;2;Plana;UD Tape;8,0;;P12;Alma;NO;1,152;1,23;
PT-AU88;AU1-11193;ACTR-01900-000;2;Plana;UD Tape;8,0;;P13;Alma;NO;1,152;1,27;
PT-AU88;AU1-11193;ACTR-01900-000;2;Plana;UD Tape;8,0;;P14;Alma;NO;1,152;1,17;
PT-AU88;AU1-11193;ACTR-01900-000;2;Plana;UD Tape;8,0;;P15;Alma;NO;1,152;1,16;
PT-AU88;AU1-11193;ACTR-01900-000;2;Plana;UD Tape;8,0;;P16;Alma;NO;1,152;1,17;
PT-AU88;AU1-11193;ACTR-01900-000;2;Plana;UD Tape;8,0;;P17;Alma;SI;1,215;1,42;
PT-AU88;AU1-11193;ACTR-01900-000;2;Plana;UD Tape;8,0;;P18;Alma;SI;1,215;1,14;
PT-AU88;AU1-11193;ACTR-01900-000;2;Plana;UD Tape;8,0;;P19;Alma;SI;1,215;1,26;
PT-AU88;AU1-11193;ACTR-01900-000;2;Plana;UD Tape;8,0;;P20;Alma;SI;1,215;1,34;
PT-AU88;AU1-11193;ACTR-01900-000;2;Plana;UD Tape;8,0;;P21;Alma;SI;1,215;1,32;
PT-AU88;AU1-11193;ACTR-01900-000;2;Plana;UD Tape;8,0;;P22;Alma;SI;1,215;1,33;
PT-AU88;AU1-11193;ACTR-01900-000;2;Plana;UD Tape;8,0;;P23;Alma;SI;1,215;1,23;
PT-AU88;AU1-11193;ACTR-01900-000;2;Plana;UD Tape;8,0;;P24;Alma;SI;1,215;1,29;
PT-AU88;AU1-11193;ACTR-01900-000;2;Plana;UD Tape;8,0;;P25;Alma;SI;1,215;1,23;
PT-AU88;AU1-11193;ACTR-01900-000;2;Plana;UD Tape;8,0;;P26;Alma;SI;1,215;1,35;
PT-AU88;AU1-11193;ACTR-01900-000;2;Plana;UD Tape;8,0;;P27;Alma;SI;1,215;1,33;
PT-AU88;AU1-11193;ACTR-01900-000;2;Plana;UD Tape;8,0;;P28;Alma;SI;1,215;1,33;
PT-AU88;AU1-11193;ACTR-01900-000;2;Plana;UD Tape;8,0;;P29;Alma;SI;1,215;1,25;
PT-AU88;AU1-11193;ACTR-01900-000;2;Plana;UD Tape;8,0;;P30;Alma;SI;1,215;1,22;
PT-AU88;AU1-11193;ACTR-01900-000;2;Plana;UD Tape;8,0;;P31;Alma;SI;1,215;1,22;
PT-AU88;AU1-11193;ACTR-01900-000;2;Plana;UD Tape;8,0;;P32;Alma;SI;1,215;1,23;
PT-AU88;AU1-11193;ACTR-01900-000;2;Plana;UD Tape;16,0;;P1;Alma;NO;2,304;2,42;
PT-AU88;AU1-11193;ACTR-01900-000;2;Plana;UD Tape;16,0;;P2;Alma;NO;2,304;2,55;
PT-AU88;AU1-11193;ACTR-01900-000;2;Plana;UD Tape;16,0;;P3;Alma;NO;2,304;2,47;
PT-AU88;AU1-11193;ACTR-01900-000;2;Plana;UD Tape;16,0;;P4;Alma;NO;2,304;2,72;
PT-AU88;AU1-11193;ACTR-01900-000;2;Plana;UD Tape;16,0;;P5;Alma;NO;2,304;2,5;
PT-AU88;AU1-11193;ACTR-01900-000;2;Plana;UD Tape;16,0;;P6;Alma;NO;2,304;2,6;
PT-AU88;AU1-11193;ACTR-01900-000;2;Plana;UD Tape;16,0;;P7;Alma;NO;2,304;2,47;
PT-AU88;AU1-11193;ACTR-01900-000;2;Plana;UD Tape;16,0;;P8;Alma;NO;2,304;2,63;
PT-AU88;AU1-11193;ACTR-01900-000;2;Plana;UD Tape;16,0;;P9;Alma;NO;2,304;2,44;
PT-AU88;AU1-11193;ACTR-01900-000;2;Plana;UD Tape;16,0;;P10;Alma;NO;2,304;2,55;
PT-AU88;AU1-11193;ACTR-01900-000;2;Plana;UD Tape;16,0;;P11;Alma;NO;2,304;2,49;
PT-AU88;AU1-11193;ACTR-01900-000;2;Plana;UD Tape;16,0;;P12;Alma;NO;2,304;2,65;
PT-AU88;AU1-11193;ACTR-01900-000;2;Plana;UD Tape;16,0;;P13;Alma;NO;2,304;2,52;
PT-AU88;AU1-11193;ACTR-01900-000;2;Plana;UD Tape;16,0;;P14;Alma;NO;2,304;2,5;
PT-AU88;AU1-11193;ACTR-01900-000;2;Plana;UD Tape;16,0;;P15;Alma;NO;2,304;2,6;
PT-AU88;AU1-11193;ACTR-01900-000;2;Plana;UD Tape;16,0;;P16;Alma;NO;2,304;2,55;
PT-AU88;AU1-11193;ACTR-01900-000;2;Plana;UD Tape;16,0;;P17;Alma;SI;2,367;2,72;
PT-AU88;AU1-11193;ACTR-01900-000;2;Plana;UD Tape;16,0;;P18;Alma;SI;2,367;2,6;
PT-AU88;AU1-11193;ACTR-01900-000;2;Plana;UD Tape;16,0;;P19;Alma;SI;2,367;2,6;
PT-AU88;AU1-11193;ACTR-01900-000;2;Plana;UD Tape;16,0;;P20;Alma;SI;2,367;2,53;
PT-AU88;AU1-11193;ACTR-01900-000;2;Plana;UD Tape;16,0;;P21;Alma;SI;2,367;2,55;
PT-AU88;AU1-11193;ACTR-01900-000;2;Plana;UD Tape;16,0;;P22;Alma;SI;2,367;2,52;
PT-AU88;AU1-11193;ACTR-01900-000;2;Plana;UD Tape;16,0;;P23;Alma;SI;2,367;2,59;
PT-AU88;AU1-11193;ACTR-01900-000;2;Plana;UD Tape;16,0;;P24;Alma;SI;2,367;2,52;
PT-AU88;AU1-11193;ACTR-01900-000;2;Plana;UD Tape;16,0;;P25;Alma;SI;2,367;2,54;
PT-AU88;AU1-11193;ACTR-01900-000;2;Plana;UD Tape;16,0;;P26;Alma;SI;2,367;2,61;
PT-AU88;AU1-11193;ACTR-01900-000;2;Plana;UD Tape;16,0;;P27;Alma;SI;2,367;2,54;
PT-AU88;AU1-11193;ACTR-01900-000;2;Plana;UD Tape;16,0;;P28;Alma;SI;2,367;2,54;
PT-AU88;AU1-11193;ACTR-01900-000;2;Plana;UD Tape;16,0;;P29;Alma;SI;2,367;2,61;
PT-AU88;AU1-11193;ACTR-01900-000;2;Plana;UD Tape;16,0;;P30;Alma;SI;2,367;2,55;
PT-AU88;AU1-11193;ACTR-01900-000;2;Plana;UD Tape;16,0;;P31;Alma;SI;2,367;2,53;
PT-AU88;AU1-11193;ACTR-01900-000;2;Plana;UD Tape;16,0;;P32;Alma;SI;2,367;2,48;
PT-AU88;AU1-11193;ACTR-01900-000;2;Plana;UD Tape;24,0;;P1;Alma;NO;3,456;3,72;
PT-AU88;AU1-11193;ACTR-01900-000;2;Plana;UD Tape;24,0;;P2;Alma;NO;3,456;3,58;
PT-AU88;AU1-11193;ACTR-01900-000;2;Plana;UD Tape;24,0;;P3;Alma;NO;3,456;3,71;
PT-AU88;AU1-11193;ACTR-01900-000;2;Plana;UD Tape;24,0;;P4;Alma;NO;3,456;3,73;
PT-AU88;AU1-11193;ACTR-01900-000;2;Plana;UD Tape;24,0;;P5;Alma;NO;3,456;3,74;
PT-AU88;AU1-11193;ACTR-01900-000;2;Plana;UD Tape;24,0;;P6;Alma;NO;3,456;3,62;
PT-AU88;AU1-11193;ACTR-01900-000;2;Plana;UD Tape;24,0;;P7;Alma;NO;3,456;3,67;
PT-AU88;AU1-11193;ACTR-01900-000;2;Plana;UD Tape;24,0;;P8;Alma;NO;3,456;3,67;
PT-AU88;AU1-11193;ACTR-01900-000;2;Plana;UD Tape;24,0;;P9;Alma;NO;3,456;3,66;
PT-AU88;AU1-11193;ACTR-01900-000;2;Plana;UD Tape;24,0;;P10;Alma;NO;3,456;3,66;
PT-AU88;AU1-11193;ACTR-01900-000;2;Plana;UD Tape;24,0;;P11;Alma;NO;3,456;3,88;
PT-AU88;AU1-11193;ACTR-01900-000;2;Plana;UD Tape;24,0;;P12;Alma;NO;3,456;3,71;
PT-AU88;AU1-11193;ACTR-01900-000;2;Plana;UD Tape;24,0;;P13;Alma;NO;3,456;3,61;
PT-AU88;AU1-11193;ACTR-01900-000;2;Plana;UD Tape;24,0;;P14;Alma;NO;3,456;3,64;
PT-AU88;AU1-11193;ACTR-01900-000;2;Plana;UD Tape;24,0;;P15;Alma;NO;3,456;3,86;
PT-AU88;AU1-11193;ACTR-01900-000;2;Plana;UD Tape;24,0;;P16;Alma;NO;3,456;3,9;
PT-AU88;AU1-11193;ACTR-01900-000;2;Plana;UD Tape;24,0;;P17;Alma;SI;3,519;4,0;
PT-AU88;AU1-11193;ACTR-01900-000;2;Plana;UD Tape;24,0;;P18;Alma;SI;3,519;3,72;
PT-AU88;AU1-11193;ACTR-01900-000;2;Plana;UD Tape;24,0;;P19;Alma;SI;3,519;3,75;
PT-AU88;AU1-11193;ACTR-01900-000;2;Plana;UD Tape;24,0;;P20;Alma;SI;3,519;3,87;
PT-AU88;AU1-11193;ACTR-01900-000;2;Plana;UD Tape;24,0;;P21;Alma;SI;3,519;4,02;
PT-AU88;AU1-11193;ACTR-01900-000;2;Plana;UD Tape;24,0;;P22;Alma;SI;3,519;3,99;
PT-AU88;AU1-11193;ACTR-01900-000;2;Plana;UD Tape;24,0;;P23;Alma;SI;3,519;3,9;
PT-AU88;AU1-11193;ACTR-01900-000;2;Plana;UD Tape;24,0;;P24;Alma;SI;3,519;3,9;
PT-AU88;AU1-11193;ACTR-01900-000;2;Plana;UD Tape;24,0;;P25;Alma;SI;3,519;3,9;
PT-AU88;AU1-11193;ACTR-01900-000;2;Plana;UD Tape;24,0;;P26;Alma;SI;3,519;3,96;
PT-AU88;AU1-11193;ACTR-01900-000;2;Plana;UD Tape;24,0;;P27;Alma;SI;3,519;3,92;
PT-AU88;AU1-11193;ACTR-01900-000;2;Plana;UD Tape;24,0;;P28;Alma;SI;3,519;3,94;
PT-AU88;AU1-11193;ACTR-01900-000;2;Plana;UD Tape;24,0;;P29;Alma;SI;3,519;3,94;
PT-AU88;AU1-11193;ACTR-01900-000;2;Plana;UD Tape;24,0;;P30;Alma;SI;3,519;3,94;
PT-AU88;AU1-11193;ACTR-01900-000;2;Plana;UD Tape;24,0;;P31;Alma;SI;3,519;3,94;
PT-AU88;AU1-11193;ACTR-01900-000;2;Plana;UD Tape;24,0;;P32;Alma;SI;3,519;3,94;
PT-AU88;AU1-11193;ACTR-01900-000;2;Plana;UD Tape;52,0;;P1;Alma;NO;7,488;7,54;
PT-AU88;AU1-11193;ACTR-01900-000;2;Plana;UD Tape;52,0;;P2;Alma;NO;7,488;7,61;
PT-AU88;AU1-11193;ACTR-01900-000;2;Plana;UD Tape;52,0;;P3;Alma;NO;7,488;7,45;
PT-AU88;AU1-11193;ACTR-01900-000;2;Plana;UD Tape;52,0;;P4;Alma;NO;7,488;7,45;
PT-AU88;AU1-11193;ACTR-01900-000;2;Plana;UD Tape;52,0;;P5;Alma;NO;7,488;7,47;
PT-AU88;AU1-11193;ACTR-01900-000;2;Plana;UD Tape;52,0;;P6;Alma;NO;7,488;7,47;
PT-AU88;AU1-11193;ACTR-01900-000;2;Plana;UD Tape;52,0;;P7;Alma;NO;7,488;8,01;
PT-AU88;AU1-11193;ACTR-01900-000;2;Plana;UD Tape;52,0;;P8;Alma;NO;7,488;8,01;
PT-AU88;AU1-11193;ACTR-01900-000;2;Plana;UD Tape;52,0;;P9;Alma;NO;7,488;8,05;
PT-AU88;AU1-11193;ACTR-01900-000;2;Plana;UD Tape;52,0;;P10;Alma;NO;7,488;8,45;
PT-AU88;AU1-11193;ACTR-01900-000;2;Plana;UD Tape;52,0;;P11;Alma;NO;7,488;8,48;
PT-AU88;AU1-11193;ACTR-01900-000;2;Plana;UD Tape;52,0;;P12;Alma;NO;7,488;8,48;
PT-AU88;AU1-11193;ACTR-01900-000;2;Plana;UD Tape;52,0;;P13;Alma;NO;7,488;7,46;
PT-AU88;AU1-11193;ACTR-01900-000;2;Plana;UD Tape;52,0;;P14;Alma;NO;7,488;7,48;
PT-AU88;AU1-11193;ACTR-01900-000;2;Plana;UD Tape;52,0;;P15;Alma;NO;7,488;8,18;
PT-AU88;AU1-11193;ACTR-01900-000;2;Plana;UD Tape;52,0;;P16;Alma;NO;7,488;8,43;
PT-AU88;AU1-11193;ACTR-01900-000;2;Plana;UD Tape;52,0;;P17;Alma;SI;7,551;7,76;
PT-AU88;AU1-11193;ACTR-01900-000;2;Plana;UD Tape;52,0;;P18;Alma;SI;7,551;7,74;
PT-AU88;AU1-11193;ACTR-01900-000;2;Plana;UD Tape;52,0;;P19;Alma;SI;7,551;7,76;
PT-AU88;AU1-11193;ACTR-01900-000;2;Plana;UD Tape;52,0;;P20;Alma;SI;7,551;8,58;
PT-AU88;AU1-11193;ACTR-01900-000;2;Plana;UD Tape;52,0;;P21;Alma;SI;7,551;8,58;
PT-AU88;AU1-11193;ACTR-01900-000;2;Plana;UD Tape;52,0;;P22;Alma;SI;7,551;7,69;
PT-AU88;AU1-11193;ACTR-01900-000;2;Plana;UD Tape;52,0;;P23;Alma;SI;7,551;7,92;
PT-AU88;AU1-11193;ACTR-01900-000;2;Plana;UD Tape;52,0;;P24;Alma;SI;7,551;8,23;
PT-AU88;AU1-11193;ACTR-01900-000;2;Plana;UD Tape;52,0;;P25;Alma;SI;7,551;8,23;
PT-AU88;AU1-11193;ACTR-01900-000;2;Plana;UD Tape;52,0;;P26;Alma;SI;7,551;8,14;
PT-AU88;AU1-11193;ACTR-01900-000;2;Plana;UD Tape;52,0;;P27;Alma;SI;7,551;8,14;
PT-AU88;AU1-11193;ACTR-01900-000;2;Plana;UD Tape;52,0;;P28;Alma;SI;7,551;8,04;
PT-AU88;AU1-11193;ACTR-01900-000;2;Plana;UD Tape;52,0;;P29;Alma;SI;7,551;8,26;
PT-AU88;AU1-11193;ACTR-01900-000;2;Plana;UD Tape;52,0;;P30;Alma;SI;7,551;8,26;
PT-AU88;AU1-11193;ACTR-01900-000;2;Plana;UD Tape;52,0;;P31;Alma;SI;7,551;8,26;
PT-AU88;AU1-11193;ACTR-01900-000;2;Plana;UD Tape;52,0;;P32;Alma;SI;7,551;7,98;
PT-AU88;AU1-11193;ACTR-01900-000;3;Plana;UD Tape;8,0;;P1;Alma;NO;1,152;1,48;
PT-AU88;AU1-11193;ACTR-01900-000;3;Plana;UD Tape;8,0;;P2;Alma;NO;1,152;1,45;
PT-AU88;AU1-11193;ACTR-01900-000;3;Plana;UD Tape;8,0;;P3;Alma;NO;1,152;1,45;
PT-AU88;AU1-11193;ACTR-01900-000;3;Plana;UD Tape;8,0;;P4;Alma;NO;1,152;1,42;
PT-AU88;AU1-11193;ACTR-01900-000;3;Plana;UD Tape;8,0;;P5;Alma;NO;1,152;1,47;
PT-AU88;AU1-11193;ACTR-01900-000;3;Plana;UD Tape;8,0;;P6;Alma;NO;1,152;1,48;
PT-AU88;AU1-11193;ACTR-01900-000;3;Plana;UD Tape;8,0;;P7;Alma;NO;1,152;1,48;
PT-AU88;AU1-11193;ACTR-01900-000;3;Plana;UD Tape;8,0;;P8;Alma;NO;1,152;1,48;
PT-AU88;AU1-11193;ACTR-01900-000;3;Plana;UD Tape;8,0;;P9;Alma;NO;1,152;1,42;
PT-AU88;AU1-11193;ACTR-01900-000;3;Plana;UD Tape;8,0;;P10;Alma;NO;1,152;1,5;
PT-AU88;AU1-11193;ACTR-01900-000;3;Plana;UD Tape;8,0;;P11;Alma;NO;1,152;1,48;
PT-AU88;AU1-11193;ACTR-01900-000;3;Plana;UD Tape;8,0;;P12;Alma;NO;1,152;1,47;
PT-AU88;AU1-11193;ACTR-01900-000;3;Plana;UD Tape;8,0;;P13;Alma;NO;1,152;1,47;
PT-AU88;AU1-11193;ACTR-01900-000;3;Plana;UD Tape;8,0;;P14;Alma;NO;1,152;1,4;
PT-AU88;AU1-11193;ACTR-01900-000;3;Plana;UD Tape;8,0;;P15;Alma;NO;1,152;1,47;
PT-AU88;AU1-11193;ACTR-01900-000;3;Plana;UD Tape;8,0;;P16;Alma;NO;1,152;1,4;
PT-AU88;AU1-11193;ACTR-01900-000;3;Plana;UD Tape;8,0;;P17;Alma;SI;1,215;1,33;
PT-AU88;AU1-11193;ACTR-01900-000;3;Plana;UD Tape;8,0;;P18;Alma;SI;1,215;1,37;
PT-AU88;AU1-11193;ACTR-01900-000;3;Plana;UD Tape;8,0;;P19;Alma;SI;1,215;1,37;
PT-AU88;AU1-11193;ACTR-01900-000;3;Plana;UD Tape;8,0;;P20;Alma;SI;1,215;1,32;
PT-AU88;AU1-11193;ACTR-01900-000;3;Plana;UD Tape;8,0;;P21;Alma;SI;1,215;1,38;
PT-AU88;AU1-11193;ACTR-01900-000;3;Plana;UD Tape;8,0;;P22;Alma;SI;1,215;1,43;
PT-AU88;AU1-11193;ACTR-01900-000;3;Plana;UD Tape;8,0;;P23;Alma;SI;1,215;1,41;
PT-AU88;AU1-11193;ACTR-01900-000;3;Plana;UD Tape;8,0;;P24;Alma;SI;1,215;1,37;
PT-AU88;AU1-11193;ACTR-01900-000;3;Plana;UD Tape;8,0;;P25;Alma;SI;1,215;1,37;
PT-AU88;AU1-11193;ACTR-01900-000;3;Plana;UD Tape;8,0;;P26;Alma;SI;1,215;1,31;
PT-AU88;AU1-11193;ACTR-01900-000;3;Plana;UD Tape;8,0;;P27;Alma;SI;1,215;1,34;
PT-AU88;AU1-11193;ACTR-01900-000;3;Plana;UD Tape;8,0;;P28;Alma;SI;1,215;1,34;
PT-AU88;AU1-11193;ACTR-01900-000;3;Plana;UD Tape;8,0;;P29;Alma;SI;1,215;1,27;
PT-AU88;AU1-11193;ACTR-01900-000;3;Plana;UD Tape;8,0;;P30;Alma;SI;1,215;1,25;
PT-AU88;AU1-11193;ACTR-01900-000;3;Plana;UD Tape;8,0;;P31;Alma;SI;1,215;1,25;
PT-AU88;AU1-11193;ACTR-01900-000;3;Plana;UD Tape;8,0;;P32;Alma;SI;1,215;1,29;
PT-AU88;AU1-11193;ACTR-01900-000;3;Plana;UD Tape;16,0;;P1;Alma;NO;2,304;2,64;
PT-AU88;AU1-11193;ACTR-01900-000;3;Plana;UD Tape;16,0;;P2;Alma;NO;2,304;2,6;
PT-AU88;AU1-11193;ACTR-01900-000;3;Plana;UD Tape;16,0;;P3;Alma;NO;2,304;2,63;
PT-AU88;AU1-11193;ACTR-01900-000;3;Plana;UD Tape;16,0;;P4;Alma;NO;2,304;2,63;
PT-AU88;AU1-11193;ACTR-01900-000;3;Plana;UD Tape;16,0;;P5;Alma;NO;2,304;2,57;
PT-AU88;AU1-11193;ACTR-01900-000;3;Plana;UD Tape;16,0;;P6;Alma;NO;2,304;2,57;
PT-AU88;AU1-11193;ACTR-01900-000;3;Plana;UD Tape;16,0;;P7;Alma;NO;2,304;2,56;
PT-AU88;AU1-11193;ACTR-01900-000;3;Plana;UD Tape;16,0;;P8;Alma;NO;2,304;2,58;
PT-AU88;AU1-11193;ACTR-01900-000;3;Plana;UD Tape;16,0;;P9;Alma;NO;2,304;2,52;
PT-AU88;AU1-11193;ACTR-01900-000;3;Plana;UD Tape;16,0;;P10;Alma;NO;2,304;2,61;
PT-AU88;AU1-11193;ACTR-01900-000;3;Plana;UD Tape;16,0;;P11;Alma;NO;2,304;2,6;
PT-AU88;AU1-11193;ACTR-01900-000;3;Plana;UD Tape;16,0;;P12;Alma;NO;2,304;2,74;
PT-AU88;AU1-11193;ACTR-01900-000;3;Plana;UD Tape;16,0;;P13;Alma;NO;2,304;2,43;
PT-AU88;AU1-11193;ACTR-01900-000;3;Plana;UD Tape;16,0;;P14;Alma;NO;2,304;2,52;
PT-AU88;AU1-11193;ACTR-01900-000;3;Plana;UD Tape;16,0;;P15;Alma;NO;2,304;2,58;
PT-AU88;AU1-11193;ACTR-01900-000;3;Plana;UD Tape;16,0;;P16;Alma;NO;2,304;2,56;
PT-AU88;AU1-11193;ACTR-01900-000;3;Plana;UD Tape;16,0;;P17;Alma;SI;2,367;2,85;
PT-AU88;AU1-11193;ACTR-01900-000;3;Plana;UD Tape;16,0;;P18;Alma;SI;2,367;2,78;
PT-AU88;AU1-11193;ACTR-01900-000;3;Plana;UD Tape;16,0;;P19;Alma;SI;2,367;2,58;
PT-AU88;AU1-11193;ACTR-01900-000;3;Plana;UD Tape;16,0;;P20;Alma;SI;2,367;2,52;
PT-AU88;AU1-11193;ACTR-01900-000;3;Plana;UD Tape;16,0;;P21;Alma;SI;2,367;2,76;
PT-AU88;AU1-11193;ACTR-01900-000;3;Plana;UD Tape;16,0;;P22;Alma;SI;2,367;2,76;
PT-AU88;AU1-11193;ACTR-01900-000;3;Plana;UD Tape;16,0;;P23;Alma;SI;2,367;2,63;
PT-AU88;AU1-11193;ACTR-01900-000;3;Plana;UD Tape;16,0;;P24;Alma;SI;2,367;2,5;
PT-AU88;AU1-11193;ACTR-01900-000;3;Plana;UD Tape;16,0;;P25;Alma;SI;2,367;2,84;
PT-AU88;AU1-11193;ACTR-01900-000;3;Plana;UD Tape;16,0;;P26;Alma;SI;2,367;2,74;
PT-AU88;AU1-11193;ACTR-01900-000;3;Plana;UD Tape;16,0;;P27;Alma;SI;2,367;2,6;
PT-AU88;AU1-11193;ACTR-01900-000;3;Plana;UD Tape;16,0;;P28;Alma;SI;2,367;2,51;
PT-AU88;AU1-11193;ACTR-01900-000;3;Plana;UD Tape;16,0;;P29;Alma;SI;2,367;2,95;
PT-AU88;AU1-11193;ACTR-01900-000;3;Plana;UD Tape;16,0;;P30;Alma;SI;2,367;2,87;
PT-AU88;AU1-11193;ACTR-01900-000;3;Plana;UD Tape;16,0;;P31;Alma;SI;2,367;2,68;
PT-AU88;AU1-11193;ACTR-01900-000;3;Plana;UD Tape;16,0;;P32;Alma;SI;2,367;2,53;
PT-AU88;AU1-11193;ACTR-01900-000;3;Plana;UD Tape;24,0;;P1;Alma;NO;3,456;3,76;
PT-AU88;AU1-11193;ACTR-01900-000;3;Plana;UD Tape;24,0;;P2;Alma;NO;3,456;3,8;
PT-AU88;AU1-11193;ACTR-01900-000;3;Plana;UD Tape;24,0;;P3;Alma;NO;3,456;3,85;
PT-AU88;AU1-11193;ACTR-01900-000;3;Plana;UD Tape;24,0;;P4;Alma;NO;3,456;3,84;
PT-AU88;AU1-11193;ACTR-01900-000;3;Plana;UD Tape;24,0;;P5;Alma;NO;3,456;3,78;
PT-AU88;AU1-11193;ACTR-01900-000;3;Plana;UD Tape;24,0;;P6;Alma;NO;3,456;3,82;
PT-AU88;AU1-11193;ACTR-01900-000;3;Plana;UD Tape;24,0;;P7;Alma;NO;3,456;3,85;
PT-AU88;AU1-11193;ACTR-01900-000;3;Plana;UD Tape;24,0;;P8;Alma;NO;3,456;3,85;
PT-AU88;AU1-11193;ACTR-01900-000;3;Plana;UD Tape;24,0;;P9;Alma;NO;3,456;3,86;
PT-AU88;AU1-11193;ACTR-01900-000;3;Plana;UD Tape;24,0;;P10;Alma;NO;3,456;3,64;
PT-AU88;AU1-11193;ACTR-01900-000;3;Plana;UD Tape;24,0;;P11;Alma;NO;3,456;3,72;
PT-AU88;AU1-11193;ACTR-01900-000;3;Plana;UD Tape;24,0;;P12;Alma;NO;3,456;3,94;
PT-AU88;AU1-11193;ACTR-01900-000;3;Plana;UD Tape;24,0;;P13;Alma;NO;3,456;3,72;
PT-AU88;AU1-11193;ACTR-01900-000;3;Plana;UD Tape;24,0;;P14;Alma;NO;3,456;3,73;
PT-AU88;AU1-11193;ACTR-01900-000;3;Plana;UD Tape;24,0;;P15;Alma;NO;3,456;3,83;
PT-AU88;AU1-11193;ACTR-01900-000;3;Plana;UD Tape;24,0;;P16;Alma;NO;3,456;3,82;
PT-AU88;AU1-11193;ACTR-01900-000;3;Plana;UD Tape;24,0;;P17;Alma;SI;3,519;3,88;
PT-AU88;AU1-11193;ACTR-01900-000;3;Plana;UD Tape;24,0;;P18;Alma;SI;3,519;3,94;
PT-AU88;AU1-11193;ACTR-01900-000;3;Plana;UD Tape;24,0;;P19;Alma;SI;3,519;3,82;
PT-AU88;AU1-11193;ACTR-01900-000;3;Plana;UD Tape;24,0;;P20;Alma;SI;3,519;3,81;
PT-AU88;AU1-11193;ACTR-01900-000;3;Plana;UD Tape;24,0;;P21;Alma;SI;3,519;3,98;
PT-AU88;AU1-11193;ACTR-01900-000;3;Plana;UD Tape;24,0;;P22;Alma;SI;3,519;3,98;
PT-AU88;AU1-11193;ACTR-01900-000;3;Plana;UD Tape;24,0;;P23;Alma;SI;3,519;3,85;
PT-AU88;AU1-11193;ACTR-01900-000;3;Plana;UD Tape;24,0;;P24;Alma;SI;3,519;3,7;
PT-AU88;AU1-11193;ACTR-01900-000;3;Plana;UD Tape;24,0;;P25;Alma;SI;3,519;3,93;
PT-AU88;AU1-11193;ACTR-01900-000;3;Plana;UD Tape;24,0;;P26;Alma;SI;3,519;3,86;
PT-AU88;AU1-11193;ACTR-01900-000;3;Plana;UD Tape;24,0;;P27;Alma;SI;3,519;3,77;
PT-AU88;AU1-11193;ACTR-01900-000;3;Plana;UD Tape;24,0;;P28;Alma;SI;3,519;3,78;
PT-AU88;AU1-11193;ACTR-01900-000;3;Plana;UD Tape;24,0;;P29;Alma;SI;3,519;3,83;
PT-AU88;AU1-11193;ACTR-01900-000;3;Plana;UD Tape;24,0;;P30;Alma;SI;3,519;3,88;
PT-AU88;AU1-11193;ACTR-01900-000;3;Plana;UD Tape;24,0;;P31;Alma;SI;3,519;3,72;
PT-AU88;AU1-11193;ACTR-01900-000;3;Plana;UD Tape;24,0;;P32;Alma;SI;3,519;3,7;
PT-AU88;AU1-11193;ACTR-01900-000;3;Plana;UD Tape;52,0;;P1;Alma;NO;7,488;7,41;
PT-AU88;AU1-11193;ACTR-01900-000;3;Plana;UD Tape;52,0;;P2;Alma;NO;7,488;7,55;
PT-AU88;AU1-11193;ACTR-01900-000;3;Plana;UD Tape;52,0;;P3;Alma;NO;7,488;7,59;
PT-AU88;AU1-11193;ACTR-01900-000;3;Plana;UD Tape;52,0;;P4;Alma;NO;7,488;7,67;
PT-AU88;AU1-11193;ACTR-01900-000;3;Plana;UD Tape;52,0;;P5;Alma;NO;7,488;7,65;
PT-AU88;AU1-11193;ACTR-01900-000;3;Plana;UD Tape;52,0;;P6;Alma;NO;7,488;7,78;
PT-AU88;AU1-11193;ACTR-01900-000;3;Plana;UD Tape;52,0;;P7;Alma;NO;7,488;7,82;
PT-AU88;AU1-11193;ACTR-01900-000;3;Plana;UD Tape;52,0;;P8;Alma;NO;7,488;7,87;
PT-AU88;AU1-11193;ACTR-01900-000;3;Plana;UD Tape;52,0;;P9;Alma;NO;7,488;7,7;
PT-AU88;AU1-11193;ACTR-01900-000;3;Plana;UD Tape;52,0;;P10;Alma;NO;7,488;7,98;
PT-AU88;AU1-11193;ACTR-01900-000;3;Plana;UD Tape;52,0;;P11;Alma;NO;7,488;7,99;
PT-AU88;AU1-11193;ACTR-01900-000;3;Plana;UD Tape;52,0;;P12;Alma;NO;7,488;8,06;
PT-AU88;AU1-11193;ACTR-01900-000;3;Plana;UD Tape;52,0;;P13;Alma;NO;7,488;7,8;
PT-AU88;AU1-11193;ACTR-01900-000;3;Plana;UD Tape;52,0;;P14;Alma;NO;7,488;7,93;
PT-AU88;AU1-11193;ACTR-01900-000;3;Plana;UD Tape;52,0;;P15;Alma;NO;7,488;8,02;
PT-AU88;AU1-11193;ACTR-01900-000;3;Plana;UD Tape;52,0;;P16;Alma;NO;7,488;8,1;
PT-AU88;AU1-11193;ACTR-01900-000;3;Plana;UD Tape;52,0;;P17;Alma;SI;7,551;7,68;
PT-AU88;AU1-11193;ACTR-01900-000;3;Plana;UD Tape;52,0;;P18;Alma;SI;7,551;7,72;
PT-AU88;AU1-11193;ACTR-01900-000;3;Plana;UD Tape;52,0;;P19;Alma;SI;7,551;7,58;
PT-AU88;AU1-11193;ACTR-01900-000;3;Plana;UD Tape;52,0;;P20;Alma;SI;7,551;7,56;
PT-AU88;AU1-11193;ACTR-01900-000;3;Plana;UD Tape;52,0;;P21;Alma;SI;7,551;7,92;
PT-AU88;AU1-11193;ACTR-01900-000;3;Plana;UD Tape;52,0;;P22;Alma;SI;7,551;7,94;
PT-AU88;AU1-11193;ACTR-01900-000;3;Plana;UD Tape;52,0;;P23;Alma;SI;7,551;7,74;
PT-AU88;AU1-11193;ACTR-01900-000;3;Plana;UD Tape;52,0;;P24;Alma;SI;7,551;7,79;
PT-AU88;AU1-11193;ACTR-01900-000;3;Plana;UD Tape;52,0;;P25;Alma;SI;7,551;8,09;
PT-AU88;AU1-11193;ACTR-01900-000;3;Plana;UD Tape;52,0;;P26;Alma;SI;7,551;8,09;
PT-AU88;AU1-11193;ACTR-01900-000;3;Plana;UD Tape;52,0;;P27;Alma;SI;7,551;8,02;
PT-AU88;AU1-11193;ACTR-01900-000;3;Plana;UD Tape;52,0;;P28;Alma;SI;7,551;7,99;
PT-AU88;AU1-11193;ACTR-01900-000;3;Plana;UD Tape;52,0;;P29;Alma;SI;7,551;8,2;
PT-AU88;AU1-11193;ACTR-01900-000;3;Plana;UD Tape;52,0;;P30;Alma;SI;7,551;8,2;
PT-AU88;AU1-11193;ACTR-01900-000;3;Plana;UD Tape;52,0;;P31;Alma;SI;7,551;8,07;
PT-AU88;AU1-11193;ACTR-01900-000;3;Plana;UD Tape;52,0;;P32;Alma;SI;7,551;7,98;
PT-AU57;AU3-3421;ACTR-01900-000;4;Plana;UD Tape;8,0;;P1;Alma;NO;1,152;1,22;
PT-AU57;AU3-3421;ACTR-01900-000;4;Plana;UD Tape;8,0;;P2;Alma;NO;1,152;1,25;
PT-AU57;AU3-3421;ACTR-01900-000;4;Plana;UD Tape;8,0;;P3;Alma;NO;1,152;1,23;
PT-AU57;AU3-3421;ACTR-01900-000;4;Plana;UD Tape;8,0;;P4;Alma;NO;1,152;1,24;
PT-AU57;AU3-3421;ACTR-01900-000;4;Plana;UD Tape;8,0;;P5;Alma;NO;1,152;1,15;
PT-AU57;AU3-3421;ACTR-01900-000;4;Plana;UD Tape;8,0;;P6;Alma;NO;1,152;1,22;
PT-AU57;AU3-3421;ACTR-01900-000;4;Plana;UD Tape;8,0;;P7;Alma;NO;1,152;1,22;
PT-AU57;AU3-3421;ACTR-01900-000;4;Plana;UD Tape;8,0;;P8;Alma;NO;1,152;1,19;
PT-AU57;AU3-3421;ACTR-01900-000;4;Plana;UD Tape;8,0;;P9;Alma;NO;1,152;1,12;
PT-AU57;AU3-3421;ACTR-01900-000;4;Plana;UD Tape;8,0;;P10;Alma;NO;1,152;1,18;
PT-AU57;AU3-3421;ACTR-01900-000;4;Plana;UD Tape;8,0;;P11;Alma;NO;1,152;1,14;
PT-AU57;AU3-3421;ACTR-01900-000;4;Plana;UD Tape;8,0;;P12;Alma;NO;1,152;1,21;
PT-AU57;AU3-3421;ACTR-01900-000;4;Plana;UD Tape;8,0;;P13;Alma;NO;1,152;1,13;
PT-AU57;AU3-3421;ACTR-01900-000;4;Plana;UD Tape;8,0;;P14;Alma;NO;1,152;1,18;
PT-AU57;AU3-3421;ACTR-01900-000;4;Plana;UD Tape;8,0;;P15;Alma;NO;1,152;1,14;
PT-AU57;AU3-3421;ACTR-01900-000;4;Plana;UD Tape;8,0;;P16;Alma;NO;1,152;1,18;
PT-AU57;AU3-3421;ACTR-01900-000;4;Plana;UD Tape;8,0;;P17;Alma;SI;1,215;1,27;
PT-AU57;AU3-3421;ACTR-01900-000;4;Plana;UD Tape;8,0;;P18;Alma;SI;1,215;1,28;
PT-AU57;AU3-3421;ACTR-01900-000;4;Plana;UD Tape;8,0;;P19;Alma;SI;1,215;1,23;
PT-AU57;AU3-3421;ACTR-01900-000;4;Plana;UD Tape;8,0;;P20;Alma;SI;1,215;1,2;
PT-AU57;AU3-3421;ACTR-01900-000;4;Plana;UD Tape;8,0;;P21;Alma;SI;1,215;1,33;
PT-AU57;AU3-3421;ACTR-01900-000;4;Plana;UD Tape;8,0;;P22;Alma;SI;1,215;1,27;
PT-AU57;AU3-3421;ACTR-01900-000;4;Plana;UD Tape;8,0;;P23;Alma;SI;1,215;1,24;
PT-AU57;AU3-3421;ACTR-01900-000;4;Plana;UD Tape;8,0;;P24;Alma;SI;1,215;1,23;
PT-AU57;AU3-3421;ACTR-01900-000;4;Plana;UD Tape;8,0;;P25;Alma;SI;1,215;1,34;
PT-AU57;AU3-3421;ACTR-01900-000;4;Plana;UD Tape;8,0;;P26;Alma;SI;1,215;1,26;
PT-AU57;AU3-3421;ACTR-01900-000;4;Plana;UD Tape;8,0;;P27;Alma;SI;1,215;1,23;
PT-AU57;AU3-3421;ACTR-01900-000;4;Plana;UD Tape;8,0;;P28;Alma;SI;1,215;1,16;
PT-AU57;AU3-3421;ACTR-01900-000;4;Plana;UD Tape;8,0;;P29;Alma;SI;1,215;1,18;
PT-AU57;AU3-3421;ACTR-01900-000;4;Plana;UD Tape;8,0;;P30;Alma;SI;1,215;1,2;
PT-AU57;AU3-3421;ACTR-01900-000;4;Plana;UD Tape;8,0;;P31;Alma;SI;1,215;1,16;
PT-AU57;AU3-3421;ACTR-01900-000;4;Plana;UD Tape;8,0;;P32;Alma;SI;1,215;1,12;
PT-AU57;AU3-3421;ACTR-01900-000;4;Plana;UD Tape;16,0;;P1;Alma;NO;2,304;2,33;
PT-AU57;AU3-3421;ACTR-01900-000;4;Plana;UD Tape;16,0;;P2;Alma;NO;2,304;2,38;
PT-AU57;AU3-3421;ACTR-01900-000;4;Plana;UD Tape;16,0;;P3;Alma;NO;2,304;2,48;
PT-AU57;AU3-3421;ACTR-01900-000;4;Plana;UD Tape;16,0;;P4;Alma;NO;2,304;2,52;
PT-AU57;AU3-3421;ACTR-01900-000;4;Plana;UD Tape;16,0;;P5;Alma;NO;2,304;2,37;
PT-AU57;AU3-3421;ACTR-01900-000;4;Plana;UD Tape;16,0;;P6;Alma;NO;2,304;2,44;
PT-AU57;AU3-3421;ACTR-01900-000;4;Plana;UD Tape;16,0;;P7;Alma;NO;2,304;2,6;
PT-AU57;AU3-3421;ACTR-01900-000;4;Plana;UD Tape;16,0;;P8;Alma;NO;2,304;2,62;
PT-AU57;AU3-3421;ACTR-01900-000;4;Plana;UD Tape;16,0;;P9;Alma;NO;2,304;2,34;
PT-AU57;AU3-3421;ACTR-01900-000;4;Plana;UD Tape;16,0;;P10;Alma;NO;2,304;2,45;
PT-AU57;AU3-3421;ACTR-01900-000;4;Plana;UD Tape;16,0;;P11;Alma;NO;2,304;2,52;
PT-AU57;AU3-3421;ACTR-01900-000;4;Plana;UD Tape;16,0;;P12;Alma;NO;2,304;2,56;
PT-AU57;AU3-3421;ACTR-01900-000;4;Plana;UD Tape;16,0;;P13;Alma;NO;2,304;2,27;
PT-AU57;AU3-3421;ACTR-01900-000;4;Plana;UD Tape;16,0;;P14;Alma;NO;2,304;2,39;
PT-AU57;AU3-3421;ACTR-01900-000;4;Plana;UD Tape;16,0;;P15;Alma;NO;2,304;2,46;
PT-AU57;AU3-3421;ACTR-01900-000;4;Plana;UD Tape;16,0;;P16;Alma;NO;2,304;2,49;
PT-AU57;AU3-3421;ACTR-01900-000;4;Plana;UD Tape;16,0;;P17;Alma;SI;2,367;2,47;
PT-AU57;AU3-3421;ACTR-01900-000;4;Plana;UD Tape;16,0;;P18;Alma;SI;2,367;2,61;
PT-AU57;AU3-3421;ACTR-01900-000;4;Plana;UD Tape;16,0;;P19;Alma;SI;2,367;2,48;
PT-AU57;AU3-3421;ACTR-01900-000;4;Plana;UD Tape;16,0;;P20;Alma;SI;2,367;2,4;
PT-AU57;AU3-3421;ACTR-01900-000;4;Plana;UD Tape;16,0;;P21;Alma;SI;2,367;2,6;
PT-AU57;AU3-3421;ACTR-01900-000;4;Plana;UD Tape;16,0;;P22;Alma;SI;2,367;2,52;
PT-AU57;AU3-3421;ACTR-01900-000;4;Plana;UD Tape;16,0;;P23;Alma;SI;2,367;2,53;
PT-AU57;AU3-3421;ACTR-01900-000;4;Plana;UD Tape;16,0;;P24;Alma;SI;2,367;2,36;
PT-AU57;AU3-3421;ACTR-01900-000;4;Plana;UD Tape;16,0;;P25;Alma;SI;2,367;2,6;
PT-AU57;AU3-3421;ACTR-01900-000;4;Plana;UD Tape;16,0;;P26;Alma;SI;2,367;2,6;
PT-AU57;AU3-3421;ACTR-01900-000;4;Plana;UD Tape;16,0;;P27;Alma;SI;2,367;2,51;
PT-AU57;AU3-3421;ACTR-01900-000;4;Plana;UD Tape;16,0;;P28;Alma;SI;2,367;2,43;
PT-AU57;AU3-3421;ACTR-01900-000;4;Plana;UD Tape;16,0;;P29;Alma;SI;2,367;2,53;
PT-AU57;AU3-3421;ACTR-01900-000;4;Plana;UD Tape;16,0;;P30;Alma;SI;2,367;2,44;
PT-AU57;AU3-3421;ACTR-01900-000;4;Plana;UD Tape;16,0;;P31;Alma;SI;2,367;2,41;
PT-AU57;AU3-3421;ACTR-01900-000;4;Plana;UD Tape;16,0;;P32;Alma;SI;2,367;2,34;
PT-AU57;AU3-3421;ACTR-01900-000;4;Plana;UD Tape;24,0;;P1;Alma;NO;3,456;3,42;
PT-AU57;AU3-3421;ACTR-01900-000;4;Plana;UD Tape;24,0;;P2;Alma;NO;3,456;3,48;
PT-AU57;AU3-3421;ACTR-01900-000;4;Plana;UD Tape;24,0;;P3;Alma;NO;3,456;3,4;
PT-AU57;AU3-3421;ACTR-01900-000;4;Plana;UD Tape;24,0;;P4;Alma;NO;3,456;3,45;
PT-AU57;AU3-3421;ACTR-01900-000;4;Plana;UD Tape;24,0;;P5;Alma;NO;3,456;3,46;
PT-AU57;AU3-3421;ACTR-01900-000;4;Plana;UD Tape;24,0;;P6;Alma;NO;3,456;3,64;
PT-AU57;AU3-3421;ACTR-01900-000;4;Plana;UD Tape;24,0;;P7;Alma;NO;3,456;3,65;
PT-AU57;AU3-3421;ACTR-01900-000;4;Plana;UD Tape;24,0;;P8;Alma;NO;3,456;3,71;
PT-AU57;AU3-3421;ACTR-01900-000;4;Plana;UD Tape;24,0;;P9;Alma;NO;3,456;3,45;
PT-AU57;AU3-3421;ACTR-01900-000;4;Plana;UD Tape;24,0;;P10;Alma;NO;3,456;3,53;
PT-AU57;AU3-3421;ACTR-01900-000;4;Plana;UD Tape;24,0;;P11;Alma;NO;3,456;3,62;
PT-AU57;AU3-3421;ACTR-01900-000;4;Plana;UD Tape;24,0;;P12;Alma;NO;3,456;3,62;
PT-AU57;AU3-3421;ACTR-01900-000;4;Plana;UD Tape;24,0;;P13;Alma;NO;3,456;3,4;
PT-AU57;AU3-3421;ACTR-01900-000;4;Plana;UD Tape;24,0;;P14;Alma;NO;3,456;3,57;
PT-AU57;AU3-3421;ACTR-01900-000;4;Plana;UD Tape;24,0;;P15;Alma;NO;3,456;3,78;
PT-AU57;AU3-3421;ACTR-01900-000;4;Plana;UD Tape;24,0;;P16;Alma;NO;3,456;3,74;
PT-AU57;AU3-3421;ACTR-01900-000;4;Plana;UD Tape;24,0;;P17;Alma;SI;3,519;3,46;
PT-AU57;AU3-3421;ACTR-01900-000;4;Plana;UD Tape;24,0;;P18;Alma;SI;3,519;3,58;
PT-AU57;AU3-3421;ACTR-01900-000;4;Plana;UD Tape;24,0;;P19;Alma;SI;3,519;3,58;
PT-AU57;AU3-3421;ACTR-01900-000;4;Plana;UD Tape;24,0;;P20;Alma;SI;3,519;3,55;
PT-AU57;AU3-3421;ACTR-01900-000;4;Plana;UD Tape;24,0;;P21;Alma;SI;3,519;3,6;
PT-AU57;AU3-3421;ACTR-01900-000;4;Plana;UD Tape;24,0;;P22;Alma;SI;3,519;3,65;
PT-AU57;AU3-3421;ACTR-01900-000;4;Plana;UD Tape;24,0;;P23;Alma;SI;3,519;3,62;
PT-AU57;AU3-3421;ACTR-01900-000;4;Plana;UD Tape;24,0;;P24;Alma;SI;3,519;3,5;
PT-AU57;AU3-3421;ACTR-01900-000;4;Plana;UD Tape;24,0;;P25;Alma;SI;3,519;3,66;
PT-AU57;AU3-3421;ACTR-01900-000;4;Plana;UD Tape;24,0;;P26;Alma;SI;3,519;3,68;
PT-AU57;AU3-3421;ACTR-01900-000;4;Plana;UD Tape;24,0;;P27;Alma;SI;3,519;3,69;
PT-AU57;AU3-3421;ACTR-01900-000;4;Plana;UD Tape;24,0;;P28;Alma;SI;3,519;3,49;
PT-AU57;AU3-3421;ACTR-01900-000;4;Plana;UD Tape;24,0;;P29;Alma;SI;3,519;3,6;
PT-AU57;AU3-3421;ACTR-01900-000;4;Plana;UD Tape;24,0;;P30;Alma;SI;3,519;3,74;
PT-AU57;AU3-3421;ACTR-01900-000;4;Plana;UD Tape;24,0;;P31;Alma;SI;3,519;3,74;
PT-AU57;AU3-3421;ACTR-01900-000;4;Plana;UD Tape;24,0;;P32;Alma;SI;3,519;3,51;
PT-AU57;AU3-3421;ACTR-01900-000;4;Plana;UD Tape;52,0;;P1;Alma;NO;7,488;7,13;
PT-AU57;AU3-3421;ACTR-01900-000;4;Plana;UD Tape;52,0;;P2;Alma;NO;7,488;7,29;
PT-AU57;AU3-3421;ACTR-01900-000;4;Plana;UD Tape;52,0;;P3;Alma;NO;7,488;7,31;
PT-AU57;AU3-3421;ACTR-01900-000;4;Plana;UD Tape;52,0;;P4;Alma;NO;7,488;7,31;
PT-AU57;AU3-3421;ACTR-01900-000;4;Plana;UD Tape;52,0;;P5;Alma;NO;7,488;7,41;
PT-AU57;AU3-3421;ACTR-01900-000;4;Plana;UD Tape;52,0;;P6;Alma;NO;7,488;7,42;
PT-AU57;AU3-3421;ACTR-01900-000;4;Plana;UD Tape;52,0;;P7;Alma;NO;7,488;7,45;
PT-AU57;AU3-3421;ACTR-01900-000;4;Plana;UD Tape;52,0;;P8;Alma;NO;7,488;7,5;
PT-AU57;AU3-3421;ACTR-01900-000;4;Plana;UD Tape;52,0;;P9;Alma;NO;7,488;7,29;
PT-AU57;AU3-3421;ACTR-01900-000;4;Plana;UD Tape;52,0;;P10;Alma;NO;7,488;7,44;
PT-AU57;AU3-3421;ACTR-01900-000;4;Plana;UD Tape;52,0;;P11;Alma;NO;7,488;7,44;
PT-AU57;AU3-3421;ACTR-01900-000;4;Plana;UD Tape;52,0;;P12;Alma;NO;7,488;7,55;
PT-AU57;AU3-3421;ACTR-01900-000;4;Plana;UD Tape;52,0;;P13;Alma;NO;7,488;7,41;
PT-AU57;AU3-3421;ACTR-01900-000;4;Plana;UD Tape;52,0;;P14;Alma;NO;7,488;7,53;
PT-AU57;AU3-3421;ACTR-01900-000;4;Plana;UD Tape;52,0;;P15;Alma;NO;7,488;7,6;
PT-AU57;AU3-3421;ACTR-01900-000;4;Plana;UD Tape;52,0;;P16;Alma;NO;7,488;7,6;
PT-AU57;AU3-3421;ACTR-01900-000;4;Plana;UD Tape;52,0;;P17;Alma;SI;7,551;7,39;
PT-AU57;AU3-3421;ACTR-01900-000;4;Plana;UD Tape;52,0;;P18;Alma;SI;7,551;7,38;
PT-AU57;AU3-3421;ACTR-01900-000;4;Plana;UD Tape;52,0;;P19;Alma;SI;7,551;7,27;
PT-AU57;AU3-3421;ACTR-01900-000;4;Plana;UD Tape;52,0;;P20;Alma;SI;7,551;7,28;
PT-AU57;AU3-3421;ACTR-01900-000;4;Plana;UD Tape;52,0;;P21;Alma;SI;7,551;7,62;
PT-AU57;AU3-3421;ACTR-01900-000;4;Plana;UD Tape;52,0;;P22;Alma;SI;7,551;7,59;
PT-AU57;AU3-3421;ACTR-01900-000;4;Plana;UD Tape;52,0;;P23;Alma;SI;7,551;7,49;
PT-AU57;AU3-3421;ACTR-01900-000;4;Plana;UD Tape;52,0;;P24;Alma;SI;7,551;7,39;
PT-AU57;AU3-3421;ACTR-01900-000;4;Plana;UD Tape;52,0;;P25;Alma;SI;7,551;7,62;
PT-AU57;AU3-3421;ACTR-01900-000;4;Plana;UD Tape;52,0;;P26;Alma;SI;7,551;7,67;
PT-AU57;AU3-3421;ACTR-01900-000;4;Plana;UD Tape;52,0;;P27;Alma;SI;7,551;7,58;
PT-AU57;AU3-3421;ACTR-01900-000;4;Plana;UD Tape;52,0;;P28;Alma;SI;7,551;7,43;
PT-AU57;AU3-3421;ACTR-01900-000;4;Plana;UD Tape;52,0;;P29;Alma;SI;7,551;7,65;
PT-AU57;AU3-3421;ACTR-01900-000;4;Plana;UD Tape;52,0;;P30;Alma;SI;7,551;7,68;
PT-AU57;AU3-3421;ACTR-01900-000;4;Plana;UD Tape;52,0;;P31;Alma;SI;7,551;7,59;
PT-AU57;AU3-3421;ACTR-01900-000;4;Plana;UD Tape;52,0;;P32;Alma;SI;7,551;7,5;
PT-AU57;AU3-3421;ACTR-01900-000;5;Plana;UD Tape;8,0;;P1;Alma;NO;1,152;1,16;
PT-AU57;AU3-3421;ACTR-01900-000;5;Plana;UD Tape;8,0;;P2;Alma;NO;1,152;1,21;
PT-AU57;AU3-3421;ACTR-01900-000;5;Plana;UD Tape;8,0;;P3;Alma;NO;1,152;1,27;
PT-AU57;AU3-3421;ACTR-01900-000;5;Plana;UD Tape;8,0;;P4;Alma;NO;1,152;1,28;
PT-AU57;AU3-3421;ACTR-01900-000;5;Plana;UD Tape;8,0;;P5;Alma;NO;1,152;1,12;
PT-AU57;AU3-3421;ACTR-01900-000;5;Plana;UD Tape;8,0;;P6;Alma;NO;1,152;1,18;
PT-AU57;AU3-3421;ACTR-01900-000;5;Plana;UD Tape;8,0;;P7;Alma;NO;1,152;1,16;
PT-AU57;AU3-3421;ACTR-01900-000;5;Plana;UD Tape;8,0;;P8;Alma;NO;1,152;1,19;
PT-AU57;AU3-3421;ACTR-01900-000;5;Plana;UD Tape;8,0;;P9;Alma;NO;1,152;1,17;
PT-AU57;AU3-3421;ACTR-01900-000;5;Plana;UD Tape;8,0;;P10;Alma;NO;1,152;1,22;
PT-AU57;AU3-3421;ACTR-01900-000;5;Plana;UD Tape;8,0;;P11;Alma;NO;1,152;1,2;
PT-AU57;AU3-3421;ACTR-01900-000;5;Plana;UD Tape;8,0;;P12;Alma;NO;1,152;1,31;
PT-AU57;AU3-3421;ACTR-01900-000;5;Plana;UD Tape;8,0;;P13;Alma;NO;1,152;1,1;
PT-AU57;AU3-3421;ACTR-01900-000;5;Plana;UD Tape;8,0;;P14;Alma;NO;1,152;1,11;
PT-AU57;AU3-3421;ACTR-01900-000;5;Plana;UD Tape;8,0;;P15;Alma;NO;1,152;1,16;
PT-AU57;AU3-3421;ACTR-01900-000;5;Plana;UD Tape;8,0;;P16;Alma;NO;1,152;1,15;
PT-AU57;AU3-3421;ACTR-01900-000;5;Plana;UD Tape;8,0;;P17;Alma;SI;1,215;1,31;
PT-AU57;AU3-3421;ACTR-01900-000;5;Plana;UD Tape;8,0;;P18;Alma;SI;1,215;1,35;
PT-AU57;AU3-3421;ACTR-01900-000;5;Plana;UD Tape;8,0;;P19;Alma;SI;1,215;1,28;
PT-AU57;AU3-3421;ACTR-01900-000;5;Plana;UD Tape;8,0;;P20;Alma;SI;1,215;1,24;
PT-AU57;AU3-3421;ACTR-01900-000;5;Plana;UD Tape;8,0;;P21;Alma;SI;1,215;1,29;
PT-AU57;AU3-3421;ACTR-01900-000;5;Plana;UD Tape;8,0;;P22;Alma;SI;1,215;1,33;
PT-AU57;AU3-3421;ACTR-01900-000;5;Plana;UD Tape;8,0;;P23;Alma;SI;1,215;1,3;
PT-AU57;AU3-3421;ACTR-01900-000;5;Plana;UD Tape;8,0;;P24;Alma;SI;1,215;1,2;
PT-AU57;AU3-3421;ACTR-01900-000;5;Plana;UD Tape;8,0;;P25;Alma;SI;1,215;1,31;
PT-AU57;AU3-3421;ACTR-01900-000;5;Plana;UD Tape;8,0;;P26;Alma;SI;1,215;1,32;
PT-AU57;AU3-3421;ACTR-01900-000;5;Plana;UD Tape;8,0;;P27;Alma;SI;1,215;1,34;
PT-AU57;AU3-3421;ACTR-01900-000;5;Plana;UD Tape;8,0;;P28;Alma;SI;1,215;1,25;
PT-AU57;AU3-3421;ACTR-01900-000;5;Plana;UD Tape;8,0;;P29;Alma;SI;1,215;1,24;
PT-AU57;AU3-3421;ACTR-01900-000;5;Plana;UD Tape;8,0;;P30;Alma;SI;1,215;1,19;
PT-AU57;AU3-3421;ACTR-01900-000;5;Plana;UD Tape;8,0;;P31;Alma;SI;1,215;1,24;
PT-AU57;AU3-3421;ACTR-01900-000;5;Plana;UD Tape;8,0;;P32;Alma;SI;1,215;1,2;
PT-AU57;AU3-3421;ACTR-01900-000;5;Plana;UD Tape;16,0;;P1;Alma;NO;2,304;2,4;
PT-AU57;AU3-3421;ACTR-01900-000;5;Plana;UD Tape;16,0;;P2;Alma;NO;2,304;2,48;
PT-AU57;AU3-3421;ACTR-01900-000;5;Plana;UD Tape;16,0;;P3;Alma;NO;2,304;2,64;
PT-AU57;AU3-3421;ACTR-01900-000;5;Plana;UD Tape;16,0;;P4;Alma;NO;2,304;2,58;
PT-AU57;AU3-3421;ACTR-01900-000;5;Plana;UD Tape;16,0;;P5;Alma;NO;2,304;2,32;
PT-AU57;AU3-3421;ACTR-01900-000;5;Plana;UD Tape;16,0;;P6;Alma;NO;2,304;2,41;
PT-AU57;AU3-3421;ACTR-01900-000;5;Plana;UD Tape;16,0;;P7;Alma;NO;2,304;2,54;
PT-AU57;AU3-3421;ACTR-01900-000;5;Plana;UD Tape;16,0;;P8;Alma;NO;2,304;2,59;
PT-AU57;AU3-3421;ACTR-01900-000;5;Plana;UD Tape;16,0;;P9;Alma;NO;2,304;2,36;
PT-AU57;AU3-3421;ACTR-01900-000;5;Plana;UD Tape;16,0;;P10;Alma;NO;2,304;2,44;
PT-AU57;AU3-3421;ACTR-01900-000;5;Plana;UD Tape;16,0;;P11;Alma;NO;2,304;2,53;
PT-AU57;AU3-3421;ACTR-01900-000;5;Plana;UD Tape;16,0;;P12;Alma;NO;2,304;2,6;
PT-AU57;AU3-3421;ACTR-01900-000;5;Plana;UD Tape;16,0;;P13;Alma;NO;2,304;2,4;
PT-AU57;AU3-3421;ACTR-01900-000;5;Plana;UD Tape;16,0;;P14;Alma;NO;2,304;2,43;
PT-AU57;AU3-3421;ACTR-01900-000;5;Plana;UD Tape;16,0;;P15;Alma;NO;2,304;2,44;
PT-AU57;AU3-3421;ACTR-01900-000;5;Plana;UD Tape;16,0;;P16;Alma;NO;2,304;2,45;
PT-AU57;AU3-3421;ACTR-01900-000;5;Plana;UD Tape;16,0;;P17;Alma;SI;2,367;2,58;
PT-AU57;AU3-3421;ACTR-01900-000;5;Plana;UD Tape;16,0;;P18;Alma;SI;2,367;2,56;
PT-AU57;AU3-3421;ACTR-01900-000;5;Plana;UD Tape;16,0;;P19;Alma;SI;2,367;2,4;
PT-AU57;AU3-3421;ACTR-01900-000;5;Plana;UD Tape;16,0;;P20;Alma;SI;2,367;2,39;
PT-AU57;AU3-3421;ACTR-01900-000;5;Plana;UD Tape;16,0;;P21;Alma;SI;2,367;2,56;
PT-AU57;AU3-3421;ACTR-01900-000;5;Plana;UD Tape;16,0;;P22;Alma;SI;2,367;2,52;
PT-AU57;AU3-3421;ACTR-01900-000;5;Plana;UD Tape;16,0;;P23;Alma;SI;2,367;2,38;
PT-AU57;AU3-3421;ACTR-01900-000;5;Plana;UD Tape;16,0;;P24;Alma;SI;2,367;2,32;
PT-AU57;AU3-3421;ACTR-01900-000;5;Plana;UD Tape;16,0;;P25;Alma;SI;2,367;2,67;
PT-AU57;AU3-3421;ACTR-01900-000;5;Plana;UD Tape;16,0;;P26;Alma;SI;2,367;2,58;
PT-AU57;AU3-3421;ACTR-01900-000;5;Plana;UD Tape;16,0;;P27;Alma;SI;2,367;2,52;
PT-AU57;AU3-3421;ACTR-01900-000;5;Plana;UD Tape;16,0;;P28;Alma;SI;2,367;2,33;
PT-AU57;AU3-3421;ACTR-01900-000;5;Plana;UD Tape;16,0;;P29;Alma;SI;2,367;2,55;
PT-AU57;AU3-3421;ACTR-01900-000;5;Plana;UD Tape;16,0;;P30;Alma;SI;2,367;2,55;
PT-AU57;AU3-3421;ACTR-01900-000;5;Plana;UD Tape;16,0;;P31;Alma;SI;2,367;2,4;
PT-AU57;AU3-3421;ACTR-01900-000;5;Plana;UD Tape;16,0;;P32;Alma;SI;2,367;2,35;
PT-AU57;AU3-3421;ACTR-01900-000;5;Plana;UD Tape;24,0;;P1;Alma;NO;3,456;3,56;
PT-AU57;AU3-3421;ACTR-01900-000;5;Plana;UD Tape;24,0;;P2;Alma;NO;3,456;3,6;
PT-AU57;AU3-3421;ACTR-01900-000;5;Plana;UD Tape;24,0;;P3;Alma;NO;3,456;3,61;
PT-AU57;AU3-3421;ACTR-01900-000;5;Plana;UD Tape;24,0;;P4;Alma;NO;3,456;3,68;
PT-AU57;AU3-3421;ACTR-01900-000;5;Plana;UD Tape;24,0;;P5;Alma;NO;3,456;3,5;
PT-AU57;AU3-3421;ACTR-01900-000;5;Plana;UD Tape;24,0;;P6;Alma;NO;3,456;3,62;
PT-AU57;AU3-3421;ACTR-01900-000;5;Plana;UD Tape;24,0;;P7;Alma;NO;3,456;3,63;
PT-AU57;AU3-3421;ACTR-01900-000;5;Plana;UD Tape;24,0;;P8;Alma;NO;3,456;3,74;
PT-AU57;AU3-3421;ACTR-01900-000;5;Plana;UD Tape;24,0;;P9;Alma;NO;3,456;3,52;
PT-AU57;AU3-3421;ACTR-01900-000;5;Plana;UD Tape;24,0;;P10;Alma;NO;3,456;3,66;
PT-AU57;AU3-3421;ACTR-01900-000;5;Plana;UD Tape;24,0;;P11;Alma;NO;3,456;3,8;
PT-AU57;AU3-3421;ACTR-01900-000;5;Plana;UD Tape;24,0;;P12;Alma;NO;3,456;3,82;
PT-AU57;AU3-3421;ACTR-01900-000;5;Plana;UD Tape;24,0;;P13;Alma;NO;3,456;3,42;
PT-AU57;AU3-3421;ACTR-01900-000;5;Plana;UD Tape;24,0;;P14;Alma;NO;3,456;3,59;
PT-AU57;AU3-3421;ACTR-01900-000;5;Plana;UD Tape;24,0;;P15;Alma;NO;3,456;3,78;
PT-AU57;AU3-3421;ACTR-01900-000;5;Plana;UD Tape;24,0;;P16;Alma;NO;3,456;3,81;
PT-AU57;AU3-3421;ACTR-01900-000;5;Plana;UD Tape;24,0;;P17;Alma;SI;3,519;3,82;
PT-AU57;AU3-3421;ACTR-01900-000;5;Plana;UD Tape;24,0;;P18;Alma;SI;3,519;3,68;
PT-AU57;AU3-3421;ACTR-01900-000;5;Plana;UD Tape;24,0;;P19;Alma;SI;3,519;3,66;
PT-AU57;AU3-3421;ACTR-01900-000;5;Plana;UD Tape;24,0;;P20;Alma;SI;3,519;3,66;
PT-AU57;AU3-3421;ACTR-01900-000;5;Plana;UD Tape;24,0;;P21;Alma;SI;3,519;3,78;
PT-AU57;AU3-3421;ACTR-01900-000;5;Plana;UD Tape;24,0;;P22;Alma;SI;3,519;3,8;
PT-AU57;AU3-3421;ACTR-01900-000;5;Plana;UD Tape;24,0;;P23;Alma;SI;3,519;3,65;
PT-AU57;AU3-3421;ACTR-01900-000;5;Plana;UD Tape;24,0;;P24;Alma;SI;3,519;3,55;
PT-AU57;AU3-3421;ACTR-01900-000;5;Plana;UD Tape;24,0;;P25;Alma;SI;3,519;3,86;
PT-AU57;AU3-3421;ACTR-01900-000;5;Plana;UD Tape;24,0;;P26;Alma;SI;3,519;3,86;
PT-AU57;AU3-3421;ACTR-01900-000;5;Plana;UD Tape;24,0;;P27;Alma;SI;3,519;3,66;
PT-AU57;AU3-3421;ACTR-01900-000;5;Plana;UD Tape;24,0;;P28;Alma;SI;3,519;3,62;
PT-AU57;AU3-3421;ACTR-01900-000;5;Plana;UD Tape;24,0;;P29;Alma;SI;3,519;3,75;
PT-AU57;AU3-3421;ACTR-01900-000;5;Plana;UD Tape;24,0;;P30;Alma;SI;3,519;3,76;
PT-AU57;AU3-3421;ACTR-01900-000;5;Plana;UD Tape;24,0;;P31;Alma;SI;3,519;3,62;
PT-AU57;AU3-3421;ACTR-01900-000;5;Plana;UD Tape;24,0;;P32;Alma;SI;3,519;3,52;
PT-AU57;AU3-3421;ACTR-01900-000;5;Plana;UD Tape;52,0;;P1;Alma;NO;7,488;7,24;
PT-AU57;AU3-3421;ACTR-01900-000;5;Plana;UD Tape;52,0;;P2;Alma;NO;7,488;7,27;
PT-AU57;AU3-3421;ACTR-01900-000;5;Plana;UD Tape;52,0;;P3;Alma;NO;7,488;7,34;
PT-AU57;AU3-3421;ACTR-01900-000;5;Plana;UD Tape;52,0;;P4;Alma;NO;7,488;7,44;
PT-AU57;AU3-3421;ACTR-01900-000;5;Plana;UD Tape;52,0;;P5;Alma;NO;7,488;7,5;
PT-AU57;AU3-3421;ACTR-01900-000;5;Plana;UD Tape;52,0;;P6;Alma;NO;7,488;7,55;
PT-AU57;AU3-3421;ACTR-01900-000;5;Plana;UD Tape;52,0;;P7;Alma;NO;7,488;7,54;
PT-AU57;AU3-3421;ACTR-01900-000;5;Plana;UD Tape;52,0;;P8;Alma;NO;7,488;7,71;
PT-AU57;AU3-3421;ACTR-01900-000;5;Plana;UD Tape;52,0;;P9;Alma;NO;7,488;7,38;
PT-AU57;AU3-3421;ACTR-01900-000;5;Plana;UD Tape;52,0;;P10;Alma;NO;7,488;7,65;
PT-AU57;AU3-3421;ACTR-01900-000;5;Plana;UD Tape;52,0;;P11;Alma;NO;7,488;7,67;
PT-AU57;AU3-3421;ACTR-01900-000;5;Plana;UD Tape;52,0;;P12;Alma;NO;7,488;7,83;
PT-AU57;AU3-3421;ACTR-01900-000;5;Plana;UD Tape;52,0;;P13;Alma;NO;7,488;7,5;
PT-AU57;AU3-3421;ACTR-01900-000;5;Plana;UD Tape;52,0;;P14;Alma;NO;7,488;7,58;
PT-AU57;AU3-3421;ACTR-01900-000;5;Plana;UD Tape;52,0;;P15;Alma;NO;7,488;7,58;
PT-AU57;AU3-3421;ACTR-01900-000;5;Plana;UD Tape;52,0;;P16;Alma;NO;7,488;7,78;
PT-AU57;AU3-3421;ACTR-01900-000;5;Plana;UD Tape;52,0;;P17;Alma;SI;7,551;7,47;
PT-AU57;AU3-3421;ACTR-01900-000;5;Plana;UD Tape;52,0;;P18;Alma;SI;7,551;7,34;
PT-AU57;AU3-3421;ACTR-01900-000;5;Plana;UD Tape;52,0;;P19;Alma;SI;7,551;7,31;
PT-AU57;AU3-3421;ACTR-01900-000;5;Plana;UD Tape;52,0;;P20;Alma;SI;7,551;7,34;
PT-AU57;AU3-3421;ACTR-01900-000;5;Plana;UD Tape;52,0;;P21;Alma;SI;7,551;7,64;
PT-AU57;AU3-3421;ACTR-01900-000;5;Plana;UD Tape;52,0;;P22;Alma;SI;7,551;7,7;
PT-AU57;AU3-3421;ACTR-01900-000;5;Plana;UD Tape;52,0;;P23;Alma;SI;7,551;7,59;
PT-AU57;AU3-3421;ACTR-01900-000;5;Plana;UD Tape;52,0;;P24;Alma;SI;7,551;7,59;
PT-AU57;AU3-3421;ACTR-01900-000;5;Plana;UD Tape;52,0;;P25;Alma;SI;7,551;7,82;
PT-AU57;AU3-3421;ACTR-01900-000;5;Plana;UD Tape;52,0;;P26;Alma;SI;7,551;7,85;
PT-AU57;AU3-3421;ACTR-01900-000;5;Plana;UD Tape;52,0;;P27;Alma;SI;7,551;7,7;
PT-AU57;AU3-3421;ACTR-01900-000;5;Plana;UD Tape;52,0;;P28;Alma;SI;7,551;7,68;
PT-AU57;AU3-3421;ACTR-01900-000;5;Plana;UD Tape;52,0;;P29;Alma;SI;7,551;7,79;
PT-AU57;AU3-3421;ACTR-01900-000;5;Plana;UD Tape;52,0;;P30;Alma;SI;7,551;7,67;
PT-AU57;AU3-3421;ACTR-01900-000;5;Plana;UD Tape;52,0;;P31;Alma;SI;7,551;7,64;
PT-AU57;AU3-3421;ACTR-01900-000;5;Plana;UD Tape;52,0;;P32;Alma;SI;7,551;7,59;
PT-AU15;AU1-11190;ACTR-01900-001;1;Plana;UD Tape;8,0;;P1;Alma;NO;1,152;1,21;
PT-AU15;AU1-11190;ACTR-01900-001;1;Plana;UD Tape;8,0;;P2;Alma;NO;1,152;1,26;
PT-AU15;AU1-11190;ACTR-01900-001;1;Plana;UD Tape;8,0;;P3;Alma;NO;1,152;1,25;
PT-AU15;AU1-11190;ACTR-01900-001;1;Plana;UD Tape;8,0;;P4;Alma;NO;1,152;1,28;
PT-AU15;AU1-11190;ACTR-01900-001;1;Plana;UD Tape;8,0;;P5;Alma;NO;1,152;1,25;
PT-AU15;AU1-11190;ACTR-01900-001;1;Plana;UD Tape;8,0;;P6;Alma;NO;1,152;1,28;
PT-AU15;AU1-11190;ACTR-01900-001;1;Plana;UD Tape;8,0;;P7;Alma;NO;1,152;1,26;
PT-AU15;AU1-11190;ACTR-01900-001;1;Plana;UD Tape;8,0;;P8;Alma;NO;1,152;1,35;
PT-AU15;AU1-11190;ACTR-01900-001;1;Plana;UD Tape;8,0;;P9;Alma;NO;1,152;1,26;
PT-AU15;AU1-11190;ACTR-01900-001;1;Plana;UD Tape;8,0;;P10;Alma;NO;1,152;1,28;
PT-AU15;AU1-11190;ACTR-01900-001;1;Plana;UD Tape;8,0;;P11;Alma;NO;1,152;1,29;
PT-AU15;AU1-11190;ACTR-01900-001;1;Plana;UD Tape;8,0;;P12;Alma;NO;1,152;1,28;
PT-AU15;AU1-11190;ACTR-01900-001;1;Plana;UD Tape;8,0;;P13;Alma;NO;1,152;1,17;
PT-AU15;AU1-11190;ACTR-01900-001;1;Plana;UD Tape;8,0;;P14;Alma;NO;1,152;1,21;
PT-AU15;AU1-11190;ACTR-01900-001;1;Plana;UD Tape;8,0;;P15;Alma;NO;1,152;1,21;
PT-AU15;AU1-11190;ACTR-01900-001;1;Plana;UD Tape;8,0;;P16;Alma;NO;1,152;1,21;
PT-AU15;AU1-11190;ACTR-01900-001;1;Plana;UD Tape;8,0;;P17;Alma;SI;1,215;1,33;
PT-AU15;AU1-11190;ACTR-01900-001;1;Plana;UD Tape;8,0;;P18;Alma;SI;1,215;1,32;
PT-AU15;AU1-11190;ACTR-01900-001;1;Plana;UD Tape;8,0;;P19;Alma;SI;1,215;1,31;
PT-AU15;AU1-11190;ACTR-01900-001;1;Plana;UD Tape;8,0;;P20;Alma;SI;1,215;1,36;
PT-AU15;AU1-11190;ACTR-01900-001;1;Plana;UD Tape;8,0;;P21;Alma;SI;1,215;1,34;
PT-AU15;AU1-11190;ACTR-01900-001;1;Plana;UD Tape;8,0;;P22;Alma;SI;1,215;1,37;
PT-AU15;AU1-11190;ACTR-01900-001;1;Plana;UD Tape;8,0;;P23;Alma;SI;1,215;1,35;
PT-AU15;AU1-11190;ACTR-01900-001;1;Plana;UD Tape;8,0;;P24;Alma;SI;1,215;1,38;
PT-AU15;AU1-11190;ACTR-01900-001;1;Plana;UD Tape;8,0;;P25;Alma;SI;1,215;1,35;
PT-AU15;AU1-11190;ACTR-01900-001;1;Plana;UD Tape;8,0;;P26;Alma;SI;1,215;1,33;
PT-AU15;AU1-11190;ACTR-01900-001;1;Plana;UD Tape;8,0;;P27;Alma;SI;1,215;1,35;
PT-AU15;AU1-11190;ACTR-01900-001;1;Plana;UD Tape;8,0;;P28;Alma;SI;1,215;1,34;
PT-AU15;AU1-11190;ACTR-01900-001;1;Plana;UD Tape;8,0;;P29;Alma;SI;1,215;1,29;
PT-AU15;AU1-11190;ACTR-01900-001;1;Plana;UD Tape;8,0;;P30;Alma;SI;1,215;1,31;
PT-AU15;AU1-11190;ACTR-01900-001;1;Plana;UD Tape;8,0;;P31;Alma;SI;1,215;1,25;
PT-AU15;AU1-11190;ACTR-01900-001;1;Plana;UD Tape;8,0;;P32;Alma;SI;1,215;1,26;
PT-AU15;AU1-11190;ACTR-01900-001;1;Plana;UD Tape;16,0;;P1;Alma;NO;2,304;2,62;
PT-AU15;AU1-11190;ACTR-01900-001;1;Plana;UD Tape;16,0;;P2;Alma;NO;2,304;2,64;
PT-AU15;AU1-11190;ACTR-01900-001;1;Plana;UD Tape;16,0;;P3;Alma;NO;2,304;2,63;
PT-AU15;AU1-11190;ACTR-01900-001;1;Plana;UD Tape;16,0;;P4;Alma;NO;2,304;2,65;
PT-AU15;AU1-11190;ACTR-01900-001;1;Plana;UD Tape;16,0;;P5;Alma;NO;2,304;2,53;
PT-AU15;AU1-11190;ACTR-01900-001;1;Plana;UD Tape;16,0;;P6;Alma;NO;2,304;5,59;
PT-AU15;AU1-11190;ACTR-01900-001;1;Plana;UD Tape;16,0;;P7;Alma;NO;2,304;2,62;
PT-AU15;AU1-11190;ACTR-01900-001;1;Plana;UD Tape;16,0;;P8;Alma;NO;2,304;2,66;
PT-AU15;AU1-11190;ACTR-01900-001;1;Plana;UD Tape;16,0;;P9;Alma;NO;2,304;2,5;
PT-AU15;AU1-11190;ACTR-01900-001;1;Plana;UD Tape;16,0;;P10;Alma;NO;2,304;2,53;
PT-AU15;AU1-11190;ACTR-01900-001;1;Plana;UD Tape;16,0;;P11;Alma;NO;2,304;2,55;
PT-AU15;AU1-11190;ACTR-01900-001;1;Plana;UD Tape;16,0;;P12;Alma;NO;2,304;2,63;
PT-AU15;AU1-11190;ACTR-01900-001;1;Plana;UD Tape;16,0;;P13;Alma;NO;2,304;2,43;
PT-AU15;AU1-11190;ACTR-01900-001;1;Plana;UD Tape;16,0;;P14;Alma;NO;2,304;2,51;
PT-AU15;AU1-11190;ACTR-01900-001;1;Plana;UD Tape;16,0;;P15;Alma;NO;2,304;2,53;
PT-AU15;AU1-11190;ACTR-01900-001;1;Plana;UD Tape;16,0;;P16;Alma;NO;2,304;2,56;
PT-AU15;AU1-11190;ACTR-01900-001;1;Plana;UD Tape;16,0;;P17;Alma;SI;2,367;2,69;
PT-AU15;AU1-11190;ACTR-01900-001;1;Plana;UD Tape;16,0;;P18;Alma;SI;2,367;2,69;
PT-AU15;AU1-11190;ACTR-01900-001;1;Plana;UD Tape;16,0;;P19;Alma;SI;2,367;2,65;
PT-AU15;AU1-11190;ACTR-01900-001;1;Plana;UD Tape;16,0;;P20;Alma;SI;2,367;2,53;
PT-AU15;AU1-11190;ACTR-01900-001;1;Plana;UD Tape;16,0;;P21;Alma;SI;2,367;2,66;
PT-AU15;AU1-11190;ACTR-01900-001;1;Plana;UD Tape;16,0;;P22;Alma;SI;2,367;2,58;
PT-AU15;AU1-11190;ACTR-01900-001;1;Plana;UD Tape;16,0;;P23;Alma;SI;2,367;2,6;
PT-AU15;AU1-11190;ACTR-01900-001;1;Plana;UD Tape;16,0;;P24;Alma;SI;2,367;2,54;
PT-AU15;AU1-11190;ACTR-01900-001;1;Plana;UD Tape;16,0;;P25;Alma;SI;2,367;2,63;
PT-AU15;AU1-11190;ACTR-01900-001;1;Plana;UD Tape;16,0;;P26;Alma;SI;2,367;2,59;
PT-AU15;AU1-11190;ACTR-01900-001;1;Plana;UD Tape;16,0;;P27;Alma;SI;2,367;2,56;
PT-AU15;AU1-11190;ACTR-01900-001;1;Plana;UD Tape;16,0;;P28;Alma;SI;2,367;2,49;
PT-AU15;AU1-11190;ACTR-01900-001;1;Plana;UD Tape;16,0;;P29;Alma;SI;2,367;2,626;
PT-AU15;AU1-11190;ACTR-01900-001;1;Plana;UD Tape;16,0;;P30;Alma;SI;2,367;2,58;
PT-AU15;AU1-11190;ACTR-01900-001;1;Plana;UD Tape;16,0;;P31;Alma;SI;2,367;2,52;
PT-AU15;AU1-11190;ACTR-01900-001;1;Plana;UD Tape;16,0;;P32;Alma;SI;2,367;2,43;
PT-AU15;AU1-11190;ACTR-01900-001;1;Plana;UD Tape;24,0;;P1;Alma;NO;3,456;3,7;
PT-AU15;AU1-11190;ACTR-01900-001;1;Plana;UD Tape;24,0;;P2;Alma;NO;3,456;3,67;
PT-AU15;AU1-11190;ACTR-01900-001;1;Plana;UD Tape;24,0;;P3;Alma;NO;3,456;3,69;
PT-AU15;AU1-11190;ACTR-01900-001;1;Plana;UD Tape;24,0;;P4;Alma;NO;3,456;3,72;
PT-AU15;AU1-11190;ACTR-01900-001;1;Plana;UD Tape;24,0;;P5;Alma;NO;3,456;3,73;
PT-AU15;AU1-11190;ACTR-01900-001;1;Plana;UD Tape;24,0;;P6;Alma;NO;3,456;3,72;
PT-AU15;AU1-11190;ACTR-01900-001;1;Plana;UD Tape;24,0;;P7;Alma;NO;3,456;3,78;
PT-AU15;AU1-11190;ACTR-01900-001;1;Plana;UD Tape;24,0;;P8;Alma;NO;3,456;3,83;
PT-AU15;AU1-11190;ACTR-01900-001;1;Plana;UD Tape;24,0;;P9;Alma;NO;3,456;3,67;
PT-AU15;AU1-11190;ACTR-01900-001;1;Plana;UD Tape;24,0;;P10;Alma;NO;3,456;3,73;
PT-AU15;AU1-11190;ACTR-01900-001;1;Plana;UD Tape;24,0;;P11;Alma;NO;3,456;3,79;
PT-AU15;AU1-11190;ACTR-01900-001;1;Plana;UD Tape;24,0;;P12;Alma;NO;3,456;3,81;
PT-AU15;AU1-11190;ACTR-01900-001;1;Plana;UD Tape;24,0;;P13;Alma;NO;3,456;3,7;
PT-AU15;AU1-11190;ACTR-01900-001;1;Plana;UD Tape;24,0;;P14;Alma;NO;3,456;3,78;
PT-AU15;AU1-11190;ACTR-01900-001;1;Plana;UD Tape;24,0;;P15;Alma;NO;3,456;3,81;
PT-AU15;AU1-11190;ACTR-01900-001;1;Plana;UD Tape;24,0;;P16;Alma;NO;3,456;3,83;
PT-AU15;AU1-11190;ACTR-01900-001;1;Plana;UD Tape;24,0;;P17;Alma;SI;3,519;3,85;
PT-AU15;AU1-11190;ACTR-01900-001;1;Plana;UD Tape;24,0;;P18;Alma;SI;3,519;3,86;
PT-AU15;AU1-11190;ACTR-01900-001;1;Plana;UD Tape;24,0;;P19;Alma;SI;3,519;3,82;
PT-AU15;AU1-11190;ACTR-01900-001;1;Plana;UD Tape;24,0;;P20;Alma;SI;3,519;3,76;
PT-AU15;AU1-11190;ACTR-01900-001;1;Plana;UD Tape;24,0;;P21;Alma;SI;3,519;3,89;
PT-AU15;AU1-11190;ACTR-01900-001;1;Plana;UD Tape;24,0;;P22;Alma;SI;3,519;3,87;
PT-AU15;AU1-11190;ACTR-01900-001;1;Plana;UD Tape;24,0;;P23;Alma;SI;3,519;3,86;
PT-AU15;AU1-11190;ACTR-01900-001;1;Plana;UD Tape;24,0;;P24;Alma;SI;3,519;3,77;
PT-AU15;AU1-11190;ACTR-01900-001;1;Plana;UD Tape;24,0;;P25;Alma;SI;3,519;3,87;
PT-AU15;AU1-11190;ACTR-01900-001;1;Plana;UD Tape;24,0;;P26;Alma;SI;3,519;3,88;
PT-AU15;AU1-11190;ACTR-01900-001;1;Plana;UD Tape;24,0;;P27;Alma;SI;3,519;3,75;
PT-AU15;AU1-11190;ACTR-01900-001;1;Plana;UD Tape;24,0;;P28;Alma;SI;3,519;3,69;
PT-AU15;AU1-11190;ACTR-01900-001;1;Plana;UD Tape;24,0;;P29;Alma;SI;3,519;3,95;
PT-AU15;AU1-11190;ACTR-01900-001;1;Plana;UD Tape;24,0;;P30;Alma;SI;3,519;3,87;
PT-AU15;AU1-11190;ACTR-01900-001;1;Plana;UD Tape;24,0;;P31;Alma;SI;3,519;3,8;
PT-AU15;AU1-11190;ACTR-01900-001;1;Plana;UD Tape;24,0;;P32;Alma;SI;3,519;3,73;
PT-AU15;AU1-11190;ACTR-01900-001;1;Plana;UD Tape;52,0;;P1;Alma;NO;7,488;7,59;
PT-AU15;AU1-11190;ACTR-01900-001;1;Plana;UD Tape;52,0;;P2;Alma;NO;7,488;7,67;
PT-AU15;AU1-11190;ACTR-01900-001;1;Plana;UD Tape;52,0;;P3;Alma;NO;7,488;7,66;
PT-AU15;AU1-11190;ACTR-01900-001;1;Plana;UD Tape;52,0;;P4;Alma;NO;7,488;7,72;
PT-AU15;AU1-11190;ACTR-01900-001;1;Plana;UD Tape;52,0;;P5;Alma;NO;7,488;7,72;
PT-AU15;AU1-11190;ACTR-01900-001;1;Plana;UD Tape;52,0;;P6;Alma;NO;7,488;7,82;
PT-AU15;AU1-11190;ACTR-01900-001;1;Plana;UD Tape;52,0;;P7;Alma;NO;7,488;7,89;
PT-AU15;AU1-11190;ACTR-01900-001;1;Plana;UD Tape;52,0;;P8;Alma;NO;7,488;7,87;
PT-AU15;AU1-11190;ACTR-01900-001;1;Plana;UD Tape;52,0;;P9;Alma;NO;7,488;7,8;
PT-AU15;AU1-11190;ACTR-01900-001;1;Plana;UD Tape;52,0;;P10;Alma;NO;7,488;7,86;
PT-AU15;AU1-11190;ACTR-01900-001;1;Plana;UD Tape;52,0;;P11;Alma;NO;7,488;7,9;
PT-AU15;AU1-11190;ACTR-01900-001;1;Plana;UD Tape;52,0;;P12;Alma;NO;7,488;7,93;
PT-AU15;AU1-11190;ACTR-01900-001;1;Plana;UD Tape;52,0;;P13;Alma;NO;7,488;7,84;
PT-AU15;AU1-11190;ACTR-01900-001;1;Plana;UD Tape;52,0;;P14;Alma;NO;7,488;7,86;
PT-AU15;AU1-11190;ACTR-01900-001;1;Plana;UD Tape;52,0;;P15;Alma;NO;7,488;7,98;
PT-AU15;AU1-11190;ACTR-01900-001;1;Plana;UD Tape;52,0;;P16;Alma;NO;7,488;7,97;
PT-AU15;AU1-11190;ACTR-01900-001;1;Plana;UD Tape;52,0;;P17;Alma;SI;7,551;7,77;
PT-AU15;AU1-11190;ACTR-01900-001;1;Plana;UD Tape;52,0;;P18;Alma;SI;7,551;7,79;
PT-AU15;AU1-11190;ACTR-01900-001;1;Plana;UD Tape;52,0;;P19;Alma;SI;7,551;7,82;
PT-AU15;AU1-11190;ACTR-01900-001;1;Plana;UD Tape;52,0;;P20;Alma;SI;7,551;7,69;
PT-AU15;AU1-11190;ACTR-01900-001;1;Plana;UD Tape;52,0;;P21;Alma;SI;7,551;7,97;
PT-AU15;AU1-11190;ACTR-01900-001;1;Plana;UD Tape;52,0;;P22;Alma;SI;7,551;7,92;
PT-AU15;AU1-11190;ACTR-01900-001;1;Plana;UD Tape;52,0;;P23;Alma;SI;7,551;7,99;
PT-AU15;AU1-11190;ACTR-01900-001;1;Plana;UD Tape;52,0;;P24;Alma;SI;7,551;7,87;
PT-AU15;AU1-11190;ACTR-01900-001;1;Plana;UD Tape;52,0;;P25;Alma;SI;7,551;7,97;
PT-AU15;AU1-11190;ACTR-01900-001;1;Plana;UD Tape;52,0;;P26;Alma;SI;7,551;7,98;
PT-AU15;AU1-11190;ACTR-01900-001;1;Plana;UD Tape;52,0;;P27;Alma;SI;7,551;7,96;
PT-AU15;AU1-11190;ACTR-01900-001;1;Plana;UD Tape;52,0;;P28;Alma;SI;7,551;7,89;
PT-AU15;AU1-11190;ACTR-01900-001;1;Plana;UD Tape;52,0;;P29;Alma;SI;7,551;8,08;
PT-AU15;AU1-11190;ACTR-01900-001;1;Plana;UD Tape;52,0;;P30;Alma;SI;7,551;8,04;
PT-AU15;AU1-11190;ACTR-01900-001;1;Plana;UD Tape;52,0;;P31;Alma;SI;7,551;7,98;
PT-AU15;AU1-11190;ACTR-01900-001;1;Plana;UD Tape;52,0;;P32;Alma;SI;7,551;7,88;
PT-AU15;AU1-11190;ACTR-01900-001;2;Plana;UD Tape;8,0;;P1;Alma;NO;1,152;1,2;
PT-AU15;AU1-11190;ACTR-01900-001;2;Plana;UD Tape;8,0;;P2;Alma;NO;1,152;1,18;
PT-AU15;AU1-11190;ACTR-01900-001;2;Plana;UD Tape;8,0;;P3;Alma;NO;1,152;1,26;
PT-AU15;AU1-11190;ACTR-01900-001;2;Plana;UD Tape;8,0;;P4;Alma;NO;1,152;1,26;
PT-AU15;AU1-11190;ACTR-01900-001;2;Plana;UD Tape;8,0;;P5;Alma;NO;1,152;1,2;
PT-AU15;AU1-11190;ACTR-01900-001;2;Plana;UD Tape;8,0;;P6;Alma;NO;1,152;1,24;
PT-AU15;AU1-11190;ACTR-01900-001;2;Plana;UD Tape;8,0;;P7;Alma;NO;1,152;1,23;
PT-AU15;AU1-11190;ACTR-01900-001;2;Plana;UD Tape;8,0;;P8;Alma;NO;1,152;1,22;
PT-AU15;AU1-11190;ACTR-01900-001;2;Plana;UD Tape;8,0;;P9;Alma;NO;1,152;1,18;
PT-AU15;AU1-11190;ACTR-01900-001;2;Plana;UD Tape;8,0;;P10;Alma;NO;1,152;1,27;
PT-AU15;AU1-11190;ACTR-01900-001;2;Plana;UD Tape;8,0;;P11;Alma;NO;1,152;1,25;
PT-AU15;AU1-11190;ACTR-01900-001;2;Plana;UD Tape;8,0;;P12;Alma;NO;1,152;1,24;
PT-AU15;AU1-11190;ACTR-01900-001;2;Plana;UD Tape;8,0;;P13;Alma;NO;1,152;1,14;
PT-AU15;AU1-11190;ACTR-01900-001;2;Plana;UD Tape;8,0;;P14;Alma;NO;1,152;1,2;
PT-AU15;AU1-11190;ACTR-01900-001;2;Plana;UD Tape;8,0;;P15;Alma;NO;1,152;1,17;
PT-AU15;AU1-11190;ACTR-01900-001;2;Plana;UD Tape;8,0;;P16;Alma;NO;1,152;1,21;
PT-AU15;AU1-11190;ACTR-01900-001;2;Plana;UD Tape;8,0;;P17;Alma;SI;1,215;1,29;
PT-AU15;AU1-11190;ACTR-01900-001;2;Plana;UD Tape;8,0;;P18;Alma;SI;1,215;1,32;
PT-AU15;AU1-11190;ACTR-01900-001;2;Plana;UD Tape;8,0;;P19;Alma;SI;1,215;1,34;
PT-AU15;AU1-11190;ACTR-01900-001;2;Plana;UD Tape;8,0;;P20;Alma;SI;1,215;1,35;
PT-AU15;AU1-11190;ACTR-01900-001;2;Plana;UD Tape;8,0;;P21;Alma;SI;1,215;1,31;
PT-AU15;AU1-11190;ACTR-01900-001;2;Plana;UD Tape;8,0;;P22;Alma;SI;1,215;1,29;
PT-AU15;AU1-11190;ACTR-01900-001;2;Plana;UD Tape;8,0;;P23;Alma;SI;1,215;1,28;
PT-AU15;AU1-11190;ACTR-01900-001;2;Plana;UD Tape;8,0;;P24;Alma;SI;1,215;1,3;
PT-AU15;AU1-11190;ACTR-01900-001;2;Plana;UD Tape;8,0;;P25;Alma;SI;1,215;1,31;
PT-AU15;AU1-11190;ACTR-01900-001;2;Plana;UD Tape;8,0;;P26;Alma;SI;1,215;1,36;
PT-AU15;AU1-11190;ACTR-01900-001;2;Plana;UD Tape;8,0;;P27;Alma;SI;1,215;1,34;
PT-AU15;AU1-11190;ACTR-01900-001;2;Plana;UD Tape;8,0;;P28;Alma;SI;1,215;1,32;
PT-AU15;AU1-11190;ACTR-01900-001;2;Plana;UD Tape;8,0;;P29;Alma;SI;1,215;1,26;
PT-AU15;AU1-11190;ACTR-01900-001;2;Plana;UD Tape;8,0;;P30;Alma;SI;1,215;1,29;
PT-AU15;AU1-11190;ACTR-01900-001;2;Plana;UD Tape;8,0;;P31;Alma;SI;1,215;1,26;
PT-AU15;AU1-11190;ACTR-01900-001;2;Plana;UD Tape;8,0;;P32;Alma;SI;1,215;1,26;
PT-AU15;AU1-11190;ACTR-01900-001;2;Plana;UD Tape;16,0;;P1;Alma;NO;2,304;2,42;
PT-AU15;AU1-11190;ACTR-01900-001;2;Plana;UD Tape;16,0;;P2;Alma;NO;2,304;2,49;
PT-AU15;AU1-11190;ACTR-01900-001;2;Plana;UD Tape;16,0;;P3;Alma;NO;2,304;2,58;
PT-AU15;AU1-11190;ACTR-01900-001;2;Plana;UD Tape;16,0;;P4;Alma;NO;2,304;2,58;
PT-AU15;AU1-11190;ACTR-01900-001;2;Plana;UD Tape;16,0;;P5;Alma;NO;2,304;2,38;
PT-AU15;AU1-11190;ACTR-01900-001;2;Plana;UD Tape;16,0;;P6;Alma;NO;2,304;2,53;
PT-AU15;AU1-11190;ACTR-01900-001;2;Plana;UD Tape;16,0;;P7;Alma;NO;2,304;2,48;
PT-AU15;AU1-11190;ACTR-01900-001;2;Plana;UD Tape;16,0;;P8;Alma;NO;2,304;2,5;
PT-AU15;AU1-11190;ACTR-01900-001;2;Plana;UD Tape;16,0;;P9;Alma;NO;2,304;2,38;
PT-AU15;AU1-11190;ACTR-01900-001;2;Plana;UD Tape;16,0;;P10;Alma;NO;2,304;2,45;
PT-AU15;AU1-11190;ACTR-01900-001;2;Plana;UD Tape;16,0;;P11;Alma;NO;2,304;2,51;
PT-AU15;AU1-11190;ACTR-01900-001;2;Plana;UD Tape;16,0;;P12;Alma;NO;2,304;2,55;
PT-AU15;AU1-11190;ACTR-01900-001;2;Plana;UD Tape;16,0;;P13;Alma;NO;2,304;2,38;
PT-AU15;AU1-11190;ACTR-01900-001;2;Plana;UD Tape;16,0;;P14;Alma;NO;2,304;2,45;
PT-AU15;AU1-11190;ACTR-01900-001;2;Plana;UD Tape;16,0;;P15;Alma;NO;2,304;2,51;
PT-AU15;AU1-11190;ACTR-01900-001;2;Plana;UD Tape;16,0;;P16;Alma;NO;2,304;2,5;
PT-AU15;AU1-11190;ACTR-01900-001;2;Plana;UD Tape;16,0;;P17;Alma;SI;2,367;2,63;
PT-AU15;AU1-11190;ACTR-01900-001;2;Plana;UD Tape;16,0;;P18;Alma;SI;2,367;2,6;
PT-AU15;AU1-11190;ACTR-01900-001;2;Plana;UD Tape;16,0;;P19;Alma;SI;2,367;2,57;
PT-AU15;AU1-11190;ACTR-01900-001;2;Plana;UD Tape;16,0;;P20;Alma;SI;2,367;2,52;
PT-AU15;AU1-11190;ACTR-01900-001;2;Plana;UD Tape;16,0;;P21;Alma;SI;2,367;2,58;
PT-AU15;AU1-11190;ACTR-01900-001;2;Plana;UD Tape;16,0;;P22;Alma;SI;2,367;2,58;
PT-AU15;AU1-11190;ACTR-01900-001;2;Plana;UD Tape;16,0;;P23;Alma;SI;2,367;2,53;
PT-AU15;AU1-11190;ACTR-01900-001;2;Plana;UD Tape;16,0;;P24;Alma;SI;2,367;2,5;
PT-AU15;AU1-11190;ACTR-01900-001;2;Plana;UD Tape;16,0;;P25;Alma;SI;2,367;2,61;
PT-AU15;AU1-11190;ACTR-01900-001;2;Plana;UD Tape;16,0;;P26;Alma;SI;2,367;2,55;
PT-AU15;AU1-11190;ACTR-01900-001;2;Plana;UD Tape;16,0;;P27;Alma;SI;2,367;2,53;
PT-AU15;AU1-11190;ACTR-01900-001;2;Plana;UD Tape;16,0;;P28;Alma;SI;2,367;2,49;
PT-AU15;AU1-11190;ACTR-01900-001;2;Plana;UD Tape;16,0;;P29;Alma;SI;2,367;2,55;
PT-AU15;AU1-11190;ACTR-01900-001;2;Plana;UD Tape;16,0;;P30;Alma;SI;2,367;2,59;
PT-AU15;AU1-11190;ACTR-01900-001;2;Plana;UD Tape;16,0;;P31;Alma;SI;2,367;2,58;
PT-AU15;AU1-11190;ACTR-01900-001;2;Plana;UD Tape;16,0;;P32;Alma;SI;2,367;2,49;
PT-AU15;AU1-11190;ACTR-01900-001;2;Plana;UD Tape;24,0;;P1;Alma;NO;3,456;3,68;
PT-AU15;AU1-11190;ACTR-01900-001;2;Plana;UD Tape;24,0;;P2;Alma;NO;3,456;3,68;
PT-AU15;AU1-11190;ACTR-01900-001;2;Plana;UD Tape;24,0;;P3;Alma;NO;3,456;3,71;
PT-AU15;AU1-11190;ACTR-01900-001;2;Plana;UD Tape;24,0;;P4;Alma;NO;3,456;3,74;
PT-AU15;AU1-11190;ACTR-01900-001;2;Plana;UD Tape;24,0;;P5;Alma;NO;3,456;3,59;
PT-AU15;AU1-11190;ACTR-01900-001;2;Plana;UD Tape;24,0;;P6;Alma;NO;3,456;3,68;
PT-AU15;AU1-11190;ACTR-01900-001;2;Plana;UD Tape;24,0;;P7;Alma;NO;3,456;3,8;
PT-AU15;AU1-11190;ACTR-01900-001;2;Plana;UD Tape;24,0;;P8;Alma;NO;3,456;3,76;
PT-AU15;AU1-11190;ACTR-01900-001;2;Plana;UD Tape;24,0;;P9;Alma;NO;3,456;3,61;
PT-AU15;AU1-11190;ACTR-01900-001;2;Plana;UD Tape;24,0;;P10;Alma;NO;3,456;3,66;
PT-AU15;AU1-11190;ACTR-01900-001;2;Plana;UD Tape;24,0;;P11;Alma;NO;3,456;3,72;
PT-AU15;AU1-11190;ACTR-01900-001;2;Plana;UD Tape;24,0;;P12;Alma;NO;3,456;3,8;
PT-AU15;AU1-11190;ACTR-01900-001;2;Plana;UD Tape;24,0;;P13;Alma;NO;3,456;3,52;
PT-AU15;AU1-11190;ACTR-01900-001;2;Plana;UD Tape;24,0;;P14;Alma;NO;3,456;3,67;
PT-AU15;AU1-11190;ACTR-01900-001;2;Plana;UD Tape;24,0;;P15;Alma;NO;3,456;3,72;
PT-AU15;AU1-11190;ACTR-01900-001;2;Plana;UD Tape;24,0;;P16;Alma;NO;3,456;3,72;
PT-AU15;AU1-11190;ACTR-01900-001;2;Plana;UD Tape;24,0;;P17;Alma;SI;3,519;3,82;
PT-AU15;AU1-11190;ACTR-01900-001;2;Plana;UD Tape;24,0;;P18;Alma;SI;3,519;3,75;
PT-AU15;AU1-11190;ACTR-01900-001;2;Plana;UD Tape;24,0;;P19;Alma;SI;3,519;3,73;
PT-AU15;AU1-11190;ACTR-01900-001;2;Plana;UD Tape;24,0;;P20;Alma;SI;3,519;3,58;
PT-AU15;AU1-11190;ACTR-01900-001;2;Plana;UD Tape;24,0;;P21;Alma;SI;3,519;3,86;
PT-AU15;AU1-11190;ACTR-01900-001;2;Plana;UD Tape;24,0;;P22;Alma;SI;3,519;3,83;
PT-AU15;AU1-11190;ACTR-01900-001;2;Plana;UD Tape;24,0;;P23;Alma;SI;3,519;3,74;
PT-AU15;AU1-11190;ACTR-01900-001;2;Plana;UD Tape;24,0;;P24;Alma;SI;3,519;3,64;
PT-AU15;AU1-11190;ACTR-01900-001;2;Plana;UD Tape;24,0;;P25;Alma;SI;3,519;3,84;
PT-AU15;AU1-11190;ACTR-01900-001;2;Plana;UD Tape;24,0;;P26;Alma;SI;3,519;3,8;
PT-AU15;AU1-11190;ACTR-01900-001;2;Plana;UD Tape;24,0;;P27;Alma;SI;3,519;3,78;
PT-AU15;AU1-11190;ACTR-01900-001;2;Plana;UD Tape;24,0;;P28;Alma;SI;3,519;3,66;
PT-AU15;AU1-11190;ACTR-01900-001;2;Plana;UD Tape;24,0;;P29;Alma;SI;3,519;3,82;
PT-AU15;AU1-11190;ACTR-01900-001;2;Plana;UD Tape;24,0;;P30;Alma;SI;3,519;3,78;
PT-AU15;AU1-11190;ACTR-01900-001;2;Plana;UD Tape;24,0;;P31;Alma;SI;3,519;3,81;
PT-AU15;AU1-11190;ACTR-01900-001;2;Plana;UD Tape;24,0;;P32;Alma;SI;3,519;3,63;
PT-AU15;AU1-11190;ACTR-01900-001;2;Plana;UD Tape;52,0;;P1;Alma;NO;7,488;7,48;
PT-AU15;AU1-11190;ACTR-01900-001;2;Plana;UD Tape;52,0;;P2;Alma;NO;7,488;7,65;
PT-AU15;AU1-11190;ACTR-01900-001;2;Plana;UD Tape;52,0;;P3;Alma;NO;7,488;7,74;
PT-AU15;AU1-11190;ACTR-01900-001;2;Plana;UD Tape;52,0;;P4;Alma;NO;7,488;7,82;
PT-AU15;AU1-11190;ACTR-01900-001;2;Plana;UD Tape;52,0;;P5;Alma;NO;7,488;7,76;
PT-AU15;AU1-11190;ACTR-01900-001;2;Plana;UD Tape;52,0;;P6;Alma;NO;7,488;7,88;
PT-AU15;AU1-11190;ACTR-01900-001;2;Plana;UD Tape;52,0;;P7;Alma;NO;7,488;8,0;
PT-AU15;AU1-11190;ACTR-01900-001;2;Plana;UD Tape;52,0;;P8;Alma;NO;7,488;7,92;
PT-AU15;AU1-11190;ACTR-01900-001;2;Plana;UD Tape;52,0;;P9;Alma;NO;7,488;7,75;
PT-AU15;AU1-11190;ACTR-01900-001;2;Plana;UD Tape;52,0;;P10;Alma;NO;7,488;7,87;
PT-AU15;AU1-11190;ACTR-01900-001;2;Plana;UD Tape;52,0;;P11;Alma;NO;7,488;8,04;
PT-AU15;AU1-11190;ACTR-01900-001;2;Plana;UD Tape;52,0;;P12;Alma;NO;7,488;8,02;
PT-AU15;AU1-11190;ACTR-01900-001;2;Plana;UD Tape;52,0;;P13;Alma;NO;7,488;7,75;
PT-AU15;AU1-11190;ACTR-01900-001;2;Plana;UD Tape;52,0;;P14;Alma;NO;7,488;7,86;
PT-AU15;AU1-11190;ACTR-01900-001;2;Plana;UD Tape;52,0;;P15;Alma;NO;7,488;7,96;
PT-AU15;AU1-11190;ACTR-01900-001;2;Plana;UD Tape;52,0;;P16;Alma;NO;7,488;8,01;
PT-AU15;AU1-11190;ACTR-01900-001;2;Plana;UD Tape;52,0;;P17;Alma;SI;7,551;7,77;
PT-AU15;AU1-11190;ACTR-01900-001;2;Plana;UD Tape;52,0;;P18;Alma;SI;7,551;7,8;
PT-AU15;AU1-11190;ACTR-01900-001;2;Plana;UD Tape;52,0;;P19;Alma;SI;7,551;7,78;
PT-AU15;AU1-11190;ACTR-01900-001;2;Plana;UD Tape;52,0;;P20;Alma;SI;7,551;7,6;
PT-AU15;AU1-11190;ACTR-01900-001;2;Plana;UD Tape;52,0;;P21;Alma;SI;7,551;8,0;
PT-AU15;AU1-11190;ACTR-01900-001;2;Plana;UD Tape;52,0;;P22;Alma;SI;7,551;8,03;
PT-AU15;AU1-11190;ACTR-01900-001;2;Plana;UD Tape;52,0;;P23;Alma;SI;7,551;7,97;
PT-AU15;AU1-11190;ACTR-01900-001;2;Plana;UD Tape;52,0;;P24;Alma;SI;7,551;7,77;
PT-AU15;AU1-11190;ACTR-01900-001;2;Plana;UD Tape;52,0;;P25;Alma;SI;7,551;8,07;
PT-AU15;AU1-11190;ACTR-01900-001;2;Plana;UD Tape;52,0;;P26;Alma;SI;7,551;7,98;
PT-AU15;AU1-11190;ACTR-01900-001;2;Plana;UD Tape;52,0;;P27;Alma;SI;7,551;7,96;
PT-AU15;AU1-11190;ACTR-01900-001;2;Plana;UD Tape;52,0;;P28;Alma;SI;7,551;7,8;
PT-AU15;AU1-11190;ACTR-01900-001;2;Plana;UD Tape;52,0;;P29;Alma;SI;7,551;8,04;
PT-AU15;AU1-11190;ACTR-01900-001;2;Plana;UD Tape;52,0;;P30;Alma;SI;7,551;8,04;
PT-AU15;AU1-11190;ACTR-01900-001;2;Plana;UD Tape;52,0;;P31;Alma;SI;7,551;7,93;
PT-AU15;AU1-11190;ACTR-01900-001;2;Plana;UD Tape;52,0;;P32;Alma;SI;7,551;7,77;
PT-AU15;AU1-11190;ACTR-01900-001;3;Plana;UD Tape;8,0;;P1;Alma;NO;1,152;1,35;
PT-AU15;AU1-11190;ACTR-01900-001;3;Plana;UD Tape;8,0;;P2;Alma;NO;1,152;1,32;
PT-AU15;AU1-11190;ACTR-01900-001;3;Plana;UD Tape;8,0;;P3;Alma;NO;1,152;1,28;
PT-AU15;AU1-11190;ACTR-01900-001;3;Plana;UD Tape;8,0;;P4;Alma;NO;1,152;1,29;
PT-AU15;AU1-11190;ACTR-01900-001;3;Plana;UD Tape;8,0;;P5;Alma;NO;1,152;1,28;
PT-AU15;AU1-11190;ACTR-01900-001;3;Plana;UD Tape;8,0;;P6;Alma;NO;1,152;1,29;
PT-AU15;AU1-11190;ACTR-01900-001;3;Plana;UD Tape;8,0;;P7;Alma;NO;1,152;1,31;
PT-AU15;AU1-11190;ACTR-01900-001;3;Plana;UD Tape;8,0;;P8;Alma;NO;1,152;1,33;
PT-AU15;AU1-11190;ACTR-01900-001;3;Plana;UD Tape;8,0;;P9;Alma;NO;1,152;1,28;
PT-AU15;AU1-11190;ACTR-01900-001;3;Plana;UD Tape;8,0;;P10;Alma;NO;1,152;1,3;
PT-AU15;AU1-11190;ACTR-01900-001;3;Plana;UD Tape;8,0;;P11;Alma;NO;1,152;1,3;
PT-AU15;AU1-11190;ACTR-01900-001;3;Plana;UD Tape;8,0;;P12;Alma;NO;1,152;1,33;
PT-AU15;AU1-11190;ACTR-01900-001;3;Plana;UD Tape;8,0;;P13;Alma;NO;1,152;1,23;
PT-AU15;AU1-11190;ACTR-01900-001;3;Plana;UD Tape;8,0;;P14;Alma;NO;1,152;1,23;
PT-AU15;AU1-11190;ACTR-01900-001;3;Plana;UD Tape;8,0;;P15;Alma;NO;1,152;1,21;
PT-AU15;AU1-11190;ACTR-01900-001;3;Plana;UD Tape;8,0;;P16;Alma;NO;1,152;1,21;
PT-AU15;AU1-11190;ACTR-01900-001;3;Plana;UD Tape;8,0;;P17;Alma;SI;1,215;1,16;
PT-AU15;AU1-11190;ACTR-01900-001;3;Plana;UD Tape;8,0;;P18;Alma;SI;1,215;1,19;
PT-AU15;AU1-11190;ACTR-01900-001;3;Plana;UD Tape;8,0;;P19;Alma;SI;1,215;1,24;
PT-AU15;AU1-11190;ACTR-01900-001;3;Plana;UD Tape;8,0;;P20;Alma;SI;1,215;1,25;
PT-AU15;AU1-11190;ACTR-01900-001;3;Plana;UD Tape;8,0;;P21;Alma;SI;1,215;1,18;
PT-AU15;AU1-11190;ACTR-01900-001;3;Plana;UD Tape;8,0;;P22;Alma;SI;1,215;1,2;
PT-AU15;AU1-11190;ACTR-01900-001;3;Plana;UD Tape;8,0;;P23;Alma;SI;1,215;1,23;
PT-AU15;AU1-11190;ACTR-01900-001;3;Plana;UD Tape;8,0;;P24;Alma;SI;1,215;1,22;
PT-AU15;AU1-11190;ACTR-01900-001;3;Plana;UD Tape;8,0;;P25;Alma;SI;1,215;1,49;
PT-AU15;AU1-11190;ACTR-01900-001;3;Plana;UD Tape;8,0;;P26;Alma;SI;1,215;1,24;
PT-AU15;AU1-11190;ACTR-01900-001;3;Plana;UD Tape;8,0;;P27;Alma;SI;1,215;1,29;
PT-AU15;AU1-11190;ACTR-01900-001;3;Plana;UD Tape;8,0;;P28;Alma;SI;1,215;1,21;
PT-AU15;AU1-11190;ACTR-01900-001;3;Plana;UD Tape;8,0;;P29;Alma;SI;1,215;1,16;
PT-AU15;AU1-11190;ACTR-01900-001;3;Plana;UD Tape;8,0;;P30;Alma;SI;1,215;1,2;
PT-AU15;AU1-11190;ACTR-01900-001;3;Plana;UD Tape;8,0;;P31;Alma;SI;1,215;1,18;
PT-AU15;AU1-11190;ACTR-01900-001;3;Plana;UD Tape;8,0;;P32;Alma;SI;1,215;1,17;
PT-AU15;AU1-11190;ACTR-01900-001;3;Plana;UD Tape;16,0;;P1;Alma;NO;2,304;2,38;
PT-AU15;AU1-11190;ACTR-01900-001;3;Plana;UD Tape;16,0;;P2;Alma;NO;2,304;2,44;
PT-AU15;AU1-11190;ACTR-01900-001;3;Plana;UD Tape;16,0;;P3;Alma;NO;2,304;2,53;
PT-AU15;AU1-11190;ACTR-01900-001;3;Plana;UD Tape;16,0;;P4;Alma;NO;2,304;2,53;
PT-AU15;AU1-11190;ACTR-01900-001;3;Plana;UD Tape;16,0;;P5;Alma;NO;2,304;2,4;
PT-AU15;AU1-11190;ACTR-01900-001;3;Plana;UD Tape;16,0;;P6;Alma;NO;2,304;2,5;
PT-AU15;AU1-11190;ACTR-01900-001;3;Plana;UD Tape;16,0;;P7;Alma;NO;2,304;2,5;
PT-AU15;AU1-11190;ACTR-01900-001;3;Plana;UD Tape;16,0;;P8;Alma;NO;2,304;2,57;
PT-AU15;AU1-11190;ACTR-01900-001;3;Plana;UD Tape;16,0;;P9;Alma;NO;2,304;2,4;
PT-AU15;AU1-11190;ACTR-01900-001;3;Plana;UD Tape;16,0;;P10;Alma;NO;2,304;2,42;
PT-AU15;AU1-11190;ACTR-01900-001;3;Plana;UD Tape;16,0;;P11;Alma;NO;2,304;2,53;
PT-AU15;AU1-11190;ACTR-01900-001;3;Plana;UD Tape;16,0;;P12;Alma;NO;2,304;2,55;
PT-AU15;AU1-11190;ACTR-01900-001;3;Plana;UD Tape;16,0;;P13;Alma;NO;2,304;2,36;
PT-AU15;AU1-11190;ACTR-01900-001;3;Plana;UD Tape;16,0;;P14;Alma;NO;2,304;2,42;
PT-AU15;AU1-11190;ACTR-01900-001;3;Plana;UD Tape;16,0;;P15;Alma;NO;2,304;2,45;
PT-AU15;AU1-11190;ACTR-01900-001;3;Plana;UD Tape;16,0;;P16;Alma;NO;2,304;2,51;
PT-AU15;AU1-11190;ACTR-01900-001;3;Plana;UD Tape;16,0;;P17;Alma;SI;2,367;2,68;
PT-AU15;AU1-11190;ACTR-01900-001;3;Plana;UD Tape;16,0;;P18;Alma;SI;2,367;2,65;
PT-AU15;AU1-11190;ACTR-01900-001;3;Plana;UD Tape;16,0;;P19;Alma;SI;2,367;2,52;
PT-AU15;AU1-11190;ACTR-01900-001;3;Plana;UD Tape;16,0;;P20;Alma;SI;2,367;2,45;
PT-AU15;AU1-11190;ACTR-01900-001;3;Plana;UD Tape;16,0;;P21;Alma;SI;2,367;2,65;
PT-AU15;AU1-11190;ACTR-01900-001;3;Plana;UD Tape;16,0;;P22;Alma;SI;2,367;2,63;
PT-AU15;AU1-11190;ACTR-01900-001;3;Plana;UD Tape;16,0;;P23;Alma;SI;2,367;2,56;
PT-AU15;AU1-11190;ACTR-01900-001;3;Plana;UD Tape;16,0;;P24;Alma;SI;2,367;2,43;
PT-AU15;AU1-11190;ACTR-01900-001;3;Plana;UD Tape;16,0;;P25;Alma;SI;2,367;2,67;
PT-AU15;AU1-11190;ACTR-01900-001;3;Plana;UD Tape;16,0;;P26;Alma;SI;2,367;2,61;
PT-AU15;AU1-11190;ACTR-01900-001;3;Plana;UD Tape;16,0;;P27;Alma;SI;2,367;2,56;
PT-AU15;AU1-11190;ACTR-01900-001;3;Plana;UD Tape;16,0;;P28;Alma;SI;2,367;2,47;
PT-AU15;AU1-11190;ACTR-01900-001;3;Plana;UD Tape;16,0;;P29;Alma;SI;2,367;2,6;
PT-AU15;AU1-11190;ACTR-01900-001;3;Plana;UD Tape;16,0;;P30;Alma;SI;2,367;2,6;
PT-AU15;AU1-11190;ACTR-01900-001;3;Plana;UD Tape;16,0;;P31;Alma;SI;2,367;2,53;
PT-AU15;AU1-11190;ACTR-01900-001;3;Plana;UD Tape;16,0;;P32;Alma;SI;2,367;2,45;
PT-AU15;AU1-11190;ACTR-01900-001;3;Plana;UD Tape;24,0;;P1;Alma;NO;3,456;3,58;
PT-AU15;AU1-11190;ACTR-01900-001;3;Plana;UD Tape;24,0;;P2;Alma;NO;3,456;3,61;
PT-AU15;AU1-11190;ACTR-01900-001;3;Plana;UD Tape;24,0;;P3;Alma;NO;3,456;3,74;
PT-AU15;AU1-11190;ACTR-01900-001;3;Plana;UD Tape;24,0;;P4;Alma;NO;3,456;3,76;
PT-AU15;AU1-11190;ACTR-01900-001;3;Plana;UD Tape;24,0;;P5;Alma;NO;3,456;3,59;
PT-AU15;AU1-11190;ACTR-01900-001;3;Plana;UD Tape;24,0;;P6;Alma;NO;3,456;3,67;
PT-AU15;AU1-11190;ACTR-01900-001;3;Plana;UD Tape;24,0;;P7;Alma;NO;3,456;3,86;
PT-AU15;AU1-11190;ACTR-01900-001;3;Plana;UD Tape;24,0;;P8;Alma;NO;3,456;3,88;
PT-AU15;AU1-11190;ACTR-01900-001;3;Plana;UD Tape;24,0;;P9;Alma;NO;3,456;3,56;
PT-AU15;AU1-11190;ACTR-01900-001;3;Plana;UD Tape;24,0;;P10;Alma;NO;3,456;3,74;
PT-AU15;AU1-11190;ACTR-01900-001;3;Plana;UD Tape;24,0;;P11;Alma;NO;3,456;3,82;
PT-AU15;AU1-11190;ACTR-01900-001;3;Plana;UD Tape;24,0;;P12;Alma;NO;3,456;3,84;
PT-AU15;AU1-11190;ACTR-01900-001;3;Plana;UD Tape;24,0;;P13;Alma;NO;3,456;3,51;
PT-AU15;AU1-11190;ACTR-01900-001;3;Plana;UD Tape;24,0;;P14;Alma;NO;3,456;3,64;
PT-AU15;AU1-11190;ACTR-01900-001;3;Plana;UD Tape;24,0;;P15;Alma;NO;3,456;3,73;
PT-AU15;AU1-11190;ACTR-01900-001;3;Plana;UD Tape;24,0;;P16;Alma;NO;3,456;3,79;
PT-AU15;AU1-11190;ACTR-01900-001;3;Plana;UD Tape;24,0;;P17;Alma;SI;3,519;3,7;
PT-AU15;AU1-11190;ACTR-01900-001;3;Plana;UD Tape;24,0;;P18;Alma;SI;3,519;3,76;
PT-AU15;AU1-11190;ACTR-01900-001;3;Plana;UD Tape;24,0;;P19;Alma;SI;3,519;3,7;
PT-AU15;AU1-11190;ACTR-01900-001;3;Plana;UD Tape;24,0;;P20;Alma;SI;3,519;3,59;
PT-AU15;AU1-11190;ACTR-01900-001;3;Plana;UD Tape;24,0;;P21;Alma;SI;3,519;3,79;
PT-AU15;AU1-11190;ACTR-01900-001;3;Plana;UD Tape;24,0;;P22;Alma;SI;3,519;3,8;
PT-AU15;AU1-11190;ACTR-01900-001;3;Plana;UD Tape;24,0;;P23;Alma;SI;3,519;3,78;
PT-AU15;AU1-11190;ACTR-01900-001;3;Plana;UD Tape;24,0;;P24;Alma;SI;3,519;3,68;
PT-AU15;AU1-11190;ACTR-01900-001;3;Plana;UD Tape;24,0;;P25;Alma;SI;3,519;3,82;
PT-AU15;AU1-11190;ACTR-01900-001;3;Plana;UD Tape;24,0;;P26;Alma;SI;3,519;3,76;
PT-AU15;AU1-11190;ACTR-01900-001;3;Plana;UD Tape;24,0;;P27;Alma;SI;3,519;3,73;
PT-AU15;AU1-11190;ACTR-01900-001;3;Plana;UD Tape;24,0;;P28;Alma;SI;3,519;3,66;
PT-AU15;AU1-11190;ACTR-01900-001;3;Plana;UD Tape;24,0;;P29;Alma;SI;3,519;3,8;
PT-AU15;AU1-11190;ACTR-01900-001;3;Plana;UD Tape;24,0;;P30;Alma;SI;3,519;3,8;
PT-AU15;AU1-11190;ACTR-01900-001;3;Plana;UD Tape;24,0;;P31;Alma;SI;3,519;3,76;
PT-AU15;AU1-11190;ACTR-01900-001;3;Plana;UD Tape;24,0;;P32;Alma;SI;3,519;3,62;
PT-AU15;AU1-11190;ACTR-01900-001;3;Plana;UD Tape;52,0;;P1;Alma;NO;7,488;7,51;
PT-AU15;AU1-11190;ACTR-01900-001;3;Plana;UD Tape;52,0;;P2;Alma;NO;7,488;7,58;
PT-AU15;AU1-11190;ACTR-01900-001;3;Plana;UD Tape;52,0;;P3;Alma;NO;7,488;7,67;
PT-AU15;AU1-11190;ACTR-01900-001;3;Plana;UD Tape;52,0;;P4;Alma;NO;7,488;7,66;
PT-AU15;AU1-11190;ACTR-01900-001;3;Plana;UD Tape;52,0;;P5;Alma;NO;7,488;7,61;
PT-AU15;AU1-11190;ACTR-01900-001;3;Plana;UD Tape;52,0;;P6;Alma;NO;7,488;7,81;
PT-AU15;AU1-11190;ACTR-01900-001;3;Plana;UD Tape;52,0;;P7;Alma;NO;7,488;7,84;
PT-AU15;AU1-11190;ACTR-01900-001;3;Plana;UD Tape;52,0;;P8;Alma;NO;7,488;7,93;
PT-AU15;AU1-11190;ACTR-01900-001;3;Plana;UD Tape;52,0;;P9;Alma;NO;7,488;7,65;
PT-AU15;AU1-11190;ACTR-01900-001;3;Plana;UD Tape;52,0;;P10;Alma;NO;7,488;7,8;
PT-AU15;AU1-11190;ACTR-01900-001;3;Plana;UD Tape;52,0;;P11;Alma;NO;7,488;7,91;
PT-AU15;AU1-11190;ACTR-01900-001;3;Plana;UD Tape;52,0;;P12;Alma;NO;7,488;7,93;
PT-AU15;AU1-11190;ACTR-01900-001;3;Plana;UD Tape;52,0;;P13;Alma;NO;7,488;7,58;
PT-AU15;AU1-11190;ACTR-01900-001;3;Plana;UD Tape;52,0;;P14;Alma;NO;7,488;7,72;
PT-AU15;AU1-11190;ACTR-01900-001;3;Plana;UD Tape;52,0;;P15;Alma;NO;7,488;7,88;
PT-AU15;AU1-11190;ACTR-01900-001;3;Plana;UD Tape;52,0;;P16;Alma;NO;7,488;7,9;
PT-AU15;AU1-11190;ACTR-01900-001;3;Plana;UD Tape;52,0;;P17;Alma;SI;7,551;7,77;
PT-AU15;AU1-11190;ACTR-01900-001;3;Plana;UD Tape;52,0;;P18;Alma;SI;7,551;7,77;
PT-AU15;AU1-11190;ACTR-01900-001;3;Plana;UD Tape;52,0;;P19;Alma;SI;7,551;7,68;
PT-AU15;AU1-11190;ACTR-01900-001;3;Plana;UD Tape;52,0;;P20;Alma;SI;7,551;7,57;
PT-AU15;AU1-11190;ACTR-01900-001;3;Plana;UD Tape;52,0;;P21;Alma;SI;7,551;7,96;
PT-AU15;AU1-11190;ACTR-01900-001;3;Plana;UD Tape;52,0;;P22;Alma;SI;7,551;7,9;
PT-AU15;AU1-11190;ACTR-01900-001;3;Plana;UD Tape;52,0;;P23;Alma;SI;7,551;7,9;
PT-AU15;AU1-11190;ACTR-01900-001;3;Plana;UD Tape;52,0;;P24;Alma;SI;7,551;7,77;
PT-AU15;AU1-11190;ACTR-01900-001;3;Plana;UD Tape;52,0;;P25;Alma;SI;7,551;8,02;
PT-AU15;AU1-11190;ACTR-01900-001;3;Plana;UD Tape;52,0;;P26;Alma;SI;7,551;7,96;
PT-AU15;AU1-11190;ACTR-01900-001;3;Plana;UD Tape;52,0;;P27;Alma;SI;7,551;7,96;
PT-AU15;AU1-11190;ACTR-01900-001;3;Plana;UD Tape;52,0;;P28;Alma;SI;7,551;7,77;
PT-AU15;AU1-11190;ACTR-01900-001;3;Plana;UD Tape;52,0;;P29;Alma;SI;7,551;8,12;
PT-AU15;AU1-11190;ACTR-01900-001;3;Plana;UD Tape;52,0;;P30;Alma;SI;7,551;7,95;
PT-AU15;AU1-11190;ACTR-01900-001;3;Plana;UD Tape;52,0;;P31;Alma;SI;7,551;7,82;
PT-AU15;AU1-11190;ACTR-01900-001;3;Plana;UD Tape;52,0;;P32;Alma;SI;7,551;7,68;
PT-AU15;AU1-11236;ACTR-01900-001;4;Plana;UD Tape;8,0;;P1;Alma;NO;1,152;1,25;
PT-AU15;AU1-11236;ACTR-01900-001;4;Plana;UD Tape;8,0;;P2;Alma;NO;1,152;1,29;
PT-AU15;AU1-11236;ACTR-01900-001;4;Plana;UD Tape;8,0;;P3;Alma;NO;1,152;1,28;
PT-AU15;AU1-11236;ACTR-01900-001;4;Plana;UD Tape;8,0;;P4;Alma;NO;1,152;1,35;
PT-AU15;AU1-11236;ACTR-01900-001;4;Plana;UD Tape;8,0;;P5;Alma;NO;1,152;1,26;
PT-AU15;AU1-11236;ACTR-01900-001;4;Plana;UD Tape;8,0;;P6;Alma;NO;1,152;1,31;
PT-AU15;AU1-11236;ACTR-01900-001;4;Plana;UD Tape;8,0;;P7;Alma;NO;1,152;1,24;
PT-AU15;AU1-11236;ACTR-01900-001;4;Plana;UD Tape;8,0;;P8;Alma;NO;1,152;1,31;
PT-AU15;AU1-11236;ACTR-01900-001;4;Plana;UD Tape;8,0;;P9;Alma;NO;1,152;1,19;
PT-AU15;AU1-11236;ACTR-01900-001;4;Plana;UD Tape;8,0;;P10;Alma;NO;1,152;1,3;
PT-AU15;AU1-11236;ACTR-01900-001;4;Plana;UD Tape;8,0;;P11;Alma;NO;1,152;1,3;
PT-AU15;AU1-11236;ACTR-01900-001;4;Plana;UD Tape;8,0;;P12;Alma;NO;1,152;1,35;
PT-AU15;AU1-11236;ACTR-01900-001;4;Plana;UD Tape;8,0;;P13;Alma;NO;1,152;1,28;
PT-AU15;AU1-11236;ACTR-01900-001;4;Plana;UD Tape;8,0;;P14;Alma;NO;1,152;1,37;
PT-AU15;AU1-11236;ACTR-01900-001;4;Plana;UD Tape;8,0;;P15;Alma;NO;1,152;1,22;
PT-AU15;AU1-11236;ACTR-01900-001;4;Plana;UD Tape;8,0;;P16;Alma;NO;1,152;1,37;
PT-AU15;AU1-11236;ACTR-01900-001;4;Plana;UD Tape;8,0;;P17;Alma;SI;1,215;1,34;
PT-AU15;AU1-11236;ACTR-01900-001;4;Plana;UD Tape;8,0;;P18;Alma;SI;1,215;1,37;
PT-AU15;AU1-11236;ACTR-01900-001;4;Plana;UD Tape;8,0;;P19;Alma;SI;1,215;1,3;
PT-AU15;AU1-11236;ACTR-01900-001;4;Plana;UD Tape;8,0;;P20;Alma;SI;1,215;1,29;
PT-AU15;AU1-11236;ACTR-01900-001;4;Plana;UD Tape;8,0;;P21;Alma;SI;1,215;1,36;
PT-AU15;AU1-11236;ACTR-01900-001;4;Plana;UD Tape;8,0;;P22;Alma;SI;1,215;1,42;
PT-AU15;AU1-11236;ACTR-01900-001;4;Plana;UD Tape;8,0;;P23;Alma;SI;1,215;1,31;
PT-AU15;AU1-11236;ACTR-01900-001;4;Plana;UD Tape;8,0;;P24;Alma;SI;1,215;1,34;
PT-AU15;AU1-11236;ACTR-01900-001;4;Plana;UD Tape;8,0;;P25;Alma;SI;1,215;1,3;
PT-AU15;AU1-11236;ACTR-01900-001;4;Plana;UD Tape;8,0;;P26;Alma;SI;1,215;1,41;
PT-AU15;AU1-11236;ACTR-01900-001;4;Plana;UD Tape;8,0;;P27;Alma;SI;1,215;1,32;
PT-AU15;AU1-11236;ACTR-01900-001;4;Plana;UD Tape;8,0;;P28;Alma;SI;1,215;1,36;
PT-AU15;AU1-11236;ACTR-01900-001;4;Plana;UD Tape;8,0;;P29;Alma;SI;1,215;1,35;
PT-AU15;AU1-11236;ACTR-01900-001;4;Plana;UD Tape;8,0;;P30;Alma;SI;1,215;1,39;
PT-AU15;AU1-11236;ACTR-01900-001;4;Plana;UD Tape;8,0;;P31;Alma;SI;1,215;1,35;
PT-AU15;AU1-11236;ACTR-01900-001;4;Plana;UD Tape;8,0;;P32;Alma;SI;1,215;1,32;
PT-AU15;AU1-11236;ACTR-01900-001;4;Plana;UD Tape;16,0;;P1;Alma;NO;2,304;2,42;
PT-AU15;AU1-11236;ACTR-01900-001;4;Plana;UD Tape;16,0;;P2;Alma;NO;2,304;2,51;
PT-AU15;AU1-11236;ACTR-01900-001;4;Plana;UD Tape;16,0;;P3;Alma;NO;2,304;2,52;
PT-AU15;AU1-11236;ACTR-01900-001;4;Plana;UD Tape;16,0;;P4;Alma;NO;2,304;2,52;
PT-AU15;AU1-11236;ACTR-01900-001;4;Plana;UD Tape;16,0;;P5;Alma;NO;2,304;2,43;
PT-AU15;AU1-11236;ACTR-01900-001;4;Plana;UD Tape;16,0;;P6;Alma;NO;2,304;2,52;
PT-AU15;AU1-11236;ACTR-01900-001;4;Plana;UD Tape;16,0;;P7;Alma;NO;2,304;2,53;
PT-AU15;AU1-11236;ACTR-01900-001;4;Plana;UD Tape;16,0;;P8;Alma;NO;2,304;2,5;
PT-AU15;AU1-11236;ACTR-01900-001;4;Plana;UD Tape;16,0;;P9;Alma;NO;2,304;2,38;
PT-AU15;AU1-11236;ACTR-01900-001;4;Plana;UD Tape;16,0;;P10;Alma;NO;2,304;2,45;
PT-AU15;AU1-11236;ACTR-01900-001;4;Plana;UD Tape;16,0;;P11;Alma;NO;2,304;2,48;
PT-AU15;AU1-11236;ACTR-01900-001;4;Plana;UD Tape;16,0;;P12;Alma;NO;2,304;2,51;
PT-AU15;AU1-11236;ACTR-01900-001;4;Plana;UD Tape;16,0;;P13;Alma;NO;2,304;2,4;
PT-AU15;AU1-11236;ACTR-01900-001;4;Plana;UD Tape;16,0;;P14;Alma;NO;2,304;2,47;
PT-AU15;AU1-11236;ACTR-01900-001;4;Plana;UD Tape;16,0;;P15;Alma;NO;2,304;2,55;
PT-AU15;AU1-11236;ACTR-01900-001;4;Plana;UD Tape;16,0;;P16;Alma;NO;2,304;2,49;
PT-AU15;AU1-11236;ACTR-01900-001;4;Plana;UD Tape;16,0;;P17;Alma;SI;2,367;2,61;
PT-AU15;AU1-11236;ACTR-01900-001;4;Plana;UD Tape;16,0;;P18;Alma;SI;2,367;2,66;
PT-AU15;AU1-11236;ACTR-01900-001;4;Plana;UD Tape;16,0;;P19;Alma;SI;2,367;2,69;
PT-AU15;AU1-11236;ACTR-01900-001;4;Plana;UD Tape;16,0;;P20;Alma;SI;2,367;2,65;
PT-AU15;AU1-11236;ACTR-01900-001;4;Plana;UD Tape;16,0;;P21;Alma;SI;2,367;2,64;
PT-AU15;AU1-11236;ACTR-01900-001;4;Plana;UD Tape;16,0;;P22;Alma;SI;2,367;2,66;
PT-AU15;AU1-11236;ACTR-01900-001;4;Plana;UD Tape;16,0;;P23;Alma;SI;2,367;2,68;
PT-AU15;AU1-11236;ACTR-01900-001;4;Plana;UD Tape;16,0;;P24;Alma;SI;2,367;2,63;
PT-AU15;AU1-11236;ACTR-01900-001;4;Plana;UD Tape;16,0;;P25;Alma;SI;2,367;2,6;
PT-AU15;AU1-11236;ACTR-01900-001;4;Plana;UD Tape;16,0;;P26;Alma;SI;2,367;2,62;
PT-AU15;AU1-11236;ACTR-01900-001;4;Plana;UD Tape;16,0;;P27;Alma;SI;2,367;2,63;
PT-AU15;AU1-11236;ACTR-01900-001;4;Plana;UD Tape;16,0;;P28;Alma;SI;2,367;2,56;
PT-AU15;AU1-11236;ACTR-01900-001;4;Plana;UD Tape;16,0;;P29;Alma;SI;2,367;2,54;
PT-AU15;AU1-11236;ACTR-01900-001;4;Plana;UD Tape;16,0;;P30;Alma;SI;2,367;2,57;
PT-AU15;AU1-11236;ACTR-01900-001;4;Plana;UD Tape;16,0;;P31;Alma;SI;2,367;2,59;
PT-AU15;AU1-11236;ACTR-01900-001;4;Plana;UD Tape;16,0;;P32;Alma;SI;2,367;2,54;
PT-AU15;AU1-11236;ACTR-01900-001;4;Plana;UD Tape;24,0;;P1;Alma;NO;3,456;3,75;
PT-AU15;AU1-11236;ACTR-01900-001;4;Plana;UD Tape;24,0;;P2;Alma;NO;3,456;3,71;
PT-AU15;AU1-11236;ACTR-01900-001;4;Plana;UD Tape;24,0;;P3;Alma;NO;3,456;3,73;
PT-AU15;AU1-11236;ACTR-01900-001;4;Plana;UD Tape;24,0;;P4;Alma;NO;3,456;3,7;
PT-AU15;AU1-11236;ACTR-01900-001;4;Plana;UD Tape;24,0;;P5;Alma;NO;3,456;3,68;
PT-AU15;AU1-11236;ACTR-01900-001;4;Plana;UD Tape;24,0;;P6;Alma;NO;3,456;3,72;
PT-AU15;AU1-11236;ACTR-01900-001;4;Plana;UD Tape;24,0;;P7;Alma;NO;3,456;3,77;
PT-AU15;AU1-11236;ACTR-01900-001;4;Plana;UD Tape;24,0;;P8;Alma;NO;3,456;3,78;
PT-AU15;AU1-11236;ACTR-01900-001;4;Plana;UD Tape;24,0;;P9;Alma;NO;3,456;3,72;
PT-AU15;AU1-11236;ACTR-01900-001;4;Plana;UD Tape;24,0;;P10;Alma;NO;3,456;3,8;
PT-AU15;AU1-11236;ACTR-01900-001;4;Plana;UD Tape;24,0;;P11;Alma;NO;3,456;3,8;
PT-AU15;AU1-11236;ACTR-01900-001;4;Plana;UD Tape;24,0;;P12;Alma;NO;3,456;3,8;
PT-AU15;AU1-11236;ACTR-01900-001;4;Plana;UD Tape;24,0;;P13;Alma;NO;3,456;3,68;
PT-AU15;AU1-11236;ACTR-01900-001;4;Plana;UD Tape;24,0;;P14;Alma;NO;3,456;3,72;
PT-AU15;AU1-11236;ACTR-01900-001;4;Plana;UD Tape;24,0;;P15;Alma;NO;3,456;3,72;
PT-AU15;AU1-11236;ACTR-01900-001;4;Plana;UD Tape;24,0;;P16;Alma;NO;3,456;3,78;
PT-AU15;AU1-11236;ACTR-01900-001;4;Plana;UD Tape;24,0;;P17;Alma;SI;3,519;3,75;
PT-AU15;AU1-11236;ACTR-01900-001;4;Plana;UD Tape;24,0;;P18;Alma;SI;3,519;3,67;
PT-AU15;AU1-11236;ACTR-01900-001;4;Plana;UD Tape;24,0;;P19;Alma;SI;3,519;3,67;
PT-AU15;AU1-11236;ACTR-01900-001;4;Plana;UD Tape;24,0;;P20;Alma;SI;3,519;3,75;
PT-AU15;AU1-11236;ACTR-01900-001;4;Plana;UD Tape;24,0;;P21;Alma;SI;3,519;3,72;
PT-AU15;AU1-11236;ACTR-01900-001;4;Plana;UD Tape;24,0;;P22;Alma;SI;3,519;3,84;
PT-AU15;AU1-11236;ACTR-01900-001;4;Plana;UD Tape;24,0;;P23;Alma;SI;3,519;3,7;
PT-AU15;AU1-11236;ACTR-01900-001;4;Plana;UD Tape;24,0;;P24;Alma;SI;3,519;3,63;
PT-AU15;AU1-11236;ACTR-01900-001;4;Plana;UD Tape;24,0;;P25;Alma;SI;3,519;3,8;
PT-AU15;AU1-11236;ACTR-01900-001;4;Plana;UD Tape;24,0;;P26;Alma;SI;3,519;3,78;
PT-AU15;AU1-11236;ACTR-01900-001;4;Plana;UD Tape;24,0;;P27;Alma;SI;3,519;3,7;
PT-AU15;AU1-11236;ACTR-01900-001;4;Plana;UD Tape;24,0;;P28;Alma;SI;3,519;3,61;
PT-AU15;AU1-11236;ACTR-01900-001;4;Plana;UD Tape;24,0;;P29;Alma;SI;3,519;3,86;
PT-AU15;AU1-11236;ACTR-01900-001;4;Plana;UD Tape;24,0;;P30;Alma;SI;3,519;3,85;
PT-AU15;AU1-11236;ACTR-01900-001;4;Plana;UD Tape;24,0;;P31;Alma;SI;3,519;3,8;
PT-AU15;AU1-11236;ACTR-01900-001;4;Plana;UD Tape;24,0;;P32;Alma;SI;3,519;3,71;
PT-AU15;AU1-11236;ACTR-01900-001;4;Plana;UD Tape;52,0;;P1;Alma;NO;7,488;7,63;
PT-AU15;AU1-11236;ACTR-01900-001;4;Plana;UD Tape;52,0;;P2;Alma;NO;7,488;7,7;
PT-AU15;AU1-11236;ACTR-01900-001;4;Plana;UD Tape;52,0;;P3;Alma;NO;7,488;7,63;
PT-AU15;AU1-11236;ACTR-01900-001;4;Plana;UD Tape;52,0;;P4;Alma;NO;7,488;7,74;
PT-AU15;AU1-11236;ACTR-01900-001;4;Plana;UD Tape;52,0;;P5;Alma;NO;7,488;7,79;
PT-AU15;AU1-11236;ACTR-01900-001;4;Plana;UD Tape;52,0;;P6;Alma;NO;7,488;7,96;
PT-AU15;AU1-11236;ACTR-01900-001;4;Plana;UD Tape;52,0;;P7;Alma;NO;7,488;8,0;
PT-AU15;AU1-11236;ACTR-01900-001;4;Plana;UD Tape;52,0;;P8;Alma;NO;7,488;7,95;
PT-AU15;AU1-11236;ACTR-01900-001;4;Plana;UD Tape;52,0;;P9;Alma;NO;7,488;7,97;
PT-AU15;AU1-11236;ACTR-01900-001;4;Plana;UD Tape;52,0;;P10;Alma;NO;7,488;8,11;
PT-AU15;AU1-11236;ACTR-01900-001;4;Plana;UD Tape;52,0;;P11;Alma;NO;7,488;8,12;
PT-AU15;AU1-11236;ACTR-01900-001;4;Plana;UD Tape;52,0;;P12;Alma;NO;7,488;8,1;
PT-AU15;AU1-11236;ACTR-01900-001;4;Plana;UD Tape;52,0;;P13;Alma;NO;7,488;8,09;
PT-AU15;AU1-11236;ACTR-01900-001;4;Plana;UD Tape;52,0;;P14;Alma;NO;7,488;8,17;
PT-AU15;AU1-11236;ACTR-01900-001;4;Plana;UD Tape;52,0;;P15;Alma;NO;7,488;8,17;
PT-AU15;AU1-11236;ACTR-01900-001;4;Plana;UD Tape;52,0;;P16;Alma;NO;7,488;8,15;
PT-AU15;AU1-11236;ACTR-01900-001;4;Plana;UD Tape;52,0;;P17;Alma;SI;7,551;7,81;
PT-AU15;AU1-11236;ACTR-01900-001;4;Plana;UD Tape;52,0;;P18;Alma;SI;7,551;7,75;
PT-AU15;AU1-11236;ACTR-01900-001;4;Plana;UD Tape;52,0;;P19;Alma;SI;7,551;7,85;
PT-AU15;AU1-11236;ACTR-01900-001;4;Plana;UD Tape;52,0;;P20;Alma;SI;7,551;7,83;
PT-AU15;AU1-11236;ACTR-01900-001;4;Plana;UD Tape;52,0;;P21;Alma;SI;7,551;8,01;
PT-AU15;AU1-11236;ACTR-01900-001;4;Plana;UD Tape;52,0;;P22;Alma;SI;7,551;8,09;
PT-AU15;AU1-11236;ACTR-01900-001;4;Plana;UD Tape;52,0;;P23;Alma;SI;7,551;8,24;
PT-AU15;AU1-11236;ACTR-01900-001;4;Plana;UD Tape;52,0;;P24;Alma;SI;7,551;8,12;
PT-AU15;AU1-11236;ACTR-01900-001;4;Plana;UD Tape;52,0;;P25;Alma;SI;7,551;8,24;
PT-AU15;AU1-11236;ACTR-01900-001;4;Plana;UD Tape;52,0;;P26;Alma;SI;7,551;8,24;
PT-AU15;AU1-11236;ACTR-01900-001;4;Plana;UD Tape;52,0;;P27;Alma;SI;7,551;8,37;
PT-AU15;AU1-11236;ACTR-01900-001;4;Plana;UD Tape;52,0;;P28;Alma;SI;7,551;8,28;
PT-AU15;AU1-11236;ACTR-01900-001;4;Plana;UD Tape;52,0;;P29;Alma;SI;7,551;8,32;
PT-AU15;AU1-11236;ACTR-01900-001;4;Plana;UD Tape;52,0;;P30;Alma;SI;7,551;8,34;
PT-AU15;AU1-11236;ACTR-01900-001;4;Plana;UD Tape;52,0;;P31;Alma;SI;7,551;8,42;
PT-AU15;AU1-11236;ACTR-01900-001;4;Plana;UD Tape;52,0;;P32;Alma;SI;7,551;8,34;
PT-AU15;AU1-11236;ACTR-01900-001;5;Plana;UD Tape;8,0;;P1;Alma;NO;1,152;1,16;
PT-AU15;AU1-11236;ACTR-01900-001;5;Plana;UD Tape;8,0;;P2;Alma;NO;1,152;1,25;
PT-AU15;AU1-11236;ACTR-01900-001;5;Plana;UD Tape;8,0;;P3;Alma;NO;1,152;1,26;
PT-AU15;AU1-11236;ACTR-01900-001;5;Plana;UD Tape;8,0;;P4;Alma;NO;1,152;1,28;
PT-AU15;AU1-11236;ACTR-01900-001;5;Plana;UD Tape;8,0;;P5;Alma;NO;1,152;1,16;
PT-AU15;AU1-11236;ACTR-01900-001;5;Plana;UD Tape;8,0;;P6;Alma;NO;1,152;1,19;
PT-AU15;AU1-11236;ACTR-01900-001;5;Plana;UD Tape;8,0;;P7;Alma;NO;1,152;1,25;
PT-AU15;AU1-11236;ACTR-01900-001;5;Plana;UD Tape;8,0;;P8;Alma;NO;1,152;1,24;
PT-AU15;AU1-11236;ACTR-01900-001;5;Plana;UD Tape;8,0;;P9;Alma;NO;1,152;1,14;
PT-AU15;AU1-11236;ACTR-01900-001;5;Plana;UD Tape;8,0;;P10;Alma;NO;1,152;1,21;
PT-AU15;AU1-11236;ACTR-01900-001;5;Plana;UD Tape;8,0;;P11;Alma;NO;1,152;1,22;
PT-AU15;AU1-11236;ACTR-01900-001;5;Plana;UD Tape;8,0;;P12;Alma;NO;1,152;1,33;
PT-AU15;AU1-11236;ACTR-01900-001;5;Plana;UD Tape;8,0;;P13;Alma;NO;1,152;1,15;
PT-AU15;AU1-11236;ACTR-01900-001;5;Plana;UD Tape;8,0;;P14;Alma;NO;1,152;1,26;
PT-AU15;AU1-11236;ACTR-01900-001;5;Plana;UD Tape;8,0;;P15;Alma;NO;1,152;1,23;
PT-AU15;AU1-11236;ACTR-01900-001;5;Plana;UD Tape;8,0;;P16;Alma;NO;1,152;1,24;
PT-AU15;AU1-11236;ACTR-01900-001;5;Plana;UD Tape;8,0;;P17;Alma;SI;1,215;1,41;
PT-AU15;AU1-11236;ACTR-01900-001;5;Plana;UD Tape;8,0;;P18;Alma;SI;1,215;1,44;
PT-AU15;AU1-11236;ACTR-01900-001;5;Plana;UD Tape;8,0;;P19;Alma;SI;1,215;1,34;
PT-AU15;AU1-11236;ACTR-01900-001;5;Plana;UD Tape;8,0;;P20;Alma;SI;1,215;1,33;
PT-AU15;AU1-11236;ACTR-01900-001;5;Plana;UD Tape;8,0;;P21;Alma;SI;1,215;1,36;
PT-AU15;AU1-11236;ACTR-01900-001;5;Plana;UD Tape;8,0;;P22;Alma;SI;1,215;1,42;
PT-AU15;AU1-11236;ACTR-01900-001;5;Plana;UD Tape;8,0;;P23;Alma;SI;1,215;1,42;
PT-AU15;AU1-11236;ACTR-01900-001;5;Plana;UD Tape;8,0;;P24;Alma;SI;1,215;1,36;
PT-AU15;AU1-11236;ACTR-01900-001;5;Plana;UD Tape;8,0;;P25;Alma;SI;1,215;1,34;
PT-AU15;AU1-11236;ACTR-01900-001;5;Plana;UD Tape;8,0;;P26;Alma;SI;1,215;1,45;
PT-AU15;AU1-11236;ACTR-01900-001;5;Plana;UD Tape;8,0;;P27;Alma;SI;1,215;1,39;
PT-AU15;AU1-11236;ACTR-01900-001;5;Plana;UD Tape;8,0;;P28;Alma;SI;1,215;1,34;
PT-AU15;AU1-11236;ACTR-01900-001;5;Plana;UD Tape;8,0;;P29;Alma;SI;1,215;1,25;
PT-AU15;AU1-11236;ACTR-01900-001;5;Plana;UD Tape;8,0;;P30;Alma;SI;1,215;1,37;
PT-AU15;AU1-11236;ACTR-01900-001;5;Plana;UD Tape;8,0;;P31;Alma;SI;1,215;1,38;
PT-AU15;AU1-11236;ACTR-01900-001;5;Plana;UD Tape;8,0;;P32;Alma;SI;1,215;1,38;
PT-AU15;AU1-11236;ACTR-01900-001;5;Plana;UD Tape;16,0;;P1;Alma;NO;2,304;2,59;
PT-AU15;AU1-11236;ACTR-01900-001;5;Plana;UD Tape;16,0;;P2;Alma;NO;2,304;2,66;
PT-AU15;AU1-11236;ACTR-01900-001;5;Plana;UD Tape;16,0;;P3;Alma;NO;2,304;2,7;
PT-AU15;AU1-11236;ACTR-01900-001;5;Plana;UD Tape;16,0;;P4;Alma;NO;2,304;2,71;
PT-AU15;AU1-11236;ACTR-01900-001;5;Plana;UD Tape;16,0;;P5;Alma;NO;2,304;2,47;
PT-AU15;AU1-11236;ACTR-01900-001;5;Plana;UD Tape;16,0;;P6;Alma;NO;2,304;2,57;
PT-AU15;AU1-11236;ACTR-01900-001;5;Plana;UD Tape;16,0;;P7;Alma;NO;2,304;2,64;
PT-AU15;AU1-11236;ACTR-01900-001;5;Plana;UD Tape;16,0;;P8;Alma;NO;2,304;2,7;
PT-AU15;AU1-11236;ACTR-01900-001;5;Plana;UD Tape;16,0;;P9;Alma;NO;2,304;2,41;
PT-AU15;AU1-11236;ACTR-01900-001;5;Plana;UD Tape;16,0;;P10;Alma;NO;2,304;2,53;
PT-AU15;AU1-11236;ACTR-01900-001;5;Plana;UD Tape;16,0;;P11;Alma;NO;2,304;2,57;
PT-AU15;AU1-11236;ACTR-01900-001;5;Plana;UD Tape;16,0;;P12;Alma;NO;2,304;2,59;
PT-AU15;AU1-11236;ACTR-01900-001;5;Plana;UD Tape;16,0;;P13;Alma;NO;2,304;2,35;
PT-AU15;AU1-11236;ACTR-01900-001;5;Plana;UD Tape;16,0;;P14;Alma;NO;2,304;2,47;
PT-AU15;AU1-11236;ACTR-01900-001;5;Plana;UD Tape;16,0;;P15;Alma;NO;2,304;2,55;
PT-AU15;AU1-11236;ACTR-01900-001;5;Plana;UD Tape;16,0;;P16;Alma;NO;2,304;2,56;
PT-AU15;AU1-11236;ACTR-01900-001;5;Plana;UD Tape;16,0;;P17;Alma;SI;2,367;2,71;
PT-AU15;AU1-11236;ACTR-01900-001;5;Plana;UD Tape;16,0;;P18;Alma;SI;2,367;2,68;
PT-AU15;AU1-11236;ACTR-01900-001;5;Plana;UD Tape;16,0;;P19;Alma;SI;2,367;2,53;
PT-AU15;AU1-11236;ACTR-01900-001;5;Plana;UD Tape;16,0;;P20;Alma;SI;2,367;2,49;
PT-AU15;AU1-11236;ACTR-01900-001;5;Plana;UD Tape;16,0;;P21;Alma;SI;2,367;2,72;
PT-AU15;AU1-11236;ACTR-01900-001;5;Plana;UD Tape;16,0;;P22;Alma;SI;2,367;2,75;
PT-AU15;AU1-11236;ACTR-01900-001;5;Plana;UD Tape;16,0;;P23;Alma;SI;2,367;2,57;
PT-AU15;AU1-11236;ACTR-01900-001;5;Plana;UD Tape;16,0;;P24;Alma;SI;2,367;2,53;
PT-AU15;AU1-11236;ACTR-01900-001;5;Plana;UD Tape;16,0;;P25;Alma;SI;2,367;2,69;
PT-AU15;AU1-11236;ACTR-01900-001;5;Plana;UD Tape;16,0;;P26;Alma;SI;2,367;2,68;
PT-AU15;AU1-11236;ACTR-01900-001;5;Plana;UD Tape;16,0;;P27;Alma;SI;2,367;2,68;
PT-AU15;AU1-11236;ACTR-01900-001;5;Plana;UD Tape;16,0;;P28;Alma;SI;2,367;2,53;
PT-AU15;AU1-11236;ACTR-01900-001;5;Plana;UD Tape;16,0;;P29;Alma;SI;2,367;2,59;
PT-AU15;AU1-11236;ACTR-01900-001;5;Plana;UD Tape;16,0;;P30;Alma;SI;2,367;2,68;
PT-AU15;AU1-11236;ACTR-01900-001;5;Plana;UD Tape;16,0;;P31;Alma;SI;2,367;2,56;
PT-AU15;AU1-11236;ACTR-01900-001;5;Plana;UD Tape;16,0;;P32;Alma;SI;2,367;2,52;
PT-AU15;AU1-11236;ACTR-01900-001;5;Plana;UD Tape;24,0;;P1;Alma;NO;3,456;3,6;
PT-AU15;AU1-11236;ACTR-01900-001;5;Plana;UD Tape;24,0;;P2;Alma;NO;3,456;3,72;
PT-AU15;AU1-11236;ACTR-01900-001;5;Plana;UD Tape;24,0;;P3;Alma;NO;3,456;3,78;
PT-AU15;AU1-11236;ACTR-01900-001;5;Plana;UD Tape;24,0;;P4;Alma;NO;3,456;3,71;
PT-AU15;AU1-11236;ACTR-01900-001;5;Plana;UD Tape;24,0;;P5;Alma;NO;3,456;3,62;
PT-AU15;AU1-11236;ACTR-01900-001;5;Plana;UD Tape;24,0;;P6;Alma;NO;3,456;3,72;
PT-AU15;AU1-11236;ACTR-01900-001;5;Plana;UD Tape;24,0;;P7;Alma;NO;3,456;3,7;
PT-AU15;AU1-11236;ACTR-01900-001;5;Plana;UD Tape;24,0;;P8;Alma;NO;3,456;3,71;
PT-AU15;AU1-11236;ACTR-01900-001;5;Plana;UD Tape;24,0;;P9;Alma;NO;3,456;3,59;
PT-AU15;AU1-11236;ACTR-01900-001;5;Plana;UD Tape;24,0;;P10;Alma;NO;3,456;3,71;
PT-AU15;AU1-11236;ACTR-01900-001;5;Plana;UD Tape;24,0;;P11;Alma;NO;3,456;3,74;
PT-AU15;AU1-11236;ACTR-01900-001;5;Plana;UD Tape;24,0;;P12;Alma;NO;3,456;3,77;
PT-AU15;AU1-11236;ACTR-01900-001;5;Plana;UD Tape;24,0;;P13;Alma;NO;3,456;3,69;
PT-AU15;AU1-11236;ACTR-01900-001;5;Plana;UD Tape;24,0;;P14;Alma;NO;3,456;3,69;
PT-AU15;AU1-11236;ACTR-01900-001;5;Plana;UD Tape;24,0;;P15;Alma;NO;3,456;3,78;
PT-AU15;AU1-11236;ACTR-01900-001;5;Plana;UD Tape;24,0;;P16;Alma;NO;3,456;3,79;
PT-AU15;AU1-11236;ACTR-01900-001;5;Plana;UD Tape;24,0;;P17;Alma;SI;3,519;3,82;
PT-AU15;AU1-11236;ACTR-01900-001;5;Plana;UD Tape;24,0;;P18;Alma;SI;3,519;3,8;
PT-AU15;AU1-11236;ACTR-01900-001;5;Plana;UD Tape;24,0;;P19;Alma;SI;3,519;3,78;
PT-AU15;AU1-11236;ACTR-01900-001;5;Plana;UD Tape;24,0;;P20;Alma;SI;3,519;3,69;
PT-AU15;AU1-11236;ACTR-01900-001;5;Plana;UD Tape;24,0;;P21;Alma;SI;3,519;3,7;
PT-AU15;AU1-11236;ACTR-01900-001;5;Plana;UD Tape;24,0;;P22;Alma;SI;3,519;3,84;
PT-AU15;AU1-11236;ACTR-01900-001;5;Plana;UD Tape;24,0;;P23;Alma;SI;3,519;3,75;
PT-AU15;AU1-11236;ACTR-01900-001;5;Plana;UD Tape;24,0;;P24;Alma;SI;3,519;3,64;
PT-AU15;AU1-11236;ACTR-01900-001;5;Plana;UD Tape;24,0;;P25;Alma;SI;3,519;3,88;
PT-AU15;AU1-11236;ACTR-01900-001;5;Plana;UD Tape;24,0;;P26;Alma;SI;3,519;3,82;
PT-AU15;AU1-11236;ACTR-01900-001;5;Plana;UD Tape;24,0;;P27;Alma;SI;3,519;3,83;
PT-AU15;AU1-11236;ACTR-01900-001;5;Plana;UD Tape;24,0;;P28;Alma;SI;3,519;3,7;
PT-AU15;AU1-11236;ACTR-01900-001;5;Plana;UD Tape;24,0;;P29;Alma;SI;3,519;3,84;
PT-AU15;AU1-11236;ACTR-01900-001;5;Plana;UD Tape;24,0;;P30;Alma;SI;3,519;3,79;
PT-AU15;AU1-11236;ACTR-01900-001;5;Plana;UD Tape;24,0;;P31;Alma;SI;3,519;3,7;
PT-AU15;AU1-11236;ACTR-01900-001;5;Plana;UD Tape;24,0;;P32;Alma;SI;3,519;3,66;
PT-AU15;AU1-11236;ACTR-01900-001;5;Plana;UD Tape;52,0;;P1;Alma;NO;7,488;7,45;
PT-AU15;AU1-11236;ACTR-01900-001;5;Plana;UD Tape;52,0;;P2;Alma;NO;7,488;7,58;
PT-AU15;AU1-11236;ACTR-01900-001;5;Plana;UD Tape;52,0;;P3;Alma;NO;7,488;7,6;
PT-AU15;AU1-11236;ACTR-01900-001;5;Plana;UD Tape;52,0;;P4;Alma;NO;7,488;7,6;
PT-AU15;AU1-11236;ACTR-01900-001;5;Plana;UD Tape;52,0;;P5;Alma;NO;7,488;7,75;
PT-AU15;AU1-11236;ACTR-01900-001;5;Plana;UD Tape;52,0;;P6;Alma;NO;7,488;7,87;
PT-AU15;AU1-11236;ACTR-01900-001;5;Plana;UD Tape;52,0;;P7;Alma;NO;7,488;7,96;
PT-AU15;AU1-11236;ACTR-01900-001;5;Plana;UD Tape;52,0;;P8;Alma;NO;7,488;7,89;
PT-AU15;AU1-11236;ACTR-01900-001;5;Plana;UD Tape;52,0;;P9;Alma;NO;7,488;7,88;
PT-AU15;AU1-11236;ACTR-01900-001;5;Plana;UD Tape;52,0;;P10;Alma;NO;7,488;7,99;
PT-AU15;AU1-11236;ACTR-01900-001;5;Plana;UD Tape;52,0;;P11;Alma;NO;7,488;8,0;
PT-AU15;AU1-11236;ACTR-01900-001;5;Plana;UD Tape;52,0;;P12;Alma;NO;7,488;7,92;
PT-AU15;AU1-11236;ACTR-01900-001;5;Plana;UD Tape;52,0;;P13;Alma;NO;7,488;7,66;
PT-AU15;AU1-11236;ACTR-01900-001;5;Plana;UD Tape;52,0;;P14;Alma;NO;7,488;7,8;
PT-AU15;AU1-11236;ACTR-01900-001;5;Plana;UD Tape;52,0;;P15;Alma;NO;7,488;7,89;
PT-AU15;AU1-11236;ACTR-01900-001;5;Plana;UD Tape;52,0;;P16;Alma;NO;7,488;7,82;
PT-AU15;AU1-11236;ACTR-01900-001;5;Plana;UD Tape;52,0;;P17;Alma;SI;7,551;7,59;
PT-AU15;AU1-11236;ACTR-01900-001;5;Plana;UD Tape;52,0;;P18;Alma;SI;7,551;7,62;
PT-AU15;AU1-11236;ACTR-01900-001;5;Plana;UD Tape;52,0;;P19;Alma;SI;7,551;7,6;
PT-AU15;AU1-11236;ACTR-01900-001;5;Plana;UD Tape;52,0;;P20;Alma;SI;7,551;7,52;
PT-AU15;AU1-11236;ACTR-01900-001;5;Plana;UD Tape;52,0;;P21;Alma;SI;7,551;8,02;
PT-AU15;AU1-11236;ACTR-01900-001;5;Plana;UD Tape;52,0;;P22;Alma;SI;7,551;7,98;
PT-AU15;AU1-11236;ACTR-01900-001;5;Plana;UD Tape;52,0;;P23;Alma;SI;7,551;7,99;
PT-AU15;AU1-11236;ACTR-01900-001;5;Plana;UD Tape;52,0;;P24;Alma;SI;7,551;7,75;
PT-AU15;AU1-11236;ACTR-01900-001;5;Plana;UD Tape;52,0;;P25;Alma;SI;7,551;8,02;
PT-AU15;AU1-11236;ACTR-01900-001;5;Plana;UD Tape;52,0;;P26;Alma;SI;7,551;7,98;
PT-AU15;AU1-11236;ACTR-01900-001;5;Plana;UD Tape;52,0;;P27;Alma;SI;7,551;7,95;
PT-AU15;AU1-11236;ACTR-01900-001;5;Plana;UD Tape;52,0;;P28;Alma;SI;7,551;7,77;
PT-AU15;AU1-11236;ACTR-01900-001;5;Plana;UD Tape;52,0;;P29;Alma;SI;7,551;7,96;
PT-AU15;AU1-11236;ACTR-01900-001;5;Plana;UD Tape;52,0;;P30;Alma;SI;7,551;7,93;
PT-AU15;AU1-11236;ACTR-01900-001;5;Plana;UD Tape;52,0;;P31;Alma;SI;7,551;7,85;
PT-AU15;AU1-11236;ACTR-01900-001;5;Plana;UD Tape;52,0;;P32;Alma;SI;7,551;7,76;
PT-AU88;AU1-11193;ACTR-01900-002;1;Plana;PW Fabric;4,0;;P1;Alma;NO;0,8;0,83;
PT-AU88;AU1-11193;ACTR-01900-002;1;Plana;PW Fabric;4,0;;P2;Alma;NO;0,8;0,91;
PT-AU88;AU1-11193;ACTR-01900-002;1;Plana;PW Fabric;4,0;;P3;Alma;NO;0,8;0,84;
PT-AU88;AU1-11193;ACTR-01900-002;1;Plana;PW Fabric;4,0;;P4;Alma;NO;0,8;0,86;
PT-AU88;AU1-11193;ACTR-01900-002;1;Plana;PW Fabric;4,0;;P5;Alma;NO;0,8;0,89;
PT-AU88;AU1-11193;ACTR-01900-002;1;Plana;PW Fabric;4,0;;P6;Alma;NO;0,8;0,83;
PT-AU88;AU1-11193;ACTR-01900-002;1;Plana;PW Fabric;4,0;;P7;Alma;NO;0,8;0,85;
PT-AU88;AU1-11193;ACTR-01900-002;1;Plana;PW Fabric;4,0;;P8;Alma;NO;0,8;0,85;
PT-AU88;AU1-11193;ACTR-01900-002;1;Plana;PW Fabric;4,0;;P9;Alma;NO;0,8;0,91;
PT-AU88;AU1-11193;ACTR-01900-002;1;Plana;PW Fabric;4,0;;P10;Alma;NO;0,8;0,83;
PT-AU88;AU1-11193;ACTR-01900-002;1;Plana;PW Fabric;4,0;;P11;Alma;NO;0,8;0,88;
PT-AU88;AU1-11193;ACTR-01900-002;1;Plana;PW Fabric;4,0;;P12;Alma;NO;0,8;0,91;
PT-AU88;AU1-11193;ACTR-01900-002;1;Plana;PW Fabric;4,0;;P13;Alma;NO;0,8;0,8;
PT-AU88;AU1-11193;ACTR-01900-002;1;Plana;PW Fabric;4,0;;P14;Alma;NO;0,8;0,81;
PT-AU88;AU1-11193;ACTR-01900-002;1;Plana;PW Fabric;4,0;;P15;Alma;NO;0,8;0,78;
PT-AU88;AU1-11193;ACTR-01900-002;1;Plana;PW Fabric;4,0;;P16;Alma;NO;0,8;0,81;
PT-AU88;AU1-11193;ACTR-01900-002;1;Plana;PW Fabric;4,0;;P17;Alma;SI;0,863;0,97;
PT-AU88;AU1-11193;ACTR-01900-002;1;Plana;PW Fabric;4,0;;P18;Alma;SI;0,863;0,98;
PT-AU88;AU1-11193;ACTR-01900-002;1;Plana;PW Fabric;4,0;;P19;Alma;SI;0,863;0,94;
PT-AU88;AU1-11193;ACTR-01900-002;1;Plana;PW Fabric;4,0;;P20;Alma;SI;0,863;0,97;
PT-AU88;AU1-11193;ACTR-01900-002;1;Plana;PW Fabric;4,0;;P21;Alma;SI;0,863;0,87;
PT-AU88;AU1-11193;ACTR-01900-002;1;Plana;PW Fabric;4,0;;P22;Alma;SI;0,863;0,94;
PT-AU88;AU1-11193;ACTR-01900-002;1;Plana;PW Fabric;4,0;;P23;Alma;SI;0,863;0,91;
PT-AU88;AU1-11193;ACTR-01900-002;1;Plana;PW Fabric;4,0;;P24;Alma;SI;0,863;0,94;
PT-AU88;AU1-11193;ACTR-01900-002;1;Plana;PW Fabric;4,0;;P25;Alma;SI;0,863;0,94;
PT-AU88;AU1-11193;ACTR-01900-002;1;Plana;PW Fabric;4,0;;P26;Alma;SI;0,863;0,98;
PT-AU88;AU1-11193;ACTR-01900-002;1;Plana;PW Fabric;4,0;;P27;Alma;SI;0,863;0,89;
PT-AU88;AU1-11193;ACTR-01900-002;1;Plana;PW Fabric;4,0;;P28;Alma;SI;0,863;0,96;
PT-AU88;AU1-11193;ACTR-01900-002;1;Plana;PW Fabric;4,0;;P29;Alma;SI;0,863;0,95;
PT-AU88;AU1-11193;ACTR-01900-002;1;Plana;PW Fabric;4,0;;P30;Alma;SI;0,863;0,9;
PT-AU88;AU1-11193;ACTR-01900-002;1;Plana;PW Fabric;4,0;;P31;Alma;SI;0,863;0,9;
PT-AU88;AU1-11193;ACTR-01900-002;1;Plana;PW Fabric;4,0;;P32;Alma;SI;0,863;0,91;
PT-AU88;AU1-11193;ACTR-01900-002;1;Plana;PW Fabric;14,0;;P1;Alma;NO;2,8;2,92;
PT-AU88;AU1-11193;ACTR-01900-002;1;Plana;PW Fabric;14,0;;P2;Alma;NO;2,8;3,04;
PT-AU88;AU1-11193;ACTR-01900-002;1;Plana;PW Fabric;14,0;;P3;Alma;NO;2,8;3,1;
PT-AU88;AU1-11193;ACTR-01900-002;1;Plana;PW Fabric;14,0;;P4;Alma;NO;2,8;3,18;
PT-AU88;AU1-11193;ACTR-01900-002;1;Plana;PW Fabric;14,0;;P5;Alma;NO;2,8;2,85;
PT-AU88;AU1-11193;ACTR-01900-002;1;Plana;PW Fabric;14,0;;P6;Alma;NO;2,8;3,05;
PT-AU88;AU1-11193;ACTR-01900-002;1;Plana;PW Fabric;14,0;;P7;Alma;NO;2,8;3,05;
PT-AU88;AU1-11193;ACTR-01900-002;1;Plana;PW Fabric;14,0;;P8;Alma;NO;2,8;3,13;
PT-AU88;AU1-11193;ACTR-01900-002;1;Plana;PW Fabric;14,0;;P9;Alma;NO;2,8;2,98;
PT-AU88;AU1-11193;ACTR-01900-002;1;Plana;PW Fabric;14,0;;P10;Alma;NO;2,8;2,98;
PT-AU88;AU1-11193;ACTR-01900-002;1;Plana;PW Fabric;14,0;;P11;Alma;NO;2,8;3,06;
PT-AU88;AU1-11193;ACTR-01900-002;1;Plana;PW Fabric;14,0;;P12;Alma;NO;2,8;3,16;
PT-AU88;AU1-11193;ACTR-01900-002;1;Plana;PW Fabric;14,0;;P13;Alma;NO;2,8;2,92;
PT-AU88;AU1-11193;ACTR-01900-002;1;Plana;PW Fabric;14,0;;P14;Alma;NO;2,8;2,98;
PT-AU88;AU1-11193;ACTR-01900-002;1;Plana;PW Fabric;14,0;;P15;Alma;NO;2,8;2,99;
PT-AU88;AU1-11193;ACTR-01900-002;1;Plana;PW Fabric;14,0;;P16;Alma;NO;2,8;2,99;
PT-AU88;AU1-11193;ACTR-01900-002;1;Plana;PW Fabric;14,0;;P17;Alma;SI;2,863;3,17;
PT-AU88;AU1-11193;ACTR-01900-002;1;Plana;PW Fabric;14,0;;P18;Alma;SI;2,863;3,19;
PT-AU88;AU1-11193;ACTR-01900-002;1;Plana;PW Fabric;14,0;;P19;Alma;SI;2,863;2,98;
PT-AU88;AU1-11193;ACTR-01900-002;1;Plana;PW Fabric;14,0;;P20;Alma;SI;2,863;2,9;
PT-AU88;AU1-11193;ACTR-01900-002;1;Plana;PW Fabric;14,0;;P21;Alma;SI;2,863;3,1;
PT-AU88;AU1-11193;ACTR-01900-002;1;Plana;PW Fabric;14,0;;P22;Alma;SI;2,863;3,11;
PT-AU88;AU1-11193;ACTR-01900-002;1;Plana;PW Fabric;14,0;;P23;Alma;SI;2,863;2,97;
PT-AU88;AU1-11193;ACTR-01900-002;1;Plana;PW Fabric;14,0;;P24;Alma;SI;2,863;2,89;
PT-AU88;AU1-11193;ACTR-01900-002;1;Plana;PW Fabric;14,0;;P25;Alma;SI;2,863;3,16;
PT-AU88;AU1-11193;ACTR-01900-002;1;Plana;PW Fabric;14,0;;P26;Alma;SI;2,863;3,15;
PT-AU88;AU1-11193;ACTR-01900-002;1;Plana;PW Fabric;14,0;;P27;Alma;SI;2,863;3,1;
PT-AU88;AU1-11193;ACTR-01900-002;1;Plana;PW Fabric;14,0;;P28;Alma;SI;2,863;3,02;
PT-AU88;AU1-11193;ACTR-01900-002;1;Plana;PW Fabric;14,0;;P29;Alma;SI;2,863;3,09;
PT-AU88;AU1-11193;ACTR-01900-002;1;Plana;PW Fabric;14,0;;P30;Alma;SI;2,863;3,02;
PT-AU88;AU1-11193;ACTR-01900-002;1;Plana;PW Fabric;14,0;;P31;Alma;SI;2,863;3,01;
PT-AU88;AU1-11193;ACTR-01900-002;1;Plana;PW Fabric;14,0;;P32;Alma;SI;2,863;2,9;
PT-AU88;AU1-11193;ACTR-01900-002;1;Plana;PW Fabric;22,0;;P1;Alma;NO;4,4;4,36;
PT-AU88;AU1-11193;ACTR-01900-002;1;Plana;PW Fabric;22,0;;P2;Alma;NO;4,4;4,4;
PT-AU88;AU1-11193;ACTR-01900-002;1;Plana;PW Fabric;22,0;;P3;Alma;NO;4,4;4,43;
PT-AU88;AU1-11193;ACTR-01900-002;1;Plana;PW Fabric;22,0;;P4;Alma;NO;4,4;4,48;
PT-AU88;AU1-11193;ACTR-01900-002;1;Plana;PW Fabric;22,0;;P5;Alma;NO;4,4;4,48;
PT-AU88;AU1-11193;ACTR-01900-002;1;Plana;PW Fabric;22,0;;P6;Alma;NO;4,4;4,56;
PT-AU88;AU1-11193;ACTR-01900-002;1;Plana;PW Fabric;22,0;;P7;Alma;NO;4,4;4,66;
PT-AU88;AU1-11193;ACTR-01900-002;1;Plana;PW Fabric;22,0;;P8;Alma;NO;4,4;4,68;
PT-AU88;AU1-11193;ACTR-01900-002;1;Plana;PW Fabric;22,0;;P9;Alma;NO;4,4;4,54;
PT-AU88;AU1-11193;ACTR-01900-002;1;Plana;PW Fabric;22,0;;P10;Alma;NO;4,4;4,56;
PT-AU88;AU1-11193;ACTR-01900-002;1;Plana;PW Fabric;22,0;;P11;Alma;NO;4,4;4,71;
PT-AU88;AU1-11193;ACTR-01900-002;1;Plana;PW Fabric;22,0;;P12;Alma;NO;4,4;4,8;
PT-AU88;AU1-11193;ACTR-01900-002;1;Plana;PW Fabric;22,0;;P13;Alma;NO;4,4;4,61;
PT-AU88;AU1-11193;ACTR-01900-002;1;Plana;PW Fabric;22,0;;P14;Alma;NO;4,4;4,7;
PT-AU88;AU1-11193;ACTR-01900-002;1;Plana;PW Fabric;22,0;;P15;Alma;NO;4,4;4,87;
PT-AU88;AU1-11193;ACTR-01900-002;1;Plana;PW Fabric;22,0;;P16;Alma;NO;4,4;4,86;
PT-AU88;AU1-11193;ACTR-01900-002;1;Plana;PW Fabric;22,0;;P17;Alma;SI;4,463;4,53;
PT-AU88;AU1-11193;ACTR-01900-002;1;Plana;PW Fabric;22,0;;P18;Alma;SI;4,463;4,47;
PT-AU88;AU1-11193;ACTR-01900-002;1;Plana;PW Fabric;22,0;;P19;Alma;SI;4,463;4,53;
PT-AU88;AU1-11193;ACTR-01900-002;1;Plana;PW Fabric;22,0;;P20;Alma;SI;4,463;4,42;
PT-AU88;AU1-11193;ACTR-01900-002;1;Plana;PW Fabric;22,0;;P21;Alma;SI;4,463;4,8;
PT-AU88;AU1-11193;ACTR-01900-002;1;Plana;PW Fabric;22,0;;P22;Alma;SI;4,463;4,81;
PT-AU88;AU1-11193;ACTR-01900-002;1;Plana;PW Fabric;22,0;;P23;Alma;SI;4,463;4,64;
PT-AU88;AU1-11193;ACTR-01900-002;1;Plana;PW Fabric;22,0;;P24;Alma;SI;4,463;4,55;
PT-AU88;AU1-11193;ACTR-01900-002;1;Plana;PW Fabric;22,0;;P25;Alma;SI;4,463;4,86;
PT-AU88;AU1-11193;ACTR-01900-002;1;Plana;PW Fabric;22,0;;P26;Alma;SI;4,463;4,85;
PT-AU88;AU1-11193;ACTR-01900-002;1;Plana;PW Fabric;22,0;;P27;Alma;SI;4,463;4,69;
PT-AU88;AU1-11193;ACTR-01900-002;1;Plana;PW Fabric;22,0;;P28;Alma;SI;4,463;4,56;
PT-AU88;AU1-11193;ACTR-01900-002;1;Plana;PW Fabric;22,0;;P29;Alma;SI;4,463;4,88;
PT-AU88;AU1-11193;ACTR-01900-002;1;Plana;PW Fabric;22,0;;P30;Alma;SI;4,463;4,81;
PT-AU88;AU1-11193;ACTR-01900-002;1;Plana;PW Fabric;22,0;;P31;Alma;SI;4,463;4,7;
PT-AU88;AU1-11193;ACTR-01900-002;1;Plana;PW Fabric;22,0;;P32;Alma;SI;4,463;4,48;
PT-AU88;AU1-11193;ACTR-01900-002;2;Plana;PW Fabric;4,0;;P1;Alma;NO;0,8;0,83;
PT-AU88;AU1-11193;ACTR-01900-002;2;Plana;PW Fabric;4,0;;P2;Alma;NO;0,8;0,84;
PT-AU88;AU1-11193;ACTR-01900-002;2;Plana;PW Fabric;4,0;;P3;Alma;NO;0,8;0,91;
PT-AU88;AU1-11193;ACTR-01900-002;2;Plana;PW Fabric;4,0;;P4;Alma;NO;0,8;0,96;
PT-AU88;AU1-11193;ACTR-01900-002;2;Plana;PW Fabric;4,0;;P5;Alma;NO;0,8;0,81;
PT-AU88;AU1-11193;ACTR-01900-002;2;Plana;PW Fabric;4,0;;P6;Alma;NO;0,8;0,87;
PT-AU88;AU1-11193;ACTR-01900-002;2;Plana;PW Fabric;4,0;;P7;Alma;NO;0,8;0,83;
PT-AU88;AU1-11193;ACTR-01900-002;2;Plana;PW Fabric;4,0;;P8;Alma;NO;0,8;0,78;
PT-AU88;AU1-11193;ACTR-01900-002;2;Plana;PW Fabric;4,0;;P9;Alma;NO;0,8;0,86;
PT-AU88;AU1-11193;ACTR-01900-002;2;Plana;PW Fabric;4,0;;P10;Alma;NO;0,8;0,83;
PT-AU88;AU1-11193;ACTR-01900-002;2;Plana;PW Fabric;4,0;;P11;Alma;NO;0,8;0,88;
PT-AU88;AU1-11193;ACTR-01900-002;2;Plana;PW Fabric;4,0;;P12;Alma;NO;0,8;0,84;
PT-AU88;AU1-11193;ACTR-01900-002;2;Plana;PW Fabric;4,0;;P13;Alma;NO;0,8;0,82;
PT-AU88;AU1-11193;ACTR-01900-002;2;Plana;PW Fabric;4,0;;P14;Alma;NO;0,8;0,84;
PT-AU88;AU1-11193;ACTR-01900-002;2;Plana;PW Fabric;4,0;;P15;Alma;NO;0,8;0,86;
PT-AU88;AU1-11193;ACTR-01900-002;2;Plana;PW Fabric;4,0;;P16;Alma;NO;0,8;0,84;
PT-AU88;AU1-11193;ACTR-01900-002;2;Plana;PW Fabric;4,0;;P17;Alma;SI;0,863;0,96;
PT-AU88;AU1-11193;ACTR-01900-002;2;Plana;PW Fabric;4,0;;P18;Alma;SI;0,863;0,99;
PT-AU88;AU1-11193;ACTR-01900-002;2;Plana;PW Fabric;4,0;;P19;Alma;SI;0,863;1,01;
PT-AU88;AU1-11193;ACTR-01900-002;2;Plana;PW Fabric;4,0;;P20;Alma;SI;0,863;0,96;
PT-AU88;AU1-11193;ACTR-01900-002;2;Plana;PW Fabric;4,0;;P21;Alma;SI;0,863;0,9;
PT-AU88;AU1-11193;ACTR-01900-002;2;Plana;PW Fabric;4,0;;P22;Alma;SI;0,863;0,93;
PT-AU88;AU1-11193;ACTR-01900-002;2;Plana;PW Fabric;4,0;;P23;Alma;SI;0,863;0,93;
PT-AU88;AU1-11193;ACTR-01900-002;2;Plana;PW Fabric;4,0;;P24;Alma;SI;0,863;0,94;
PT-AU88;AU1-11193;ACTR-01900-002;2;Plana;PW Fabric;4,0;;P25;Alma;SI;0,863;0,87;
PT-AU88;AU1-11193;ACTR-01900-002;2;Plana;PW Fabric;4,0;;P26;Alma;SI;0,863;0,95;
PT-AU88;AU1-11193;ACTR-01900-002;2;Plana;PW Fabric;4,0;;P27;Alma;SI;0,863;0,9;
PT-AU88;AU1-11193;ACTR-01900-002;2;Plana;PW Fabric;4,0;;P28;Alma;SI;0,863;0,94;
PT-AU88;AU1-11193;ACTR-01900-002;2;Plana;PW Fabric;4,0;;P29;Alma;SI;0,863;0,9;
PT-AU88;AU1-11193;ACTR-01900-002;2;Plana;PW Fabric;4,0;;P30;Alma;SI;0,863;0,95;
PT-AU88;AU1-11193;ACTR-01900-002;2;Plana;PW Fabric;4,0;;P31;Alma;SI;0,863;0,88;
PT-AU88;AU1-11193;ACTR-01900-002;2;Plana;PW Fabric;4,0;;P32;Alma;SI;0,863;0,92;
PT-AU88;AU1-11193;ACTR-01900-002;2;Plana;PW Fabric;14,0;;P1;Alma;NO;2,8;3,32;
PT-AU88;AU1-11193;ACTR-01900-002;2;Plana;PW Fabric;14,0;;P2;Alma;NO;2,8;3,33;
PT-AU88;AU1-11193;ACTR-01900-002;2;Plana;PW Fabric;14,0;;P3;Alma;NO;2,8;3,22;
PT-AU88;AU1-11193;ACTR-01900-002;2;Plana;PW Fabric;14,0;;P4;Alma;NO;2,8;3,0;
PT-AU88;AU1-11193;ACTR-01900-002;2;Plana;PW Fabric;14,0;;P5;Alma;NO;2,8;3,31;
PT-AU88;AU1-11193;ACTR-01900-002;2;Plana;PW Fabric;14,0;;P6;Alma;NO;2,8;3,34;
PT-AU88;AU1-11193;ACTR-01900-002;2;Plana;PW Fabric;14,0;;P7;Alma;NO;2,8;3,16;
PT-AU88;AU1-11193;ACTR-01900-002;2;Plana;PW Fabric;14,0;;P8;Alma;NO;2,8;3,22;
PT-AU88;AU1-11193;ACTR-01900-002;2;Plana;PW Fabric;14,0;;P9;Alma;NO;2,8;3,36;
PT-AU88;AU1-11193;ACTR-01900-002;2;Plana;PW Fabric;14,0;;P10;Alma;NO;2,8;3,29;
PT-AU88;AU1-11193;ACTR-01900-002;2;Plana;PW Fabric;14,0;;P11;Alma;NO;2,8;3,21;
PT-AU88;AU1-11193;ACTR-01900-002;2;Plana;PW Fabric;14,0;;P12;Alma;NO;2,8;3,13;
PT-AU88;AU1-11193;ACTR-01900-002;2;Plana;PW Fabric;14,0;;P13;Alma;NO;2,8;3,06;
PT-AU88;AU1-11193;ACTR-01900-002;2;Plana;PW Fabric;14,0;;P14;Alma;NO;2,8;3,08;
PT-AU88;AU1-11193;ACTR-01900-002;2;Plana;PW Fabric;14,0;;P15;Alma;NO;2,8;3,07;
PT-AU88;AU1-11193;ACTR-01900-002;2;Plana;PW Fabric;14,0;;P16;Alma;NO;2,8;2,96;
PT-AU88;AU1-11193;ACTR-01900-002;2;Plana;PW Fabric;14,0;;P17;Alma;SI;2,863;2,95;
PT-AU88;AU1-11193;ACTR-01900-002;2;Plana;PW Fabric;14,0;;P18;Alma;SI;2,863;3,03;
PT-AU88;AU1-11193;ACTR-01900-002;2;Plana;PW Fabric;14,0;;P19;Alma;SI;2,863;3,15;
PT-AU88;AU1-11193;ACTR-01900-002;2;Plana;PW Fabric;14,0;;P20;Alma;SI;2,863;3,25;
PT-AU88;AU1-11193;ACTR-01900-002;2;Plana;PW Fabric;14,0;;P21;Alma;SI;2,863;3,05;
PT-AU88;AU1-11193;ACTR-01900-002;2;Plana;PW Fabric;14,0;;P22;Alma;SI;2,863;3,03;
PT-AU88;AU1-11193;ACTR-01900-002;2;Plana;PW Fabric;14,0;;P23;Alma;SI;2,863;3,16;
PT-AU88;AU1-11193;ACTR-01900-002;2;Plana;PW Fabric;14,0;;P24;Alma;SI;2,863;3,19;
PT-AU88;AU1-11193;ACTR-01900-002;2;Plana;PW Fabric;14,0;;P25;Alma;SI;2,863;3,05;
PT-AU88;AU1-11193;ACTR-01900-002;2;Plana;PW Fabric;14,0;;P26;Alma;SI;2,863;3,12;
PT-AU88;AU1-11193;ACTR-01900-002;2;Plana;PW Fabric;14,0;;P27;Alma;SI;2,863;3,18;
PT-AU88;AU1-11193;ACTR-01900-002;2;Plana;PW Fabric;14,0;;P28;Alma;SI;2,863;3,28;
PT-AU88;AU1-11193;ACTR-01900-002;2;Plana;PW Fabric;14,0;;P29;Alma;SI;2,863;2,9;
PT-AU88;AU1-11193;ACTR-01900-002;2;Plana;PW Fabric;14,0;;P30;Alma;SI;2,863;2,99;
PT-AU88;AU1-11193;ACTR-01900-002;2;Plana;PW Fabric;14,0;;P31;Alma;SI;2,863;3,01;
PT-AU88;AU1-11193;ACTR-01900-002;2;Plana;PW Fabric;14,0;;P32;Alma;SI;2,863;3,02;
PT-AU88;AU1-11193;ACTR-01900-002;2;Plana;PW Fabric;22,0;;P1;Alma;NO;4,4;4,58;
PT-AU88;AU1-11193;ACTR-01900-002;2;Plana;PW Fabric;22,0;;P2;Alma;NO;4,4;4,63;
PT-AU88;AU1-11193;ACTR-01900-002;2;Plana;PW Fabric;22,0;;P3;Alma;NO;4,4;4,49;
PT-AU88;AU1-11193;ACTR-01900-002;2;Plana;PW Fabric;22,0;;P4;Alma;NO;4,4;4,52;
PT-AU88;AU1-11193;ACTR-01900-002;2;Plana;PW Fabric;22,0;;P5;Alma;NO;4,4;4,86;
PT-AU88;AU1-11193;ACTR-01900-002;2;Plana;PW Fabric;22,0;;P6;Alma;NO;4,4;4,78;
PT-AU88;AU1-11193;ACTR-01900-002;2;Plana;PW Fabric;22,0;;P7;Alma;NO;4,4;4,68;
PT-AU88;AU1-11193;ACTR-01900-002;2;Plana;PW Fabric;22,0;;P8;Alma;NO;4,4;4,61;
PT-AU88;AU1-11193;ACTR-01900-002;2;Plana;PW Fabric;22,0;;P9;Alma;NO;4,4;4,94;
PT-AU88;AU1-11193;ACTR-01900-002;2;Plana;PW Fabric;22,0;;P10;Alma;NO;4,4;4,85;
PT-AU88;AU1-11193;ACTR-01900-002;2;Plana;PW Fabric;22,0;;P11;Alma;NO;4,4;4,74;
PT-AU88;AU1-11193;ACTR-01900-002;2;Plana;PW Fabric;22,0;;P12;Alma;NO;4,4;4,67;
PT-AU88;AU1-11193;ACTR-01900-002;2;Plana;PW Fabric;22,0;;P13;Alma;NO;4,4;4,98;
PT-AU88;AU1-11193;ACTR-01900-002;2;Plana;PW Fabric;22,0;;P14;Alma;NO;4,4;4,9;
PT-AU88;AU1-11193;ACTR-01900-002;2;Plana;PW Fabric;22,0;;P15;Alma;NO;4,4;4,7;
PT-AU88;AU1-11193;ACTR-01900-002;2;Plana;PW Fabric;22,0;;P16;Alma;NO;4,4;4,62;
PT-AU88;AU1-11193;ACTR-01900-002;2;Plana;PW Fabric;22,0;;P17;Alma;SI;4,463;4,46;
PT-AU88;AU1-11193;ACTR-01900-002;2;Plana;PW Fabric;22,0;;P18;Alma;SI;4,463;4,49;
PT-AU88;AU1-11193;ACTR-01900-002;2;Plana;PW Fabric;22,0;;P19;Alma;SI;4,463;4,5;
PT-AU88;AU1-11193;ACTR-01900-002;2;Plana;PW Fabric;22,0;;P20;Alma;SI;4,463;4,55;
PT-AU88;AU1-11193;ACTR-01900-002;2;Plana;PW Fabric;22,0;;P21;Alma;SI;4,463;4,6;
PT-AU88;AU1-11193;ACTR-01900-002;2;Plana;PW Fabric;22,0;;P22;Alma;SI;4,463;4,67;
PT-AU88;AU1-11193;ACTR-01900-002;2;Plana;PW Fabric;22,0;;P23;Alma;SI;4,463;4,68;
PT-AU88;AU1-11193;ACTR-01900-002;2;Plana;PW Fabric;22,0;;P24;Alma;SI;4,463;4,74;
PT-AU88;AU1-11193;ACTR-01900-002;2;Plana;PW Fabric;22,0;;P25;Alma;SI;4,463;4,64;
PT-AU88;AU1-11193;ACTR-01900-002;2;Plana;PW Fabric;22,0;;P26;Alma;SI;4,463;4,78;
PT-AU88;AU1-11193;ACTR-01900-002;2;Plana;PW Fabric;22,0;;P27;Alma;SI;4,463;4,86;
PT-AU88;AU1-11193;ACTR-01900-002;2;Plana;PW Fabric;22,0;;P28;Alma;SI;4,463;4,93;
PT-AU88;AU1-11193;ACTR-01900-002;2;Plana;PW Fabric;22,0;;P29;Alma;SI;4,463;4,66;
PT-AU88;AU1-11193;ACTR-01900-002;2;Plana;PW Fabric;22,0;;P30;Alma;SI;4,463;4,73;
PT-AU88;AU1-11193;ACTR-01900-002;2;Plana;PW Fabric;22,0;;P31;Alma;SI;4,463;4,92;
PT-AU88;AU1-11193;ACTR-01900-002;2;Plana;PW Fabric;22,0;;P32;Alma;SI;4,463;4,89;
PT-AU88;AU1-11193;ACTR-01900-002;3;Plana;PW Fabric;4,0;;P1;Alma;NO;0,8;0,82;
PT-AU88;AU1-11193;ACTR-01900-002;3;Plana;PW Fabric;4,0;;P2;Alma;NO;0,8;0,92;
PT-AU88;AU1-11193;ACTR-01900-002;3;Plana;PW Fabric;4,0;;P3;Alma;NO;0,8;0,85;
PT-AU88;AU1-11193;ACTR-01900-002;3;Plana;PW Fabric;4,0;;P4;Alma;NO;0,8;0,9;
PT-AU88;AU1-11193;ACTR-01900-002;3;Plana;PW Fabric;4,0;;P5;Alma;NO;0,8;0,83;
PT-AU88;AU1-11193;ACTR-01900-002;3;Plana;PW Fabric;4,0;;P6;Alma;NO;0,8;0,85;
PT-AU88;AU1-11193;ACTR-01900-002;3;Plana;PW Fabric;4,0;;P7;Alma;NO;0,8;0,87;
PT-AU88;AU1-11193;ACTR-01900-002;3;Plana;PW Fabric;4,0;;P8;Alma;NO;0,8;0,84;
PT-AU88;AU1-11193;ACTR-01900-002;3;Plana;PW Fabric;4,0;;P9;Alma;NO;0,8;0,88;
PT-AU88;AU1-11193;ACTR-01900-002;3;Plana;PW Fabric;4,0;;P10;Alma;NO;0,8;0,86;
PT-AU88;AU1-11193;ACTR-01900-002;3;Plana;PW Fabric;4,0;;P11;Alma;NO;0,8;0,85;
PT-AU88;AU1-11193;ACTR-01900-002;3;Plana;PW Fabric;4,0;;P12;Alma;NO;0,8;0,88;
PT-AU88;AU1-11193;ACTR-01900-002;3;Plana;PW Fabric;4,0;;P13;Alma;NO;0,8;0,8;
PT-AU88;AU1-11193;ACTR-01900-002;3;Plana;PW Fabric;4,0;;P14;Alma;NO;0,8;0,8;
PT-AU88;AU1-11193;ACTR-01900-002;3;Plana;PW Fabric;4,0;;P15;Alma;NO;0,8;0,82;
PT-AU88;AU1-11193;ACTR-01900-002;3;Plana;PW Fabric;4,0;;P16;Alma;NO;0,8;0,8;
PT-AU88;AU1-11193;ACTR-01900-002;3;Plana;PW Fabric;4,0;;P17;Alma;SI;0,863;0,98;
PT-AU88;AU1-11193;ACTR-01900-002;3;Plana;PW Fabric;4,0;;P18;Alma;SI;0,863;1,02;
PT-AU88;AU1-11193;ACTR-01900-002;3;Plana;PW Fabric;4,0;;P19;Alma;SI;0,863;0,9;
PT-AU88;AU1-11193;ACTR-01900-002;3;Plana;PW Fabric;4,0;;P20;Alma;SI;0,863;0,9;
PT-AU88;AU1-11193;ACTR-01900-002;3;Plana;PW Fabric;4,0;;P21;Alma;SI;0,863;0,94;
PT-AU88;AU1-11193;ACTR-01900-002;3;Plana;PW Fabric;4,0;;P22;Alma;SI;0,863;0,91;
PT-AU88;AU1-11193;ACTR-01900-002;3;Plana;PW Fabric;4,0;;P23;Alma;SI;0,863;0,98;
PT-AU88;AU1-11193;ACTR-01900-002;3;Plana;PW Fabric;4,0;;P24;Alma;SI;0,863;0,9;
PT-AU88;AU1-11193;ACTR-01900-002;3;Plana;PW Fabric;4,0;;P25;Alma;SI;0,863;0,87;
PT-AU88;AU1-11193;ACTR-01900-002;3;Plana;PW Fabric;4,0;;P26;Alma;SI;0,863;0,95;
PT-AU88;AU1-11193;ACTR-01900-002;3;Plana;PW Fabric;4,0;;P27;Alma;SI;0,863;0,94;
PT-AU88;AU1-11193;ACTR-01900-002;3;Plana;PW Fabric;4,0;;P28;Alma;SI;0,863;0,92;
PT-AU88;AU1-11193;ACTR-01900-002;3;Plana;PW Fabric;4,0;;P29;Alma;SI;0,863;0,89;
PT-AU88;AU1-11193;ACTR-01900-002;3;Plana;PW Fabric;4,0;;P30;Alma;SI;0,863;0,89;
PT-AU88;AU1-11193;ACTR-01900-002;3;Plana;PW Fabric;4,0;;P31;Alma;SI;0,863;0,89;
PT-AU88;AU1-11193;ACTR-01900-002;3;Plana;PW Fabric;4,0;;P32;Alma;SI;0,863;0,86;
PT-AU88;AU1-11193;ACTR-01900-002;3;Plana;PW Fabric;14,0;;P1;Alma;NO;2,8;2,98;
PT-AU88;AU1-11193;ACTR-01900-002;3;Plana;PW Fabric;14,0;;P2;Alma;NO;2,8;2,95;
PT-AU88;AU1-11193;ACTR-01900-002;3;Plana;PW Fabric;14,0;;P3;Alma;NO;2,8;3,1;
PT-AU88;AU1-11193;ACTR-01900-002;3;Plana;PW Fabric;14,0;;P4;Alma;NO;2,8;3,11;
PT-AU88;AU1-11193;ACTR-01900-002;3;Plana;PW Fabric;14,0;;P5;Alma;NO;2,8;2,95;
PT-AU88;AU1-11193;ACTR-01900-002;3;Plana;PW Fabric;14,0;;P6;Alma;NO;2,8;2,96;
PT-AU88;AU1-11193;ACTR-01900-002;3;Plana;PW Fabric;14,0;;P7;Alma;NO;2,8;3,09;
PT-AU88;AU1-11193;ACTR-01900-002;3;Plana;PW Fabric;14,0;;P8;Alma;NO;2,8;3,14;
PT-AU88;AU1-11193;ACTR-01900-002;3;Plana;PW Fabric;14,0;;P9;Alma;NO;2,8;2,86;
PT-AU88;AU1-11193;ACTR-01900-002;3;Plana;PW Fabric;14,0;;P10;Alma;NO;2,8;3,03;
PT-AU88;AU1-11193;ACTR-01900-002;3;Plana;PW Fabric;14,0;;P11;Alma;NO;2,8;3,04;
PT-AU88;AU1-11193;ACTR-01900-002;3;Plana;PW Fabric;14,0;;P12;Alma;NO;2,8;3,07;
PT-AU88;AU1-11193;ACTR-01900-002;3;Plana;PW Fabric;14,0;;P13;Alma;NO;2,8;2,89;
PT-AU88;AU1-11193;ACTR-01900-002;3;Plana;PW Fabric;14,0;;P14;Alma;NO;2,8;2,91;
PT-AU88;AU1-11193;ACTR-01900-002;3;Plana;PW Fabric;14,0;;P15;Alma;NO;2,8;2,99;
PT-AU88;AU1-11193;ACTR-01900-002;3;Plana;PW Fabric;14,0;;P16;Alma;NO;2,8;2,97;
PT-AU88;AU1-11193;ACTR-01900-002;3;Plana;PW Fabric;14,0;;P17;Alma;SI;2,863;3,08;
PT-AU88;AU1-11193;ACTR-01900-002;3;Plana;PW Fabric;14,0;;P18;Alma;SI;2,863;3,05;
PT-AU88;AU1-11193;ACTR-01900-002;3;Plana;PW Fabric;14,0;;P19;Alma;SI;2,863;2,99;
PT-AU88;AU1-11193;ACTR-01900-002;3;Plana;PW Fabric;14,0;;P20;Alma;SI;2,863;2,85;
PT-AU88;AU1-11193;ACTR-01900-002;3;Plana;PW Fabric;14,0;;P21;Alma;SI;2,863;3,15;
PT-AU88;AU1-11193;ACTR-01900-002;3;Plana;PW Fabric;14,0;;P22;Alma;SI;2,863;3,12;
PT-AU88;AU1-11193;ACTR-01900-002;3;Plana;PW Fabric;14,0;;P23;Alma;SI;2,863;3,0;
PT-AU88;AU1-11193;ACTR-01900-002;3;Plana;PW Fabric;14,0;;P24;Alma;SI;2,863;2,95;
PT-AU88;AU1-11193;ACTR-01900-002;3;Plana;PW Fabric;14,0;;P25;Alma;SI;2,863;3,18;
PT-AU88;AU1-11193;ACTR-01900-002;3;Plana;PW Fabric;14,0;;P26;Alma;SI;2,863;3,15;
PT-AU88;AU1-11193;ACTR-01900-002;3;Plana;PW Fabric;14,0;;P27;Alma;SI;2,863;3,01;
PT-AU88;AU1-11193;ACTR-01900-002;3;Plana;PW Fabric;14,0;;P28;Alma;SI;2,863;2,99;
PT-AU88;AU1-11193;ACTR-01900-002;3;Plana;PW Fabric;14,0;;P29;Alma;SI;2,863;3,05;
PT-AU88;AU1-11193;ACTR-01900-002;3;Plana;PW Fabric;14,0;;P30;Alma;SI;2,863;3,03;
PT-AU88;AU1-11193;ACTR-01900-002;3;Plana;PW Fabric;14,0;;P31;Alma;SI;2,863;2,95;
PT-AU88;AU1-11193;ACTR-01900-002;3;Plana;PW Fabric;14,0;;P32;Alma;SI;2,863;2,9;
PT-AU88;AU1-11193;ACTR-01900-002;3;Plana;PW Fabric;22,0;;P1;Alma;NO;4,4;4,33;
PT-AU88;AU1-11193;ACTR-01900-002;3;Plana;PW Fabric;22,0;;P2;Alma;NO;4,4;4,41;
PT-AU88;AU1-11193;ACTR-01900-002;3;Plana;PW Fabric;22,0;;P3;Alma;NO;4,4;4,38;
PT-AU88;AU1-11193;ACTR-01900-002;3;Plana;PW Fabric;22,0;;P4;Alma;NO;4,4;4,42;
PT-AU88;AU1-11193;ACTR-01900-002;3;Plana;PW Fabric;22,0;;P5;Alma;NO;4,4;4,44;
PT-AU88;AU1-11193;ACTR-01900-002;3;Plana;PW Fabric;22,0;;P6;Alma;NO;4,4;4,62;
PT-AU88;AU1-11193;ACTR-01900-002;3;Plana;PW Fabric;22,0;;P7;Alma;NO;4,4;4,67;
PT-AU88;AU1-11193;ACTR-01900-002;3;Plana;PW Fabric;22,0;;P8;Alma;NO;4,4;4,67;
PT-AU88;AU1-11193;ACTR-01900-002;3;Plana;PW Fabric;22,0;;P9;Alma;NO;4,4;4,5;
PT-AU88;AU1-11193;ACTR-01900-002;3;Plana;PW Fabric;22,0;;P10;Alma;NO;4,4;4,54;
PT-AU88;AU1-11193;ACTR-01900-002;3;Plana;PW Fabric;22,0;;P11;Alma;NO;4,4;4,79;
PT-AU88;AU1-11193;ACTR-01900-002;3;Plana;PW Fabric;22,0;;P12;Alma;NO;4,4;4,8;
PT-AU88;AU1-11193;ACTR-01900-002;3;Plana;PW Fabric;22,0;;P13;Alma;NO;4,4;4,53;
PT-AU88;AU1-11193;ACTR-01900-002;3;Plana;PW Fabric;22,0;;P14;Alma;NO;4,4;4,5;
PT-AU88;AU1-11193;ACTR-01900-002;3;Plana;PW Fabric;22,0;;P15;Alma;NO;4,4;4,65;
PT-AU88;AU1-11193;ACTR-01900-002;3;Plana;PW Fabric;22,0;;P16;Alma;NO;4,4;4,8;
PT-AU88;AU1-11193;ACTR-01900-002;3;Plana;PW Fabric;22,0;;P17;Alma;SI;4,463;4,5;
PT-AU88;AU1-11193;ACTR-01900-002;3;Plana;PW Fabric;22,0;;P18;Alma;SI;4,463;4,51;
PT-AU88;AU1-11193;ACTR-01900-002;3;Plana;PW Fabric;22,0;;P19;Alma;SI;4,463;4,47;
PT-AU88;AU1-11193;ACTR-01900-002;3;Plana;PW Fabric;22,0;;P20;Alma;SI;4,463;4,5;
PT-AU88;AU1-11193;ACTR-01900-002;3;Plana;PW Fabric;22,0;;P21;Alma;SI;4,463;4,76;
PT-AU88;AU1-11193;ACTR-01900-002;3;Plana;PW Fabric;22,0;;P22;Alma;SI;4,463;4,77;
PT-AU88;AU1-11193;ACTR-01900-002;3;Plana;PW Fabric;22,0;;P23;Alma;SI;4,463;4,66;
PT-AU88;AU1-11193;ACTR-01900-002;3;Plana;PW Fabric;22,0;;P24;Alma;SI;4,463;4,64;
PT-AU88;AU1-11193;ACTR-01900-002;3;Plana;PW Fabric;22,0;;P25;Alma;SI;4,463;4,87;
PT-AU88;AU1-11193;ACTR-01900-002;3;Plana;PW Fabric;22,0;;P26;Alma;SI;4,463;4,91;
PT-AU88;AU1-11193;ACTR-01900-002;3;Plana;PW Fabric;22,0;;P27;Alma;SI;4,463;4,83;
PT-AU88;AU1-11193;ACTR-01900-002;3;Plana;PW Fabric;22,0;;P28;Alma;SI;4,463;4,6;
PT-AU88;AU1-11193;ACTR-01900-002;3;Plana;PW Fabric;22,0;;P29;Alma;SI;4,463;4,96;
PT-AU88;AU1-11193;ACTR-01900-002;3;Plana;PW Fabric;22,0;;P30;Alma;SI;4,463;4,94;
PT-AU88;AU1-11193;ACTR-01900-002;3;Plana;PW Fabric;22,0;;P31;Alma;SI;4,463;4,61;
PT-AU88;AU1-11193;ACTR-01900-002;3;Plana;PW Fabric;22,0;;P32;Alma;SI;4,463;4,57;
PT-AU57;AU3-3421;ACTR-01900-002;4;Plana;PW Fabric;4,0;;P1;Alma;NO;0,8;0,84;
PT-AU57;AU3-3421;ACTR-01900-002;4;Plana;PW Fabric;4,0;;P2;Alma;NO;0,8;0,84;
PT-AU57;AU3-3421;ACTR-01900-002;4;Plana;PW Fabric;4,0;;P3;Alma;NO;0,8;0,87;
PT-AU57;AU3-3421;ACTR-01900-002;4;Plana;PW Fabric;4,0;;P4;Alma;NO;0,8;0,96;
PT-AU57;AU3-3421;ACTR-01900-002;4;Plana;PW Fabric;4,0;;P5;Alma;NO;0,8;0,87;
PT-AU57;AU3-3421;ACTR-01900-002;4;Plana;PW Fabric;4,0;;P6;Alma;NO;0,8;0,87;
PT-AU57;AU3-3421;ACTR-01900-002;4;Plana;PW Fabric;4,0;;P7;Alma;NO;0,8;0,87;
PT-AU57;AU3-3421;ACTR-01900-002;4;Plana;PW Fabric;4,0;;P8;Alma;NO;0,8;0,83;
PT-AU57;AU3-3421;ACTR-01900-002;4;Plana;PW Fabric;4,0;;P9;Alma;NO;0,8;0,89;
PT-AU57;AU3-3421;ACTR-01900-002;4;Plana;PW Fabric;4,0;;P10;Alma;NO;0,8;0,87;
PT-AU57;AU3-3421;ACTR-01900-002;4;Plana;PW Fabric;4,0;;P11;Alma;NO;0,8;0,85;
PT-AU57;AU3-3421;ACTR-01900-002;4;Plana;PW Fabric;4,0;;P12;Alma;NO;0,8;0,9;
PT-AU57;AU3-3421;ACTR-01900-002;4;Plana;PW Fabric;4,0;;P13;Alma;NO;0,8;0,81;
PT-AU57;AU3-3421;ACTR-01900-002;4;Plana;PW Fabric;4,0;;P14;Alma;NO;0,8;0,85;
PT-AU57;AU3-3421;ACTR-01900-002;4;Plana;PW Fabric;4,0;;P15;Alma;NO;0,8;0,83;
PT-AU57;AU3-3421;ACTR-01900-002;4;Plana;PW Fabric;4,0;;P16;Alma;NO;0,8;0,85;
PT-AU57;AU3-3421;ACTR-01900-002;4;Plana;PW Fabric;4,0;;P17;Alma;SI;0,863;0,95;
PT-AU57;AU3-3421;ACTR-01900-002;4;Plana;PW Fabric;4,0;;P18;Alma;SI;0,863;0,99;
PT-AU57;AU3-3421;ACTR-01900-002;4;Plana;PW Fabric;4,0;;P19;Alma;SI;0,863;0,94;
PT-AU57;AU3-3421;ACTR-01900-002;4;Plana;PW Fabric;4,0;;P20;Alma;SI;0,863;0,9;
PT-AU57;AU3-3421;ACTR-01900-002;4;Plana;PW Fabric;4,0;;P21;Alma;SI;0,863;0,92;
PT-AU57;AU3-3421;ACTR-01900-002;4;Plana;PW Fabric;4,0;;P22;Alma;SI;0,863;0,96;
PT-AU57;AU3-3421;ACTR-01900-002;4;Plana;PW Fabric;4,0;;P23;Alma;SI;0,863;0,9;
PT-AU57;AU3-3421;ACTR-01900-002;4;Plana;PW Fabric;4,0;;P24;Alma;SI;0,863;0,94;
PT-AU57;AU3-3421;ACTR-01900-002;4;Plana;PW Fabric;4,0;;P25;Alma;SI;0,863;0,98;
PT-AU57;AU3-3421;ACTR-01900-002;4;Plana;PW Fabric;4,0;;P26;Alma;SI;0,863;0,98;
PT-AU57;AU3-3421;ACTR-01900-002;4;Plana;PW Fabric;4,0;;P27;Alma;SI;0,863;0,91;
PT-AU57;AU3-3421;ACTR-01900-002;4;Plana;PW Fabric;4,0;;P28;Alma;SI;0,863;0,98;
PT-AU57;AU3-3421;ACTR-01900-002;4;Plana;PW Fabric;4,0;;P29;Alma;SI;0,863;0,95;
PT-AU57;AU3-3421;ACTR-01900-002;4;Plana;PW Fabric;4,0;;P30;Alma;SI;0,863;0,93;
PT-AU57;AU3-3421;ACTR-01900-002;4;Plana;PW Fabric;4,0;;P31;Alma;SI;0,863;0,91;
PT-AU57;AU3-3421;ACTR-01900-002;4;Plana;PW Fabric;4,0;;P32;Alma;SI;0,863;0,85;
PT-AU57;AU3-3421;ACTR-01900-002;4;Plana;PW Fabric;14,0;;P1;Alma;NO;2,8;2,96;
PT-AU57;AU3-3421;ACTR-01900-002;4;Plana;PW Fabric;14,0;;P2;Alma;NO;2,8;2,99;
PT-AU57;AU3-3421;ACTR-01900-002;4;Plana;PW Fabric;14,0;;P3;Alma;NO;2,8;3,04;
PT-AU57;AU3-3421;ACTR-01900-002;4;Plana;PW Fabric;14,0;;P4;Alma;NO;2,8;3,07;
PT-AU57;AU3-3421;ACTR-01900-002;4;Plana;PW Fabric;14,0;;P5;Alma;NO;2,8;2,96;
PT-AU57;AU3-3421;ACTR-01900-002;4;Plana;PW Fabric;14,0;;P6;Alma;NO;2,8;2,98;
PT-AU57;AU3-3421;ACTR-01900-002;4;Plana;PW Fabric;14,0;;P7;Alma;NO;2,8;3,13;
PT-AU57;AU3-3421;ACTR-01900-002;4;Plana;PW Fabric;14,0;;P8;Alma;NO;2,8;3,15;
PT-AU57;AU3-3421;ACTR-01900-002;4;Plana;PW Fabric;14,0;;P9;Alma;NO;2,8;3,08;
PT-AU57;AU3-3421;ACTR-01900-002;4;Plana;PW Fabric;14,0;;P10;Alma;NO;2,8;3,04;
PT-AU57;AU3-3421;ACTR-01900-002;4;Plana;PW Fabric;14,0;;P11;Alma;NO;2,8;3,1;
PT-AU57;AU3-3421;ACTR-01900-002;4;Plana;PW Fabric;14,0;;P12;Alma;NO;2,8;3,05;
PT-AU57;AU3-3421;ACTR-01900-002;4;Plana;PW Fabric;14,0;;P13;Alma;NO;2,8;2,84;
PT-AU57;AU3-3421;ACTR-01900-002;4;Plana;PW Fabric;14,0;;P14;Alma;NO;2,8;2,93;
PT-AU57;AU3-3421;ACTR-01900-002;4;Plana;PW Fabric;14,0;;P15;Alma;NO;2,8;2,93;
PT-AU57;AU3-3421;ACTR-01900-002;4;Plana;PW Fabric;14,0;;P16;Alma;NO;2,8;3,05;
PT-AU57;AU3-3421;ACTR-01900-002;4;Plana;PW Fabric;14,0;;P17;Alma;SI;2,863;3,13;
PT-AU57;AU3-3421;ACTR-01900-002;4;Plana;PW Fabric;14,0;;P18;Alma;SI;2,863;3,13;
PT-AU57;AU3-3421;ACTR-01900-002;4;Plana;PW Fabric;14,0;;P19;Alma;SI;2,863;3,03;
PT-AU57;AU3-3421;ACTR-01900-002;4;Plana;PW Fabric;14,0;;P20;Alma;SI;2,863;2,9;
PT-AU57;AU3-3421;ACTR-01900-002;4;Plana;PW Fabric;14,0;;P21;Alma;SI;2,863;3,1;
PT-AU57;AU3-3421;ACTR-01900-002;4;Plana;PW Fabric;14,0;;P22;Alma;SI;2,863;3,15;
PT-AU57;AU3-3421;ACTR-01900-002;4;Plana;PW Fabric;14,0;;P23;Alma;SI;2,863;2,98;
PT-AU57;AU3-3421;ACTR-01900-002;4;Plana;PW Fabric;14,0;;P24;Alma;SI;2,863;2,96;
PT-AU57;AU3-3421;ACTR-01900-002;4;Plana;PW Fabric;14,0;;P25;Alma;SI;2,863;3,13;
PT-AU57;AU3-3421;ACTR-01900-002;4;Plana;PW Fabric;14,0;;P26;Alma;SI;2,863;3,06;
PT-AU57;AU3-3421;ACTR-01900-002;4;Plana;PW Fabric;14,0;;P27;Alma;SI;2,863;3,02;
PT-AU57;AU3-3421;ACTR-01900-002;4;Plana;PW Fabric;14,0;;P28;Alma;SI;2,863;3,0;
PT-AU57;AU3-3421;ACTR-01900-002;4;Plana;PW Fabric;14,0;;P29;Alma;SI;2,863;3,08;
PT-AU57;AU3-3421;ACTR-01900-002;4;Plana;PW Fabric;14,0;;P30;Alma;SI;2,863;3,1;
PT-AU57;AU3-3421;ACTR-01900-002;4;Plana;PW Fabric;14,0;;P31;Alma;SI;2,863;3,0;
PT-AU57;AU3-3421;ACTR-01900-002;4;Plana;PW Fabric;14,0;;P32;Alma;SI;2,863;3,03;
PT-AU57;AU3-3421;ACTR-01900-002;4;Plana;PW Fabric;22,0;;P1;Alma;NO;4,4;4,46;
PT-AU57;AU3-3421;ACTR-01900-002;4;Plana;PW Fabric;22,0;;P2;Alma;NO;4,4;4,55;
PT-AU57;AU3-3421;ACTR-01900-002;4;Plana;PW Fabric;22,0;;P3;Alma;NO;4,4;4,53;
PT-AU57;AU3-3421;ACTR-01900-002;4;Plana;PW Fabric;22,0;;P4;Alma;NO;4,4;4,55;
PT-AU57;AU3-3421;ACTR-01900-002;4;Plana;PW Fabric;22,0;;P5;Alma;NO;4,4;4,58;
PT-AU57;AU3-3421;ACTR-01900-002;4;Plana;PW Fabric;22,0;;P6;Alma;NO;4,4;4,72;
PT-AU57;AU3-3421;ACTR-01900-002;4;Plana;PW Fabric;22,0;;P7;Alma;NO;4,4;4,78;
PT-AU57;AU3-3421;ACTR-01900-002;4;Plana;PW Fabric;22,0;;P8;Alma;NO;4,4;4,79;
PT-AU57;AU3-3421;ACTR-01900-002;4;Plana;PW Fabric;22,0;;P9;Alma;NO;4,4;4,72;
PT-AU57;AU3-3421;ACTR-01900-002;4;Plana;PW Fabric;22,0;;P10;Alma;NO;4,4;4,78;
PT-AU57;AU3-3421;ACTR-01900-002;4;Plana;PW Fabric;22,0;;P11;Alma;NO;4,4;4,95;
PT-AU57;AU3-3421;ACTR-01900-002;4;Plana;PW Fabric;22,0;;P12;Alma;NO;4,4;4,95;
PT-AU57;AU3-3421;ACTR-01900-002;4;Plana;PW Fabric;22,0;;P13;Alma;NO;4,4;4,6;
PT-AU57;AU3-3421;ACTR-01900-002;4;Plana;PW Fabric;22,0;;P14;Alma;NO;4,4;4,76;
PT-AU57;AU3-3421;ACTR-01900-002;4;Plana;PW Fabric;22,0;;P15;Alma;NO;4,4;4,82;
PT-AU57;AU3-3421;ACTR-01900-002;4;Plana;PW Fabric;22,0;;P16;Alma;NO;4,4;4,8;
PT-AU57;AU3-3421;ACTR-01900-002;4;Plana;PW Fabric;22,0;;P17;Alma;SI;4,463;4,61;
PT-AU57;AU3-3421;ACTR-01900-002;4;Plana;PW Fabric;22,0;;P18;Alma;SI;4,463;4,64;
PT-AU57;AU3-3421;ACTR-01900-002;4;Plana;PW Fabric;22,0;;P19;Alma;SI;4,463;4,56;
PT-AU57;AU3-3421;ACTR-01900-002;4;Plana;PW Fabric;22,0;;P20;Alma;SI;4,463;4,55;
PT-AU57;AU3-3421;ACTR-01900-002;4;Plana;PW Fabric;22,0;;P21;Alma;SI;4,463;4,86;
PT-AU57;AU3-3421;ACTR-01900-002;4;Plana;PW Fabric;22,0;;P22;Alma;SI;4,463;4,82;
PT-AU57;AU3-3421;ACTR-01900-002;4;Plana;PW Fabric;22,0;;P23;Alma;SI;4,463;4,75;
PT-AU57;AU3-3421;ACTR-01900-002;4;Plana;PW Fabric;22,0;;P24;Alma;SI;4,463;4,74;
PT-AU57;AU3-3421;ACTR-01900-002;4;Plana;PW Fabric;22,0;;P25;Alma;SI;4,463;4,91;
PT-AU57;AU3-3421;ACTR-01900-002;4;Plana;PW Fabric;22,0;;P26;Alma;SI;4,463;4,84;
PT-AU57;AU3-3421;ACTR-01900-002;4;Plana;PW Fabric;22,0;;P27;Alma;SI;4,463;4,83;
PT-AU57;AU3-3421;ACTR-01900-002;4;Plana;PW Fabric;22,0;;P28;Alma;SI;4,463;4,73;
PT-AU57;AU3-3421;ACTR-01900-002;4;Plana;PW Fabric;22,0;;P29;Alma;SI;4,463;4,85;
PT-AU57;AU3-3421;ACTR-01900-002;4;Plana;PW Fabric;22,0;;P30;Alma;SI;4,463;4,77;
PT-AU57;AU3-3421;ACTR-01900-002;4;Plana;PW Fabric;22,0;;P31;Alma;SI;4,463;4,69;
PT-AU57;AU3-3421;ACTR-01900-002;4;Plana;PW Fabric;22,0;;P32;Alma;SI;4,463;4,56;
PT-AU57;AU3-3421;ACTR-01900-002;5;Plana;PW Fabric;4,0;;P1;Alma;NO;0,8;0,85;
PT-AU57;AU3-3421;ACTR-01900-002;5;Plana;PW Fabric;4,0;;P2;Alma;NO;0,8;0,92;
PT-AU57;AU3-3421;ACTR-01900-002;5;Plana;PW Fabric;4,0;;P3;Alma;NO;0,8;0,92;
PT-AU57;AU3-3421;ACTR-01900-002;5;Plana;PW Fabric;4,0;;P4;Alma;NO;0,8;0,95;
PT-AU57;AU3-3421;ACTR-01900-002;5;Plana;PW Fabric;4,0;;P5;Alma;NO;0,8;0,81;
PT-AU57;AU3-3421;ACTR-01900-002;5;Plana;PW Fabric;4,0;;P6;Alma;NO;0,8;0,86;
PT-AU57;AU3-3421;ACTR-01900-002;5;Plana;PW Fabric;4,0;;P7;Alma;NO;0,8;0,87;
PT-AU57;AU3-3421;ACTR-01900-002;5;Plana;PW Fabric;4,0;;P8;Alma;NO;0,8;0,84;
PT-AU57;AU3-3421;ACTR-01900-002;5;Plana;PW Fabric;4,0;;P9;Alma;NO;0,8;0,82;
PT-AU57;AU3-3421;ACTR-01900-002;5;Plana;PW Fabric;4,0;;P10;Alma;NO;0,8;0,86;
PT-AU57;AU3-3421;ACTR-01900-002;5;Plana;PW Fabric;4,0;;P11;Alma;NO;0,8;0,86;
PT-AU57;AU3-3421;ACTR-01900-002;5;Plana;PW Fabric;4,0;;P12;Alma;NO;0,8;0,86;
PT-AU57;AU3-3421;ACTR-01900-002;5;Plana;PW Fabric;4,0;;P13;Alma;NO;0,8;0,85;
PT-AU57;AU3-3421;ACTR-01900-002;5;Plana;PW Fabric;4,0;;P14;Alma;NO;0,8;0,87;
PT-AU57;AU3-3421;ACTR-01900-002;5;Plana;PW Fabric;4,0;;P15;Alma;NO;0,8;0,86;
PT-AU57;AU3-3421;ACTR-01900-002;5;Plana;PW Fabric;4,0;;P16;Alma;NO;0,8;0,85;
PT-AU57;AU3-3421;ACTR-01900-002;5;Plana;PW Fabric;4,0;;P17;Alma;SI;0,863;0,97;
PT-AU57;AU3-3421;ACTR-01900-002;5;Plana;PW Fabric;4,0;;P18;Alma;SI;0,863;0,92;
PT-AU57;AU3-3421;ACTR-01900-002;5;Plana;PW Fabric;4,0;;P19;Alma;SI;0,863;0,9;
PT-AU57;AU3-3421;ACTR-01900-002;5;Plana;PW Fabric;4,0;;P20;Alma;SI;0,863;0,92;
PT-AU57;AU3-3421;ACTR-01900-002;5;Plana;PW Fabric;4,0;;P21;Alma;SI;0,863;0,91;
PT-AU57;AU3-3421;ACTR-01900-002;5;Plana;PW Fabric;4,0;;P22;Alma;SI;0,863;0,92;
PT-AU57;AU3-3421;ACTR-01900-002;5;Plana;PW Fabric;4,0;;P23;Alma;SI;0,863;0,9;
PT-AU57;AU3-3421;ACTR-01900-002;5;Plana;PW Fabric;4,0;;P24;Alma;SI;0,863;0,88;
PT-AU57;AU3-3421;ACTR-01900-002;5;Plana;PW Fabric;4,0;;P25;Alma;SI;0,863;0,99;
PT-AU57;AU3-3421;ACTR-01900-002;5;Plana;PW Fabric;4,0;;P26;Alma;SI;0,863;1,04;
PT-AU57;AU3-3421;ACTR-01900-002;5;Plana;PW Fabric;4,0;;P27;Alma;SI;0,863;0,91;
PT-AU57;AU3-3421;ACTR-01900-002;5;Plana;PW Fabric;4,0;;P28;Alma;SI;0,863;0,9;
PT-AU57;AU3-3421;ACTR-01900-002;5;Plana;PW Fabric;4,0;;P29;Alma;SI;0,863;0,85;
PT-AU57;AU3-3421;ACTR-01900-002;5;Plana;PW Fabric;4,0;;P30;Alma;SI;0,863;0,93;
PT-AU57;AU3-3421;ACTR-01900-002;5;Plana;PW Fabric;4,0;;P31;Alma;SI;0,863;0,85;
PT-AU57;AU3-3421;ACTR-01900-002;5;Plana;PW Fabric;4,0;;P32;Alma;SI;0,863;0,92;
PT-AU57;AU3-3421;ACTR-01900-002;5;Plana;PW Fabric;14,0;;P1;Alma;NO;2,8;2,91;
PT-AU57;AU3-3421;ACTR-01900-002;5;Plana;PW Fabric;14,0;;P2;Alma;NO;2,8;2,98;
PT-AU57;AU3-3421;ACTR-01900-002;5;Plana;PW Fabric;14,0;;P3;Alma;NO;2,8;3,05;
PT-AU57;AU3-3421;ACTR-01900-002;5;Plana;PW Fabric;14,0;;P4;Alma;NO;2,8;3,13;
PT-AU57;AU3-3421;ACTR-01900-002;5;Plana;PW Fabric;14,0;;P5;Alma;NO;2,8;2,97;
PT-AU57;AU3-3421;ACTR-01900-002;5;Plana;PW Fabric;14,0;;P6;Alma;NO;2,8;2,91;
PT-AU57;AU3-3421;ACTR-01900-002;5;Plana;PW Fabric;14,0;;P7;Alma;NO;2,8;3,11;
PT-AU57;AU3-3421;ACTR-01900-002;5;Plana;PW Fabric;14,0;;P8;Alma;NO;2,8;3,11;
PT-AU57;AU3-3421;ACTR-01900-002;5;Plana;PW Fabric;14,0;;P9;Alma;NO;2,8;2,85;
PT-AU57;AU3-3421;ACTR-01900-002;5;Plana;PW Fabric;14,0;;P10;Alma;NO;2,8;2,93;
PT-AU57;AU3-3421;ACTR-01900-002;5;Plana;PW Fabric;14,0;;P11;Alma;NO;2,8;2,98;
PT-AU57;AU3-3421;ACTR-01900-002;5;Plana;PW Fabric;14,0;;P12;Alma;NO;2,8;2,97;
PT-AU57;AU3-3421;ACTR-01900-002;5;Plana;PW Fabric;14,0;;P13;Alma;NO;2,8;2,85;
PT-AU57;AU3-3421;ACTR-01900-002;5;Plana;PW Fabric;14,0;;P14;Alma;NO;2,8;2,9;
PT-AU57;AU3-3421;ACTR-01900-002;5;Plana;PW Fabric;14,0;;P15;Alma;NO;2,8;2,95;
PT-AU57;AU3-3421;ACTR-01900-002;5;Plana;PW Fabric;14,0;;P16;Alma;NO;2,8;3,0;
PT-AU57;AU3-3421;ACTR-01900-002;5;Plana;PW Fabric;14,0;;P17;Alma;SI;2,863;3,08;
PT-AU57;AU3-3421;ACTR-01900-002;5;Plana;PW Fabric;14,0;;P18;Alma;SI;2,863;3,08;
PT-AU57;AU3-3421;ACTR-01900-002;5;Plana;PW Fabric;14,0;;P19;Alma;SI;2,863;2,94;
PT-AU57;AU3-3421;ACTR-01900-002;5;Plana;PW Fabric;14,0;;P20;Alma;SI;2,863;2,93;
PT-AU57;AU3-3421;ACTR-01900-002;5;Plana;PW Fabric;14,0;;P21;Alma;SI;2,863;3,07;
PT-AU57;AU3-3421;ACTR-01900-002;5;Plana;PW Fabric;14,0;;P22;Alma;SI;2,863;3,03;
PT-AU57;AU3-3421;ACTR-01900-002;5;Plana;PW Fabric;14,0;;P23;Alma;SI;2,863;2,93;
PT-AU57;AU3-3421;ACTR-01900-002;5;Plana;PW Fabric;14,0;;P24;Alma;SI;2,863;2,88;
PT-AU57;AU3-3421;ACTR-01900-002;5;Plana;PW Fabric;14,0;;P25;Alma;SI;2,863;3,04;
PT-AU57;AU3-3421;ACTR-01900-002;5;Plana;PW Fabric;14,0;;P26;Alma;SI;2,863;3,07;
PT-AU57;AU3-3421;ACTR-01900-002;5;Plana;PW Fabric;14,0;;P27;Alma;SI;2,863;2,97;
PT-AU57;AU3-3421;ACTR-01900-002;5;Plana;PW Fabric;14,0;;P28;Alma;SI;2,863;2,89;
PT-AU57;AU3-3421;ACTR-01900-002;5;Plana;PW Fabric;14,0;;P29;Alma;SI;2,863;3,05;
PT-AU57;AU3-3421;ACTR-01900-002;5;Plana;PW Fabric;14,0;;P30;Alma;SI;2,863;3,1;
PT-AU57;AU3-3421;ACTR-01900-002;5;Plana;PW Fabric;14,0;;P31;Alma;SI;2,863;3,02;
PT-AU57;AU3-3421;ACTR-01900-002;5;Plana;PW Fabric;14,0;;P32;Alma;SI;2,863;2,97;
PT-AU57;AU3-3421;ACTR-01900-002;5;Plana;PW Fabric;22,0;;P1;Alma;NO;4,4;4,42;
PT-AU57;AU3-3421;ACTR-01900-002;5;Plana;PW Fabric;22,0;;P2;Alma;NO;4,4;4,42;
PT-AU57;AU3-3421;ACTR-01900-002;5;Plana;PW Fabric;22,0;;P3;Alma;NO;4,4;4,48;
PT-AU57;AU3-3421;ACTR-01900-002;5;Plana;PW Fabric;22,0;;P4;Alma;NO;4,4;4,48;
PT-AU57;AU3-3421;ACTR-01900-002;5;Plana;PW Fabric;22,0;;P5;Alma;NO;4,4;4,53;
PT-AU57;AU3-3421;ACTR-01900-002;5;Plana;PW Fabric;22,0;;P6;Alma;NO;4,4;4,69;
PT-AU57;AU3-3421;ACTR-01900-002;5;Plana;PW Fabric;22,0;;P7;Alma;NO;4,4;4,72;
PT-AU57;AU3-3421;ACTR-01900-002;5;Plana;PW Fabric;22,0;;P8;Alma;NO;4,4;4,7;
PT-AU57;AU3-3421;ACTR-01900-002;5;Plana;PW Fabric;22,0;;P9;Alma;NO;4,4;4,59;
PT-AU57;AU3-3421;ACTR-01900-002;5;Plana;PW Fabric;22,0;;P10;Alma;NO;4,4;4,64;
PT-AU57;AU3-3421;ACTR-01900-002;5;Plana;PW Fabric;22,0;;P11;Alma;NO;4,4;4,81;
PT-AU57;AU3-3421;ACTR-01900-002;5;Plana;PW Fabric;22,0;;P12;Alma;NO;4,4;4,78;
PT-AU57;AU3-3421;ACTR-01900-002;5;Plana;PW Fabric;22,0;;P13;Alma;NO;4,4;4,61;
PT-AU57;AU3-3421;ACTR-01900-002;5;Plana;PW Fabric;22,0;;P14;Alma;NO;4,4;4,72;
PT-AU57;AU3-3421;ACTR-01900-002;5;Plana;PW Fabric;22,0;;P15;Alma;NO;4,4;4,72;
PT-AU57;AU3-3421;ACTR-01900-002;5;Plana;PW Fabric;22,0;;P16;Alma;NO;4,4;4,74;
PT-AU57;AU3-3421;ACTR-01900-002;5;Plana;PW Fabric;22,0;;P17;Alma;SI;4,463;4,65;
PT-AU57;AU3-3421;ACTR-01900-002;5;Plana;PW Fabric;22,0;;P18;Alma;SI;4,463;4,58;
PT-AU57;AU3-3421;ACTR-01900-002;5;Plana;PW Fabric;22,0;;P19;Alma;SI;4,463;4,53;
PT-AU57;AU3-3421;ACTR-01900-002;5;Plana;PW Fabric;22,0;;P20;Alma;SI;4,463;4,49;
PT-AU57;AU3-3421;ACTR-01900-002;5;Plana;PW Fabric;22,0;;P21;Alma;SI;4,463;4,79;
PT-AU57;AU3-3421;ACTR-01900-002;5;Plana;PW Fabric;22,0;;P22;Alma;SI;4,463;4,79;
PT-AU57;AU3-3421;ACTR-01900-002;5;Plana;PW Fabric;22,0;;P23;Alma;SI;4,463;4,74;
PT-AU57;AU3-3421;ACTR-01900-002;5;Plana;PW Fabric;22,0;;P24;Alma;SI;4,463;4,59;
PT-AU57;AU3-3421;ACTR-01900-002;5;Plana;PW Fabric;22,0;;P25;Alma;SI;4,463;4,92;
PT-AU57;AU3-3421;ACTR-01900-002;5;Plana;PW Fabric;22,0;;P26;Alma;SI;4,463;4,84;
PT-AU57;AU3-3421;ACTR-01900-002;5;Plana;PW Fabric;22,0;;P27;Alma;SI;4,463;4,7;
PT-AU57;AU3-3421;ACTR-01900-002;5;Plana;PW Fabric;22,0;;P28;Alma;SI;4,463;4,66;
PT-AU57;AU3-3421;ACTR-01900-002;5;Plana;PW Fabric;22,0;;P29;Alma;SI;4,463;4,84;
PT-AU57;AU3-3421;ACTR-01900-002;5;Plana;PW Fabric;22,0;;P30;Alma;SI;4,463;4,79;
PT-AU57;AU3-3421;ACTR-01900-002;5;Plana;PW Fabric;22,0;;P31;Alma;SI;4,463;4,66;
PT-AU57;AU3-3421;ACTR-01900-002;5;Plana;PW Fabric;22,0;;P32;Alma;SI;4,463;4,57;
PT-AU15;AU1-11190;ACTR-01900-003;1;Plana;PW Fabric;4,0;;P1;Alma;NO;0,8;0,87;
PT-AU15;AU1-11190;ACTR-01900-003;1;Plana;PW Fabric;4,0;;P2;Alma;NO;0,8;0,96;
PT-AU15;AU1-11190;ACTR-01900-003;1;Plana;PW Fabric;4,0;;P3;Alma;NO;0,8;0,98;
PT-AU15;AU1-11190;ACTR-01900-003;1;Plana;PW Fabric;4,0;;P4;Alma;NO;0,8;1,04;
PT-AU15;AU1-11190;ACTR-01900-003;1;Plana;PW Fabric;4,0;;P5;Alma;NO;0,8;0,93;
PT-AU15;AU1-11190;ACTR-01900-003;1;Plana;PW Fabric;4,0;;P6;Alma;NO;0,8;0,96;
PT-AU15;AU1-11190;ACTR-01900-003;1;Plana;PW Fabric;4,0;;P7;Alma;NO;0,8;0,96;
PT-AU15;AU1-11190;ACTR-01900-003;1;Plana;PW Fabric;4,0;;P8;Alma;NO;0,8;0,93;
PT-AU15;AU1-11190;ACTR-01900-003;1;Plana;PW Fabric;4,0;;P9;Alma;NO;0,8;0,85;
PT-AU15;AU1-11190;ACTR-01900-003;1;Plana;PW Fabric;4,0;;P10;Alma;NO;0,8;0,85;
PT-AU15;AU1-11190;ACTR-01900-003;1;Plana;PW Fabric;4,0;;P11;Alma;NO;0,8;0,87;
PT-AU15;AU1-11190;ACTR-01900-003;1;Plana;PW Fabric;4,0;;P12;Alma;NO;0,8;0,85;
PT-AU15;AU1-11190;ACTR-01900-003;1;Plana;PW Fabric;4,0;;P13;Alma;NO;0,8;0,91;
PT-AU15;AU1-11190;ACTR-01900-003;1;Plana;PW Fabric;4,0;;P14;Alma;NO;0,8;0,79;
PT-AU15;AU1-11190;ACTR-01900-003;1;Plana;PW Fabric;4,0;;P15;Alma;NO;0,8;0,78;
PT-AU15;AU1-11190;ACTR-01900-003;1;Plana;PW Fabric;4,0;;P16;Alma;NO;0,8;0,79;
PT-AU15;AU1-11190;ACTR-01900-003;1;Plana;PW Fabric;4,0;;P17;Alma;SI;0,863;1,07;
PT-AU15;AU1-11190;ACTR-01900-003;1;Plana;PW Fabric;4,0;;P18;Alma;SI;0,863;1,12;
PT-AU15;AU1-11190;ACTR-01900-003;1;Plana;PW Fabric;4,0;;P19;Alma;SI;0,863;0,97;
PT-AU15;AU1-11190;ACTR-01900-003;1;Plana;PW Fabric;4,0;;P20;Alma;SI;0,863;0,93;
PT-AU15;AU1-11190;ACTR-01900-003;1;Plana;PW Fabric;4,0;;P21;Alma;SI;0,863;0,92;
PT-AU15;AU1-11190;ACTR-01900-003;1;Plana;PW Fabric;4,0;;P22;Alma;SI;0,863;0,95;
PT-AU15;AU1-11190;ACTR-01900-003;1;Plana;PW Fabric;4,0;;P23;Alma;SI;0,863;0,87;
PT-AU15;AU1-11190;ACTR-01900-003;1;Plana;PW Fabric;4,0;;P24;Alma;SI;0,863;0,9;
PT-AU15;AU1-11190;ACTR-01900-003;1;Plana;PW Fabric;4,0;;P25;Alma;SI;0,863;0,96;
PT-AU15;AU1-11190;ACTR-01900-003;1;Plana;PW Fabric;4,0;;P26;Alma;SI;0,863;0,93;
PT-AU15;AU1-11190;ACTR-01900-003;1;Plana;PW Fabric;4,0;;P27;Alma;SI;0,863;0,96;
PT-AU15;AU1-11190;ACTR-01900-003;1;Plana;PW Fabric;4,0;;P28;Alma;SI;0,863;0,93;
PT-AU15;AU1-11190;ACTR-01900-003;1;Plana;PW Fabric;4,0;;P29;Alma;SI;0,863;0,89;
PT-AU15;AU1-11190;ACTR-01900-003;1;Plana;PW Fabric;4,0;;P30;Alma;SI;0,863;0,91;
PT-AU15;AU1-11190;ACTR-01900-003;1;Plana;PW Fabric;4,0;;P31;Alma;SI;0,863;0,89;
PT-AU15;AU1-11190;ACTR-01900-003;1;Plana;PW Fabric;4,0;;P32;Alma;SI;0,863;0,89;
PT-AU15;AU1-11190;ACTR-01900-003;1;Plana;PW Fabric;14,0;;P1;Alma;NO;2,8;2,89;
PT-AU15;AU1-11190;ACTR-01900-003;1;Plana;PW Fabric;14,0;;P2;Alma;NO;2,8;2,96;
PT-AU15;AU1-11190;ACTR-01900-003;1;Plana;PW Fabric;14,0;;P3;Alma;NO;2,8;3,03;
PT-AU15;AU1-11190;ACTR-01900-003;1;Plana;PW Fabric;14,0;;P4;Alma;NO;2,8;3,07;
PT-AU15;AU1-11190;ACTR-01900-003;1;Plana;PW Fabric;14,0;;P5;Alma;NO;2,8;2,94;
PT-AU15;AU1-11190;ACTR-01900-003;1;Plana;PW Fabric;14,0;;P6;Alma;NO;2,8;2,96;
PT-AU15;AU1-11190;ACTR-01900-003;1;Plana;PW Fabric;14,0;;P7;Alma;NO;2,8;3,07;
PT-AU15;AU1-11190;ACTR-01900-003;1;Plana;PW Fabric;14,0;;P8;Alma;NO;2,8;3,08;
PT-AU15;AU1-11190;ACTR-01900-003;1;Plana;PW Fabric;14,0;;P9;Alma;NO;2,8;2,89;
PT-AU15;AU1-11190;ACTR-01900-003;1;Plana;PW Fabric;14,0;;P10;Alma;NO;2,8;3,06;
PT-AU15;AU1-11190;ACTR-01900-003;1;Plana;PW Fabric;14,0;;P11;Alma;NO;2,8;3,08;
PT-AU15;AU1-11190;ACTR-01900-003;1;Plana;PW Fabric;14,0;;P12;Alma;NO;2,8;3,08;
PT-AU15;AU1-11190;ACTR-01900-003;1;Plana;PW Fabric;14,0;;P13;Alma;NO;2,8;2,99;
PT-AU15;AU1-11190;ACTR-01900-003;1;Plana;PW Fabric;14,0;;P14;Alma;NO;2,8;3,02;
PT-AU15;AU1-11190;ACTR-01900-003;1;Plana;PW Fabric;14,0;;P15;Alma;NO;2,8;3,08;
PT-AU15;AU1-11190;ACTR-01900-003;1;Plana;PW Fabric;14,0;;P16;Alma;NO;2,8;3,12;
PT-AU15;AU1-11190;ACTR-01900-003;1;Plana;PW Fabric;14,0;;P17;Alma;SI;2,863;3,17;
PT-AU15;AU1-11190;ACTR-01900-003;1;Plana;PW Fabric;14,0;;P18;Alma;SI;2,863;3,14;
PT-AU15;AU1-11190;ACTR-01900-003;1;Plana;PW Fabric;14,0;;P19;Alma;SI;2,863;3,12;
PT-AU15;AU1-11190;ACTR-01900-003;1;Plana;PW Fabric;14,0;;P20;Alma;SI;2,863;3,06;
PT-AU15;AU1-11190;ACTR-01900-003;1;Plana;PW Fabric;14,0;;P21;Alma;SI;2,863;3,22;
PT-AU15;AU1-11190;ACTR-01900-003;1;Plana;PW Fabric;14,0;;P22;Alma;SI;2,863;3,22;
PT-AU15;AU1-11190;ACTR-01900-003;1;Plana;PW Fabric;14,0;;P23;Alma;SI;2,863;3,04;
PT-AU15;AU1-11190;ACTR-01900-003;1;Plana;PW Fabric;14,0;;P24;Alma;SI;2,863;3,04;
PT-AU15;AU1-11190;ACTR-01900-003;1;Plana;PW Fabric;14,0;;P25;Alma;SI;2,863;3,27;
PT-AU15;AU1-11190;ACTR-01900-003;1;Plana;PW Fabric;14,0;;P26;Alma;SI;2,863;3,21;
PT-AU15;AU1-11190;ACTR-01900-003;1;Plana;PW Fabric;14,0;;P27;Alma;SI;2,863;3,07;
PT-AU15;AU1-11190;ACTR-01900-003;1;Plana;PW Fabric;14,0;;P28;Alma;SI;2,863;2,97;
PT-AU15;AU1-11190;ACTR-01900-003;1;Plana;PW Fabric;14,0;;P29;Alma;SI;2,863;3,27;
PT-AU15;AU1-11190;ACTR-01900-003;1;Plana;PW Fabric;14,0;;P30;Alma;SI;2,863;3,22;
PT-AU15;AU1-11190;ACTR-01900-003;1;Plana;PW Fabric;14,0;;P31;Alma;SI;2,863;3,05;
PT-AU15;AU1-11190;ACTR-01900-003;1;Plana;PW Fabric;14,0;;P32;Alma;SI;2,863;3,04;
PT-AU15;AU1-11190;ACTR-01900-003;1;Plana;PW Fabric;22,0;;P1;Alma;NO;4,4;4,49;
PT-AU15;AU1-11190;ACTR-01900-003;1;Plana;PW Fabric;22,0;;P2;Alma;NO;4,4;4,56;
PT-AU15;AU1-11190;ACTR-01900-003;1;Plana;PW Fabric;22,0;;P3;Alma;NO;4,4;4,56;
PT-AU15;AU1-11190;ACTR-01900-003;1;Plana;PW Fabric;22,0;;P4;Alma;NO;4,4;4,57;
PT-AU15;AU1-11190;ACTR-01900-003;1;Plana;PW Fabric;22,0;;P5;Alma;NO;4,4;4,49;
PT-AU15;AU1-11190;ACTR-01900-003;1;Plana;PW Fabric;22,0;;P6;Alma;NO;4,4;4,62;
PT-AU15;AU1-11190;ACTR-01900-003;1;Plana;PW Fabric;22,0;;P7;Alma;NO;4,4;4,65;
PT-AU15;AU1-11190;ACTR-01900-003;1;Plana;PW Fabric;22,0;;P8;Alma;NO;4,4;4,62;
PT-AU15;AU1-11190;ACTR-01900-003;1;Plana;PW Fabric;22,0;;P9;Alma;NO;4,4;4,54;
PT-AU15;AU1-11190;ACTR-01900-003;1;Plana;PW Fabric;22,0;;P10;Alma;NO;4,4;4,58;
PT-AU15;AU1-11190;ACTR-01900-003;1;Plana;PW Fabric;22,0;;P11;Alma;NO;4,4;4,68;
PT-AU15;AU1-11190;ACTR-01900-003;1;Plana;PW Fabric;22,0;;P12;Alma;NO;4,4;4,68;
PT-AU15;AU1-11190;ACTR-01900-003;1;Plana;PW Fabric;22,0;;P13;Alma;NO;4,4;4,52;
PT-AU15;AU1-11190;ACTR-01900-003;1;Plana;PW Fabric;22,0;;P14;Alma;NO;4,4;4,6;
PT-AU15;AU1-11190;ACTR-01900-003;1;Plana;PW Fabric;22,0;;P15;Alma;NO;4,4;4,77;
PT-AU15;AU1-11190;ACTR-01900-003;1;Plana;PW Fabric;22,0;;P16;Alma;NO;4,4;4,71;
PT-AU15;AU1-11190;ACTR-01900-003;1;Plana;PW Fabric;22,0;;P17;Alma;SI;4,463;4,62;
PT-AU15;AU1-11190;ACTR-01900-003;1;Plana;PW Fabric;22,0;;P18;Alma;SI;4,463;4,64;
PT-AU15;AU1-11190;ACTR-01900-003;1;Plana;PW Fabric;22,0;;P19;Alma;SI;4,463;4,6;
PT-AU15;AU1-11190;ACTR-01900-003;1;Plana;PW Fabric;22,0;;P20;Alma;SI;4,463;4,59;
PT-AU15;AU1-11190;ACTR-01900-003;1;Plana;PW Fabric;22,0;;P21;Alma;SI;4,463;4,74;
PT-AU15;AU1-11190;ACTR-01900-003;1;Plana;PW Fabric;22,0;;P22;Alma;SI;4,463;4,79;
PT-AU15;AU1-11190;ACTR-01900-003;1;Plana;PW Fabric;22,0;;P23;Alma;SI;4,463;4,7;
PT-AU15;AU1-11190;ACTR-01900-003;1;Plana;PW Fabric;22,0;;P24;Alma;SI;4,463;4,64;
PT-AU15;AU1-11190;ACTR-01900-003;1;Plana;PW Fabric;22,0;;P25;Alma;SI;4,463;4,74;
PT-AU15;AU1-11190;ACTR-01900-003;1;Plana;PW Fabric;22,0;;P26;Alma;SI;4,463;4,71;
PT-AU15;AU1-11190;ACTR-01900-003;1;Plana;PW Fabric;22,0;;P27;Alma;SI;4,463;4,67;
PT-AU15;AU1-11190;ACTR-01900-003;1;Plana;PW Fabric;22,0;;P28;Alma;SI;4,463;4,63;
PT-AU15;AU1-11190;ACTR-01900-003;1;Plana;PW Fabric;22,0;;P29;Alma;SI;4,463;4,83;
PT-AU15;AU1-11190;ACTR-01900-003;1;Plana;PW Fabric;22,0;;P30;Alma;SI;4,463;4,84;
PT-AU15;AU1-11190;ACTR-01900-003;1;Plana;PW Fabric;22,0;;P31;Alma;SI;4,463;4,75;
PT-AU15;AU1-11190;ACTR-01900-003;1;Plana;PW Fabric;22,0;;P32;Alma;SI;4,463;4,74;
PT-AU15;AU1-11190;ACTR-01900-003;2;Plana;PW Fabric;4,0;;P1;Alma;NO;0,8;0,86;
PT-AU15;AU1-11190;ACTR-01900-003;2;Plana;PW Fabric;4,0;;P2;Alma;NO;0,8;0,91;
PT-AU15;AU1-11190;ACTR-01900-003;2;Plana;PW Fabric;4,0;;P3;Alma;NO;0,8;0,9;
PT-AU15;AU1-11190;ACTR-01900-003;2;Plana;PW Fabric;4,0;;P4;Alma;NO;0,8;0,92;
PT-AU15;AU1-11190;ACTR-01900-003;2;Plana;PW Fabric;4,0;;P5;Alma;NO;0,8;0,86;
PT-AU15;AU1-11190;ACTR-01900-003;2;Plana;PW Fabric;4,0;;P6;Alma;NO;0,8;0,82;
PT-AU15;AU1-11190;ACTR-01900-003;2;Plana;PW Fabric;4,0;;P7;Alma;NO;0,8;0,99;
PT-AU15;AU1-11190;ACTR-01900-003;2;Plana;PW Fabric;4,0;;P8;Alma;NO;0,8;1,0;
PT-AU15;AU1-11190;ACTR-01900-003;2;Plana;PW Fabric;4,0;;P9;Alma;NO;0,8;0,85;
PT-AU15;AU1-11190;ACTR-01900-003;2;Plana;PW Fabric;4,0;;P10;Alma;NO;0,8;0,89;
PT-AU15;AU1-11190;ACTR-01900-003;2;Plana;PW Fabric;4,0;;P11;Alma;NO;0,8;0,92;
PT-AU15;AU1-11190;ACTR-01900-003;2;Plana;PW Fabric;4,0;;P12;Alma;NO;0,8;0,84;
PT-AU15;AU1-11190;ACTR-01900-003;2;Plana;PW Fabric;4,0;;P13;Alma;NO;0,8;0,82;
PT-AU15;AU1-11190;ACTR-01900-003;2;Plana;PW Fabric;4,0;;P14;Alma;NO;0,8;0,78;
PT-AU15;AU1-11190;ACTR-01900-003;2;Plana;PW Fabric;4,0;;P15;Alma;NO;0,8;0,8;
PT-AU15;AU1-11190;ACTR-01900-003;2;Plana;PW Fabric;4,0;;P16;Alma;NO;0,8;0,79;
PT-AU15;AU1-11190;ACTR-01900-003;2;Plana;PW Fabric;4,0;;P17;Alma;SI;0,863;1,06;
PT-AU15;AU1-11190;ACTR-01900-003;2;Plana;PW Fabric;4,0;;P18;Alma;SI;0,863;1,05;
PT-AU15;AU1-11190;ACTR-01900-003;2;Plana;PW Fabric;4,0;;P19;Alma;SI;0,863;1,05;
PT-AU15;AU1-11190;ACTR-01900-003;2;Plana;PW Fabric;4,0;;P20;Alma;SI;0,863;1,07;
PT-AU15;AU1-11190;ACTR-01900-003;2;Plana;PW Fabric;4,0;;P21;Alma;SI;0,863;1,1;
PT-AU15;AU1-11190;ACTR-01900-003;2;Plana;PW Fabric;4,0;;P22;Alma;SI;0,863;1,09;
PT-AU15;AU1-11190;ACTR-01900-003;2;Plana;PW Fabric;4,0;;P23;Alma;SI;0,863;0,96;
PT-AU15;AU1-11190;ACTR-01900-003;2;Plana;PW Fabric;4,0;;P24;Alma;SI;0,863;0,92;
PT-AU15;AU1-11190;ACTR-01900-003;2;Plana;PW Fabric;4,0;;P25;Alma;SI;0,863;1,08;
PT-AU15;AU1-11190;ACTR-01900-003;2;Plana;PW Fabric;4,0;;P26;Alma;SI;0,863;1,0;
PT-AU15;AU1-11190;ACTR-01900-003;2;Plana;PW Fabric;4,0;;P27;Alma;SI;0,863;1,02;
PT-AU15;AU1-11190;ACTR-01900-003;2;Plana;PW Fabric;4,0;;P28;Alma;SI;0,863;0,98;
PT-AU15;AU1-11190;ACTR-01900-003;2;Plana;PW Fabric;4,0;;P29;Alma;SI;0,863;0,93;
PT-AU15;AU1-11190;ACTR-01900-003;2;Plana;PW Fabric;4,0;;P30;Alma;SI;0,863;0,89;
PT-AU15;AU1-11190;ACTR-01900-003;2;Plana;PW Fabric;4,0;;P31;Alma;SI;0,863;0,9;
PT-AU15;AU1-11190;ACTR-01900-003;2;Plana;PW Fabric;4,0;;P32;Alma;SI;0,863;0,9;
PT-AU15;AU1-11190;ACTR-01900-003;2;Plana;PW Fabric;14,0;;P1;Alma;NO;2,8;2,91;
PT-AU15;AU1-11190;ACTR-01900-003;2;Plana;PW Fabric;14,0;;P2;Alma;NO;2,8;2,95;
PT-AU15;AU1-11190;ACTR-01900-003;2;Plana;PW Fabric;14,0;;P3;Alma;NO;2,8;2,96;
PT-AU15;AU1-11190;ACTR-01900-003;2;Plana;PW Fabric;14,0;;P4;Alma;NO;2,8;2,99;
PT-AU15;AU1-11190;ACTR-01900-003;2;Plana;PW Fabric;14,0;;P5;Alma;NO;2,8;2,92;
PT-AU15;AU1-11190;ACTR-01900-003;2;Plana;PW Fabric;14,0;;P6;Alma;NO;2,8;3,01;
PT-AU15;AU1-11190;ACTR-01900-003;2;Plana;PW Fabric;14,0;;P7;Alma;NO;2,8;2,96;
PT-AU15;AU1-11190;ACTR-01900-003;2;Plana;PW Fabric;14,0;;P8;Alma;NO;2,8;3,03;
PT-AU15;AU1-11190;ACTR-01900-003;2;Plana;PW Fabric;14,0;;P9;Alma;NO;2,8;2,98;
PT-AU15;AU1-11190;ACTR-01900-003;2;Plana;PW Fabric;14,0;;P10;Alma;NO;2,8;3,05;
PT-AU15;AU1-11190;ACTR-01900-003;2;Plana;PW Fabric;14,0;;P11;Alma;NO;2,8;3,06;
PT-AU15;AU1-11190;ACTR-01900-003;2;Plana;PW Fabric;14,0;;P12;Alma;NO;2,8;3,06;
PT-AU15;AU1-11190;ACTR-01900-003;2;Plana;PW Fabric;14,0;;P13;Alma;NO;2,8;2,93;
PT-AU15;AU1-11190;ACTR-01900-003;2;Plana;PW Fabric;14,0;;P14;Alma;NO;2,8;3,0;
PT-AU15;AU1-11190;ACTR-01900-003;2;Plana;PW Fabric;14,0;;P15;Alma;NO;2,8;3,0;
PT-AU15;AU1-11190;ACTR-01900-003;2;Plana;PW Fabric;14,0;;P16;Alma;NO;2,8;3,02;
PT-AU15;AU1-11190;ACTR-01900-003;2;Plana;PW Fabric;14,0;;P17;Alma;SI;2,863;3,14;
PT-AU15;AU1-11190;ACTR-01900-003;2;Plana;PW Fabric;14,0;;P18;Alma;SI;2,863;3,07;
PT-AU15;AU1-11190;ACTR-01900-003;2;Plana;PW Fabric;14,0;;P19;Alma;SI;2,863;3,07;
PT-AU15;AU1-11190;ACTR-01900-003;2;Plana;PW Fabric;14,0;;P20;Alma;SI;2,863;3,07;
PT-AU15;AU1-11190;ACTR-01900-003;2;Plana;PW Fabric;14,0;;P21;Alma;SI;2,863;3,12;
PT-AU15;AU1-11190;ACTR-01900-003;2;Plana;PW Fabric;14,0;;P22;Alma;SI;2,863;3,14;
PT-AU15;AU1-11190;ACTR-01900-003;2;Plana;PW Fabric;14,0;;P23;Alma;SI;2,863;3,16;
PT-AU15;AU1-11190;ACTR-01900-003;2;Plana;PW Fabric;14,0;;P24;Alma;SI;2,863;3,08;
PT-AU15;AU1-11190;ACTR-01900-003;2;Plana;PW Fabric;14,0;;P25;Alma;SI;2,863;3,18;
PT-AU15;AU1-11190;ACTR-01900-003;2;Plana;PW Fabric;14,0;;P26;Alma;SI;2,863;3,13;
PT-AU15;AU1-11190;ACTR-01900-003;2;Plana;PW Fabric;14,0;;P27;Alma;SI;2,863;3,06;
PT-AU15;AU1-11190;ACTR-01900-003;2;Plana;PW Fabric;14,0;;P28;Alma;SI;2,863;2,96;
PT-AU15;AU1-11190;ACTR-01900-003;2;Plana;PW Fabric;14,0;;P29;Alma;SI;2,863;3,12;
PT-AU15;AU1-11190;ACTR-01900-003;2;Plana;PW Fabric;14,0;;P30;Alma;SI;2,863;3,14;
PT-AU15;AU1-11190;ACTR-01900-003;2;Plana;PW Fabric;14,0;;P31;Alma;SI;2,863;3,08;
PT-AU15;AU1-11190;ACTR-01900-003;2;Plana;PW Fabric;14,0;;P32;Alma;SI;2,863;3,04;
PT-AU15;AU1-11190;ACTR-01900-003;2;Plana;PW Fabric;22,0;;P1;Alma;NO;4,4;4,49;
PT-AU15;AU1-11190;ACTR-01900-003;2;Plana;PW Fabric;22,0;;P2;Alma;NO;4,4;4,6;
PT-AU15;AU1-11190;ACTR-01900-003;2;Plana;PW Fabric;22,0;;P3;Alma;NO;4,4;4,6;
PT-AU15;AU1-11190;ACTR-01900-003;2;Plana;PW Fabric;22,0;;P4;Alma;NO;4,4;4,6;
PT-AU15;AU1-11190;ACTR-01900-003;2;Plana;PW Fabric;22,0;;P5;Alma;NO;4,4;4,59;
PT-AU15;AU1-11190;ACTR-01900-003;2;Plana;PW Fabric;22,0;;P6;Alma;NO;4,4;4,64;
PT-AU15;AU1-11190;ACTR-01900-003;2;Plana;PW Fabric;22,0;;P7;Alma;NO;4,4;4,66;
PT-AU15;AU1-11190;ACTR-01900-003;2;Plana;PW Fabric;22,0;;P8;Alma;NO;4,4;4,68;
PT-AU15;AU1-11190;ACTR-01900-003;2;Plana;PW Fabric;22,0;;P9;Alma;NO;4,4;4,62;
PT-AU15;AU1-11190;ACTR-01900-003;2;Plana;PW Fabric;22,0;;P10;Alma;NO;4,4;4,64;
PT-AU15;AU1-11190;ACTR-01900-003;2;Plana;PW Fabric;22,0;;P11;Alma;NO;4,4;4,68;
PT-AU15;AU1-11190;ACTR-01900-003;2;Plana;PW Fabric;22,0;;P12;Alma;NO;4,4;4,67;
PT-AU15;AU1-11190;ACTR-01900-003;2;Plana;PW Fabric;22,0;;P13;Alma;NO;4,4;4,5;
PT-AU15;AU1-11190;ACTR-01900-003;2;Plana;PW Fabric;22,0;;P14;Alma;NO;4,4;4,59;
PT-AU15;AU1-11190;ACTR-01900-003;2;Plana;PW Fabric;22,0;;P15;Alma;NO;4,4;4,63;
PT-AU15;AU1-11190;ACTR-01900-003;2;Plana;PW Fabric;22,0;;P16;Alma;NO;4,4;4,62;
PT-AU15;AU1-11190;ACTR-01900-003;2;Plana;PW Fabric;22,0;;P17;Alma;SI;4,463;4,65;
PT-AU15;AU1-11190;ACTR-01900-003;2;Plana;PW Fabric;22,0;;P18;Alma;SI;4,463;4,6;
PT-AU15;AU1-11190;ACTR-01900-003;2;Plana;PW Fabric;22,0;;P19;Alma;SI;4,463;4,55;
PT-AU15;AU1-11190;ACTR-01900-003;2;Plana;PW Fabric;22,0;;P20;Alma;SI;4,463;4,6;
PT-AU15;AU1-11190;ACTR-01900-003;2;Plana;PW Fabric;22,0;;P21;Alma;SI;4,463;4,72;
PT-AU15;AU1-11190;ACTR-01900-003;2;Plana;PW Fabric;22,0;;P22;Alma;SI;4,463;4,72;
PT-AU15;AU1-11190;ACTR-01900-003;2;Plana;PW Fabric;22,0;;P23;Alma;SI;4,463;4,7;
PT-AU15;AU1-11190;ACTR-01900-003;2;Plana;PW Fabric;22,0;;P24;Alma;SI;4,463;4,7;
PT-AU15;AU1-11190;ACTR-01900-003;2;Plana;PW Fabric;22,0;;P25;Alma;SI;4,463;4,69;
PT-AU15;AU1-11190;ACTR-01900-003;2;Plana;PW Fabric;22,0;;P26;Alma;SI;4,463;4,74;
PT-AU15;AU1-11190;ACTR-01900-003;2;Plana;PW Fabric;22,0;;P27;Alma;SI;4,463;4,69;
PT-AU15;AU1-11190;ACTR-01900-003;2;Plana;PW Fabric;22,0;;P28;Alma;SI;4,463;4,58;
PT-AU15;AU1-11190;ACTR-01900-003;2;Plana;PW Fabric;22,0;;P29;Alma;SI;4,463;4,72;
PT-AU15;AU1-11190;ACTR-01900-003;2;Plana;PW Fabric;22,0;;P30;Alma;SI;4,463;4,76;
PT-AU15;AU1-11190;ACTR-01900-003;2;Plana;PW Fabric;22,0;;P31;Alma;SI;4,463;4,72;
PT-AU15;AU1-11190;ACTR-01900-003;2;Plana;PW Fabric;22,0;;P32;Alma;SI;4,463;4,7;
PT-AU15;AU1-11190;ACTR-01900-003;3;Plana;PW Fabric;4,0;;P1;Alma;NO;0,8;0,88;
PT-AU15;AU1-11190;ACTR-01900-003;3;Plana;PW Fabric;4,0;;P2;Alma;NO;0,8;1,02;
PT-AU15;AU1-11190;ACTR-01900-003;3;Plana;PW Fabric;4,0;;P3;Alma;NO;0,8;1,0;
PT-AU15;AU1-11190;ACTR-01900-003;3;Plana;PW Fabric;4,0;;P4;Alma;NO;0,8;1,0;
PT-AU15;AU1-11190;ACTR-01900-003;3;Plana;PW Fabric;4,0;;P5;Alma;NO;0,8;0,91;
PT-AU15;AU1-11190;ACTR-01900-003;3;Plana;PW Fabric;4,0;;P6;Alma;NO;0,8;0,88;
PT-AU15;AU1-11190;ACTR-01900-003;3;Plana;PW Fabric;4,0;;P7;Alma;NO;0,8;0,96;
PT-AU15;AU1-11190;ACTR-01900-003;3;Plana;PW Fabric;4,0;;P8;Alma;NO;0,8;0,95;
PT-AU15;AU1-11190;ACTR-01900-003;3;Plana;PW Fabric;4,0;;P9;Alma;NO;0,8;0,97;
PT-AU15;AU1-11190;ACTR-01900-003;3;Plana;PW Fabric;4,0;;P10;Alma;NO;0,8;0,99;
PT-AU15;AU1-11190;ACTR-01900-003;3;Plana;PW Fabric;4,0;;P11;Alma;NO;0,8;0,86;
PT-AU15;AU1-11190;ACTR-01900-003;3;Plana;PW Fabric;4,0;;P12;Alma;NO;0,8;0,91;
PT-AU15;AU1-11190;ACTR-01900-003;3;Plana;PW Fabric;4,0;;P13;Alma;NO;0,8;0,81;
PT-AU15;AU1-11190;ACTR-01900-003;3;Plana;PW Fabric;4,0;;P14;Alma;NO;0,8;0,85;
PT-AU15;AU1-11190;ACTR-01900-003;3;Plana;PW Fabric;4,0;;P15;Alma;NO;0,8;0,86;
PT-AU15;AU1-11190;ACTR-01900-003;3;Plana;PW Fabric;4,0;;P16;Alma;NO;0,8;0,87;
PT-AU15;AU1-11190;ACTR-01900-003;3;Plana;PW Fabric;4,0;;P17;Alma;SI;0,863;1,0;
PT-AU15;AU1-11190;ACTR-01900-003;3;Plana;PW Fabric;4,0;;P18;Alma;SI;0,863;1,04;
PT-AU15;AU1-11190;ACTR-01900-003;3;Plana;PW Fabric;4,0;;P19;Alma;SI;0,863;0,94;
PT-AU15;AU1-11190;ACTR-01900-003;3;Plana;PW Fabric;4,0;;P20;Alma;SI;0,863;0,98;
PT-AU15;AU1-11190;ACTR-01900-003;3;Plana;PW Fabric;4,0;;P21;Alma;SI;0,863;0,98;
PT-AU15;AU1-11190;ACTR-01900-003;3;Plana;PW Fabric;4,0;;P22;Alma;SI;0,863;0,98;
PT-AU15;AU1-11190;ACTR-01900-003;3;Plana;PW Fabric;4,0;;P23;Alma;SI;0,863;0,93;
PT-AU15;AU1-11190;ACTR-01900-003;3;Plana;PW Fabric;4,0;;P24;Alma;SI;0,863;0,9;
PT-AU15;AU1-11190;ACTR-01900-003;3;Plana;PW Fabric;4,0;;P25;Alma;SI;0,863;0,96;
PT-AU15;AU1-11190;ACTR-01900-003;3;Plana;PW Fabric;4,0;;P26;Alma;SI;0,863;0,93;
PT-AU15;AU1-11190;ACTR-01900-003;3;Plana;PW Fabric;4,0;;P27;Alma;SI;0,863;0,85;
PT-AU15;AU1-11190;ACTR-01900-003;3;Plana;PW Fabric;4,0;;P28;Alma;SI;0,863;0,94;
PT-AU15;AU1-11190;ACTR-01900-003;3;Plana;PW Fabric;4,0;;P29;Alma;SI;0,863;0,91;
PT-AU15;AU1-11190;ACTR-01900-003;3;Plana;PW Fabric;4,0;;P30;Alma;SI;0,863;0,93;
PT-AU15;AU1-11190;ACTR-01900-003;3;Plana;PW Fabric;4,0;;P31;Alma;SI;0,863;0,9;
PT-AU15;AU1-11190;ACTR-01900-003;3;Plana;PW Fabric;4,0;;P32;Alma;SI;0,863;0,93;
PT-AU15;AU1-11190;ACTR-01900-003;3;Plana;PW Fabric;14,0;;P1;Alma;NO;2,8;2,93;
PT-AU15;AU1-11190;ACTR-01900-003;3;Plana;PW Fabric;14,0;;P2;Alma;NO;2,8;2,98;
PT-AU15;AU1-11190;ACTR-01900-003;3;Plana;PW Fabric;14,0;;P3;Alma;NO;2,8;2,99;
PT-AU15;AU1-11190;ACTR-01900-003;3;Plana;PW Fabric;14,0;;P4;Alma;NO;2,8;3,02;
PT-AU15;AU1-11190;ACTR-01900-003;3;Plana;PW Fabric;14,0;;P5;Alma;NO;2,8;2,92;
PT-AU15;AU1-11190;ACTR-01900-003;3;Plana;PW Fabric;14,0;;P6;Alma;NO;2,8;2,99;
PT-AU15;AU1-11190;ACTR-01900-003;3;Plana;PW Fabric;14,0;;P7;Alma;NO;2,8;3,03;
PT-AU15;AU1-11190;ACTR-01900-003;3;Plana;PW Fabric;14,0;;P8;Alma;NO;2,8;3,04;
PT-AU15;AU1-11190;ACTR-01900-003;3;Plana;PW Fabric;14,0;;P9;Alma;NO;2,8;2,92;
PT-AU15;AU1-11190;ACTR-01900-003;3;Plana;PW Fabric;14,0;;P10;Alma;NO;2,8;2,93;
PT-AU15;AU1-11190;ACTR-01900-003;3;Plana;PW Fabric;14,0;;P11;Alma;NO;2,8;3,05;
PT-AU15;AU1-11190;ACTR-01900-003;3;Plana;PW Fabric;14,0;;P12;Alma;NO;2,8;3,07;
PT-AU15;AU1-11190;ACTR-01900-003;3;Plana;PW Fabric;14,0;;P13;Alma;NO;2,8;2,97;
PT-AU15;AU1-11190;ACTR-01900-003;3;Plana;PW Fabric;14,0;;P14;Alma;NO;2,8;2,99;
PT-AU15;AU1-11190;ACTR-01900-003;3;Plana;PW Fabric;14,0;;P15;Alma;NO;2,8;3,03;
PT-AU15;AU1-11190;ACTR-01900-003;3;Plana;PW Fabric;14,0;;P16;Alma;NO;2,8;3,03;
PT-AU15;AU1-11190;ACTR-01900-003;3;Plana;PW Fabric;14,0;;P17;Alma;SI;2,863;3,03;
PT-AU15;AU1-11190;ACTR-01900-003;3;Plana;PW Fabric;14,0;;P18;Alma;SI;2,863;3,04;
PT-AU15;AU1-11190;ACTR-01900-003;3;Plana;PW Fabric;14,0;;P19;Alma;SI;2,863;2,99;
PT-AU15;AU1-11190;ACTR-01900-003;3;Plana;PW Fabric;14,0;;P20;Alma;SI;2,863;2,94;
PT-AU15;AU1-11190;ACTR-01900-003;3;Plana;PW Fabric;14,0;;P21;Alma;SI;2,863;3,09;
PT-AU15;AU1-11190;ACTR-01900-003;3;Plana;PW Fabric;14,0;;P22;Alma;SI;2,863;3,09;
PT-AU15;AU1-11190;ACTR-01900-003;3;Plana;PW Fabric;14,0;;P23;Alma;SI;2,863;3,04;
PT-AU15;AU1-11190;ACTR-01900-003;3;Plana;PW Fabric;14,0;;P24;Alma;SI;2,863;2,95;
PT-AU15;AU1-11190;ACTR-01900-003;3;Plana;PW Fabric;14,0;;P25;Alma;SI;2,863;3,12;
PT-AU15;AU1-11190;ACTR-01900-003;3;Plana;PW Fabric;14,0;;P26;Alma;SI;2,863;3,12;
PT-AU15;AU1-11190;ACTR-01900-003;3;Plana;PW Fabric;14,0;;P27;Alma;SI;2,863;3,03;
PT-AU15;AU1-11190;ACTR-01900-003;3;Plana;PW Fabric;14,0;;P28;Alma;SI;2,863;3,02;
PT-AU15;AU1-11190;ACTR-01900-003;3;Plana;PW Fabric;14,0;;P29;Alma;SI;2,863;3,06;
PT-AU15;AU1-11190;ACTR-01900-003;3;Plana;PW Fabric;14,0;;P30;Alma;SI;2,863;3,04;
PT-AU15;AU1-11190;ACTR-01900-003;3;Plana;PW Fabric;14,0;;P31;Alma;SI;2,863;3,07;
PT-AU15;AU1-11190;ACTR-01900-003;3;Plana;PW Fabric;14,0;;P32;Alma;SI;2,863;2,98;
PT-AU15;AU1-11190;ACTR-01900-003;3;Plana;PW Fabric;22,0;;P1;Alma;NO;4,4;4,65;
PT-AU15;AU1-11190;ACTR-01900-003;3;Plana;PW Fabric;22,0;;P2;Alma;NO;4,4;4,67;
PT-AU15;AU1-11190;ACTR-01900-003;3;Plana;PW Fabric;22,0;;P3;Alma;NO;4,4;4,69;
PT-AU15;AU1-11190;ACTR-01900-003;3;Plana;PW Fabric;22,0;;P4;Alma;NO;4,4;4,67;
PT-AU15;AU1-11190;ACTR-01900-003;3;Plana;PW Fabric;22,0;;P5;Alma;NO;4,4;4,62;
PT-AU15;AU1-11190;ACTR-01900-003;3;Plana;PW Fabric;22,0;;P6;Alma;NO;4,4;4,69;
PT-AU15;AU1-11190;ACTR-01900-003;3;Plana;PW Fabric;22,0;;P7;Alma;NO;4,4;4,73;
PT-AU15;AU1-11190;ACTR-01900-003;3;Plana;PW Fabric;22,0;;P8;Alma;NO;4,4;4,67;
PT-AU15;AU1-11190;ACTR-01900-003;3;Plana;PW Fabric;22,0;;P9;Alma;NO;4,4;4,54;
PT-AU15;AU1-11190;ACTR-01900-003;3;Plana;PW Fabric;22,0;;P10;Alma;NO;4,4;4,58;
PT-AU15;AU1-11190;ACTR-01900-003;3;Plana;PW Fabric;22,0;;P11;Alma;NO;4,4;4,62;
PT-AU15;AU1-11190;ACTR-01900-003;3;Plana;PW Fabric;22,0;;P12;Alma;NO;4,4;4,62;
PT-AU15;AU1-11190;ACTR-01900-003;3;Plana;PW Fabric;22,0;;P13;Alma;NO;4,4;4,54;
PT-AU15;AU1-11190;ACTR-01900-003;3;Plana;PW Fabric;22,0;;P14;Alma;NO;4,4;4,58;
PT-AU15;AU1-11190;ACTR-01900-003;3;Plana;PW Fabric;22,0;;P15;Alma;NO;4,4;4,67;
PT-AU15;AU1-11190;ACTR-01900-003;3;Plana;PW Fabric;22,0;;P16;Alma;NO;4,4;4,66;
PT-AU15;AU1-11190;ACTR-01900-003;3;Plana;PW Fabric;22,0;;P17;Alma;SI;4,463;4,58;
PT-AU15;AU1-11190;ACTR-01900-003;3;Plana;PW Fabric;22,0;;P18;Alma;SI;4,463;4,58;
PT-AU15;AU1-11190;ACTR-01900-003;3;Plana;PW Fabric;22,0;;P19;Alma;SI;4,463;4,56;
PT-AU15;AU1-11190;ACTR-01900-003;3;Plana;PW Fabric;22,0;;P20;Alma;SI;4,463;4,48;
PT-AU15;AU1-11190;ACTR-01900-003;3;Plana;PW Fabric;22,0;;P21;Alma;SI;4,463;4,68;
PT-AU15;AU1-11190;ACTR-01900-003;3;Plana;PW Fabric;22,0;;P22;Alma;SI;4,463;4,67;
PT-AU15;AU1-11190;ACTR-01900-003;3;Plana;PW Fabric;22,0;;P23;Alma;SI;4,463;4,55;
PT-AU15;AU1-11190;ACTR-01900-003;3;Plana;PW Fabric;22,0;;P24;Alma;SI;4,463;4,56;
PT-AU15;AU1-11190;ACTR-01900-003;3;Plana;PW Fabric;22,0;;P25;Alma;SI;4,463;4,71;
PT-AU15;AU1-11190;ACTR-01900-003;3;Plana;PW Fabric;22,0;;P26;Alma;SI;4,463;4,71;
PT-AU15;AU1-11190;ACTR-01900-003;3;Plana;PW Fabric;22,0;;P27;Alma;SI;4,463;4,63;
PT-AU15;AU1-11190;ACTR-01900-003;3;Plana;PW Fabric;22,0;;P28;Alma;SI;4,463;4,53;
PT-AU15;AU1-11190;ACTR-01900-003;3;Plana;PW Fabric;22,0;;P29;Alma;SI;4,463;4,69;
PT-AU15;AU1-11190;ACTR-01900-003;3;Plana;PW Fabric;22,0;;P30;Alma;SI;4,463;4,67;
PT-AU15;AU1-11190;ACTR-01900-003;3;Plana;PW Fabric;22,0;;P31;Alma;SI;4,463;4,63;
PT-AU15;AU1-11190;ACTR-01900-003;3;Plana;PW Fabric;22,0;;P32;Alma;SI;4,463;4,56;
PT-AU15;AU1-11236;ACTR-01900-003;4;Plana;PW Fabric;4,0;;P1;Alma;NO;0,8;0,82;
PT-AU15;AU1-11236;ACTR-01900-003;4;Plana;PW Fabric;4,0;;P2;Alma;NO;0,8;0,78;
PT-AU15;AU1-11236;ACTR-01900-003;4;Plana;PW Fabric;4,0;;P3;Alma;NO;0,8;0,8;
PT-AU15;AU1-11236;ACTR-01900-003;4;Plana;PW Fabric;4,0;;P4;Alma;NO;0,8;0,8;
PT-AU15;AU1-11236;ACTR-01900-003;4;Plana;PW Fabric;4,0;;P5;Alma;NO;0,8;0,79;
PT-AU15;AU1-11236;ACTR-01900-003;4;Plana;PW Fabric;4,0;;P6;Alma;NO;0,8;0,74;
PT-AU15;AU1-11236;ACTR-01900-003;4;Plana;PW Fabric;4,0;;P7;Alma;NO;0,8;0,84;
PT-AU15;AU1-11236;ACTR-01900-003;4;Plana;PW Fabric;4,0;;P8;Alma;NO;0,8;0,77;
PT-AU15;AU1-11236;ACTR-01900-003;4;Plana;PW Fabric;4,0;;P9;Alma;NO;0,8;0,78;
PT-AU15;AU1-11236;ACTR-01900-003;4;Plana;PW Fabric;4,0;;P10;Alma;NO;0,8;0,83;
PT-AU15;AU1-11236;ACTR-01900-003;4;Plana;PW Fabric;4,0;;P11;Alma;NO;0,8;0,79;
PT-AU15;AU1-11236;ACTR-01900-003;4;Plana;PW Fabric;4,0;;P12;Alma;NO;0,8;0,86;
PT-AU15;AU1-11236;ACTR-01900-003;4;Plana;PW Fabric;4,0;;P13;Alma;NO;0,8;0,71;
PT-AU15;AU1-11236;ACTR-01900-003;4;Plana;PW Fabric;4,0;;P14;Alma;NO;0,8;0,77;
PT-AU15;AU1-11236;ACTR-01900-003;4;Plana;PW Fabric;4,0;;P15;Alma;NO;0,8;0,78;
PT-AU15;AU1-11236;ACTR-01900-003;4;Plana;PW Fabric;4,0;;P16;Alma;NO;0,8;0,83;
PT-AU15;AU1-11236;ACTR-01900-003;4;Plana;PW Fabric;4,0;;P17;Alma;SI;0,863;0,84;
PT-AU15;AU1-11236;ACTR-01900-003;4;Plana;PW Fabric;4,0;;P18;Alma;SI;0,863;0,8;
PT-AU15;AU1-11236;ACTR-01900-003;4;Plana;PW Fabric;4,0;;P19;Alma;SI;0,863;0,83;
PT-AU15;AU1-11236;ACTR-01900-003;4;Plana;PW Fabric;4,0;;P20;Alma;SI;0,863;0,82;
PT-AU15;AU1-11236;ACTR-01900-003;4;Plana;PW Fabric;4,0;;P21;Alma;SI;0,863;0,78;
PT-AU15;AU1-11236;ACTR-01900-003;4;Plana;PW Fabric;4,0;;P22;Alma;SI;0,863;0,83;
PT-AU15;AU1-11236;ACTR-01900-003;4;Plana;PW Fabric;4,0;;P23;Alma;SI;0,863;0,87;
PT-AU15;AU1-11236;ACTR-01900-003;4;Plana;PW Fabric;4,0;;P24;Alma;SI;0,863;0,86;
PT-AU15;AU1-11236;ACTR-01900-003;4;Plana;PW Fabric;4,0;;P25;Alma;SI;0,863;0,92;
PT-AU15;AU1-11236;ACTR-01900-003;4;Plana;PW Fabric;4,0;;P26;Alma;SI;0,863;0,98;
PT-AU15;AU1-11236;ACTR-01900-003;4;Plana;PW Fabric;4,0;;P27;Alma;SI;0,863;0,99;
PT-AU15;AU1-11236;ACTR-01900-003;4;Plana;PW Fabric;4,0;;P28;Alma;SI;0,863;0,96;
PT-AU15;AU1-11236;ACTR-01900-003;4;Plana;PW Fabric;4,0;;P29;Alma;SI;0,863;0,81;
PT-AU15;AU1-11236;ACTR-01900-003;4;Plana;PW Fabric;4,0;;P30;Alma;SI;0,863;0,87;
PT-AU15;AU1-11236;ACTR-01900-003;4;Plana;PW Fabric;4,0;;P31;Alma;SI;0,863;0,8;
PT-AU15;AU1-11236;ACTR-01900-003;4;Plana;PW Fabric;4,0;;P32;Alma;SI;0,863;0,73;
PT-AU15;AU1-11236;ACTR-01900-003;4;Plana;PW Fabric;14,0;;P1;Alma;NO;2,8;2,83;
PT-AU15;AU1-11236;ACTR-01900-003;4;Plana;PW Fabric;14,0;;P2;Alma;NO;2,8;2,91;
PT-AU15;AU1-11236;ACTR-01900-003;4;Plana;PW Fabric;14,0;;P3;Alma;NO;2,8;2,96;
PT-AU15;AU1-11236;ACTR-01900-003;4;Plana;PW Fabric;14,0;;P4;Alma;NO;2,8;2,99;
PT-AU15;AU1-11236;ACTR-01900-003;4;Plana;PW Fabric;14,0;;P5;Alma;NO;2,8;2,81;
PT-AU15;AU1-11236;ACTR-01900-003;4;Plana;PW Fabric;14,0;;P6;Alma;NO;2,8;2,83;
PT-AU15;AU1-11236;ACTR-01900-003;4;Plana;PW Fabric;14,0;;P7;Alma;NO;2,8;2,86;
PT-AU15;AU1-11236;ACTR-01900-003;4;Plana;PW Fabric;14,0;;P8;Alma;NO;2,8;2,91;
PT-AU15;AU1-11236;ACTR-01900-003;4;Plana;PW Fabric;14,0;;P9;Alma;NO;2,8;2,78;
PT-AU15;AU1-11236;ACTR-01900-003;4;Plana;PW Fabric;14,0;;P10;Alma;NO;2,8;2,85;
PT-AU15;AU1-11236;ACTR-01900-003;4;Plana;PW Fabric;14,0;;P11;Alma;NO;2,8;2,86;
PT-AU15;AU1-11236;ACTR-01900-003;4;Plana;PW Fabric;14,0;;P12;Alma;NO;2,8;2,91;
PT-AU15;AU1-11236;ACTR-01900-003;4;Plana;PW Fabric;14,0;;P13;Alma;NO;2,8;2,77;
PT-AU15;AU1-11236;ACTR-01900-003;4;Plana;PW Fabric;14,0;;P14;Alma;NO;2,8;2,85;
PT-AU15;AU1-11236;ACTR-01900-003;4;Plana;PW Fabric;14,0;;P15;Alma;NO;2,8;2,89;
PT-AU15;AU1-11236;ACTR-01900-003;4;Plana;PW Fabric;14,0;;P16;Alma;NO;2,8;2,85;
PT-AU15;AU1-11236;ACTR-01900-003;4;Plana;PW Fabric;14,0;;P17;Alma;SI;2,863;3,07;
PT-AU15;AU1-11236;ACTR-01900-003;4;Plana;PW Fabric;14,0;;P18;Alma;SI;2,863;2,94;
PT-AU15;AU1-11236;ACTR-01900-003;4;Plana;PW Fabric;14,0;;P19;Alma;SI;2,863;2,94;
PT-AU15;AU1-11236;ACTR-01900-003;4;Plana;PW Fabric;14,0;;P20;Alma;SI;2,863;2,86;
PT-AU15;AU1-11236;ACTR-01900-003;4;Plana;PW Fabric;14,0;;P21;Alma;SI;2,863;2,93;
PT-AU15;AU1-11236;ACTR-01900-003;4;Plana;PW Fabric;14,0;;P22;Alma;SI;2,863;2,94;
PT-AU15;AU1-11236;ACTR-01900-003;4;Plana;PW Fabric;14,0;;P23;Alma;SI;2,863;2,89;
PT-AU15;AU1-11236;ACTR-01900-003;4;Plana;PW Fabric;14,0;;P24;Alma;SI;2,863;2,9;
PT-AU15;AU1-11236;ACTR-01900-003;4;Plana;PW Fabric;14,0;;P25;Alma;SI;2,863;2,96;
PT-AU15;AU1-11236;ACTR-01900-003;4;Plana;PW Fabric;14,0;;P26;Alma;SI;2,863;3,01;
PT-AU15;AU1-11236;ACTR-01900-003;4;Plana;PW Fabric;14,0;;P27;Alma;SI;2,863;2,84;
PT-AU15;AU1-11236;ACTR-01900-003;4;Plana;PW Fabric;14,0;;P28;Alma;SI;2,863;2,92;
PT-AU15;AU1-11236;ACTR-01900-003;4;Plana;PW Fabric;14,0;;P29;Alma;SI;2,863;2,81;
PT-AU15;AU1-11236;ACTR-01900-003;4;Plana;PW Fabric;14,0;;P30;Alma;SI;2,863;2,89;
PT-AU15;AU1-11236;ACTR-01900-003;4;Plana;PW Fabric;14,0;;P31;Alma;SI;2,863;2,84;
PT-AU15;AU1-11236;ACTR-01900-003;4;Plana;PW Fabric;14,0;;P32;Alma;SI;2,863;2,81;
PT-AU15;AU1-11236;ACTR-01900-003;4;Plana;PW Fabric;22,0;;P1;Alma;NO;4,4;4,47;
PT-AU15;AU1-11236;ACTR-01900-003;4;Plana;PW Fabric;22,0;;P2;Alma;NO;4,4;4,42;
PT-AU15;AU1-11236;ACTR-01900-003;4;Plana;PW Fabric;22,0;;P3;Alma;NO;4,4;4,4;
PT-AU15;AU1-11236;ACTR-01900-003;4;Plana;PW Fabric;22,0;;P4;Alma;NO;4,4;4,4;
PT-AU15;AU1-11236;ACTR-01900-003;4;Plana;PW Fabric;22,0;;P5;Alma;NO;4,4;4,57;
PT-AU15;AU1-11236;ACTR-01900-003;4;Plana;PW Fabric;22,0;;P6;Alma;NO;4,4;4,55;
PT-AU15;AU1-11236;ACTR-01900-003;4;Plana;PW Fabric;22,0;;P7;Alma;NO;4,4;4,59;
PT-AU15;AU1-11236;ACTR-01900-003;4;Plana;PW Fabric;22,0;;P8;Alma;NO;4,4;4,58;
PT-AU15;AU1-11236;ACTR-01900-003;4;Plana;PW Fabric;22,0;;P9;Alma;NO;4,4;4,65;
PT-AU15;AU1-11236;ACTR-01900-003;4;Plana;PW Fabric;22,0;;P10;Alma;NO;4,4;4,6;
PT-AU15;AU1-11236;ACTR-01900-003;4;Plana;PW Fabric;22,0;;P11;Alma;NO;4,4;4,71;
PT-AU15;AU1-11236;ACTR-01900-003;4;Plana;PW Fabric;22,0;;P12;Alma;NO;4,4;4,63;
PT-AU15;AU1-11236;ACTR-01900-003;4;Plana;PW Fabric;22,0;;P13;Alma;NO;4,4;4,53;
PT-AU15;AU1-11236;ACTR-01900-003;4;Plana;PW Fabric;22,0;;P14;Alma;NO;4,4;4,58;
PT-AU15;AU1-11236;ACTR-01900-003;4;Plana;PW Fabric;22,0;;P15;Alma;NO;4,4;4,63;
PT-AU15;AU1-11236;ACTR-01900-003;4;Plana;PW Fabric;22,0;;P16;Alma;NO;4,4;4,58;
PT-AU15;AU1-11236;ACTR-01900-003;4;Plana;PW Fabric;22,0;;P17;Alma;SI;4,463;4,54;
PT-AU15;AU1-11236;ACTR-01900-003;4;Plana;PW Fabric;22,0;;P18;Alma;SI;4,463;4,52;
PT-AU15;AU1-11236;ACTR-01900-003;4;Plana;PW Fabric;22,0;;P19;Alma;SI;4,463;4,44;
PT-AU15;AU1-11236;ACTR-01900-003;4;Plana;PW Fabric;22,0;;P20;Alma;SI;4,463;4,47;
PT-AU15;AU1-11236;ACTR-01900-003;4;Plana;PW Fabric;22,0;;P21;Alma;SI;4,463;4,65;
PT-AU15;AU1-11236;ACTR-01900-003;4;Plana;PW Fabric;22,0;;P22;Alma;SI;4,463;4,6;
PT-AU15;AU1-11236;ACTR-01900-003;4;Plana;PW Fabric;22,0;;P23;Alma;SI;4,463;4,56;
PT-AU15;AU1-11236;ACTR-01900-003;4;Plana;PW Fabric;22,0;;P24;Alma;SI;4,463;4,45;
PT-AU15;AU1-11236;ACTR-01900-003;4;Plana;PW Fabric;22,0;;P25;Alma;SI;4,463;4,69;
PT-AU15;AU1-11236;ACTR-01900-003;4;Plana;PW Fabric;22,0;;P26;Alma;SI;4,463;4,67;
PT-AU15;AU1-11236;ACTR-01900-003;4;Plana;PW Fabric;22,0;;P27;Alma;SI;4,463;4,52;
PT-AU15;AU1-11236;ACTR-01900-003;4;Plana;PW Fabric;22,0;;P28;Alma;SI;4,463;4,61;
PT-AU15;AU1-11236;ACTR-01900-003;4;Plana;PW Fabric;22,0;;P29;Alma;SI;4,463;4,66;
PT-AU15;AU1-11236;ACTR-01900-003;4;Plana;PW Fabric;22,0;;P30;Alma;SI;4,463;4,62;
PT-AU15;AU1-11236;ACTR-01900-003;4;Plana;PW Fabric;22,0;;P31;Alma;SI;4,463;4,56;
PT-AU15;AU1-11236;ACTR-01900-003;4;Plana;PW Fabric;22,0;;P32;Alma;SI;4,463;4,52;
PT-AU15;AU1-11236;ACTR-01900-003;5;Plana;PW Fabric;4,0;;P1;Alma;NO;0,8;0,81;
PT-AU15;AU1-11236;ACTR-01900-003;5;Plana;PW Fabric;4,0;;P2;Alma;NO;0,8;0,83;
PT-AU15;AU1-11236;ACTR-01900-003;5;Plana;PW Fabric;4,0;;P3;Alma;NO;0,8;0,85;
PT-AU15;AU1-11236;ACTR-01900-003;5;Plana;PW Fabric;4,0;;P4;Alma;NO;0,8;0,78;
PT-AU15;AU1-11236;ACTR-01900-003;5;Plana;PW Fabric;4,0;;P5;Alma;NO;0,8;0,94;
PT-AU15;AU1-11236;ACTR-01900-003;5;Plana;PW Fabric;;;P6;Alma;NO;;0,9;
PT-AU15;AU1-11236;ACTR-01900-003;5;Plana;PW Fabric;4,0;;P7;Alma;NO;0,8;0,86;
PT-AU15;AU1-11236;ACTR-01900-003;5;Plana;PW Fabric;4,0;;P8;Alma;NO;0,8;0,78;
PT-AU15;AU1-11236;ACTR-01900-003;5;Plana;PW Fabric;4,0;;P9;Alma;NO;0,8;0,87;
PT-AU15;AU1-11236;ACTR-01900-003;5;Plana;PW Fabric;4,0;;P10;Alma;NO;0,8;0,9;
PT-AU15;AU1-11236;ACTR-01900-003;5;Plana;PW Fabric;4,0;;P11;Alma;NO;0,8;0,82;
PT-AU15;AU1-11236;ACTR-01900-003;5;Plana;PW Fabric;;;P12;Alma;NO;;0,84;
PT-AU15;AU1-11236;ACTR-01900-003;5;Plana;PW Fabric;4,0;;P13;Alma;NO;0,8;0,88;
PT-AU15;AU1-11236;ACTR-01900-003;5;Plana;PW Fabric;4,0;;P14;Alma;NO;0,8;0,9;
PT-AU15;AU1-11236;ACTR-01900-003;5;Plana;PW Fabric;4,0;;P15;Alma;NO;0,8;0,88;
PT-AU15;AU1-11236;ACTR-01900-003;5;Plana;PW Fabric;4,0;;P16;Alma;NO;0,8;0,87;
PT-AU15;AU1-11236;ACTR-01900-003;5;Plana;PW Fabric;4,0;;P17;Alma;SI;0,863;0,97;
PT-AU15;AU1-11236;ACTR-01900-003;5;Plana;PW Fabric;;;P18;Alma;SI;;0,94;
PT-AU15;AU1-11236;ACTR-01900-003;5;Plana;PW Fabric;4,0;;P19;Alma;SI;0,863;0,91;
PT-AU15;AU1-11236;ACTR-01900-003;5;Plana;PW Fabric;4,0;;P20;Alma;SI;0,863;0,95;
PT-AU15;AU1-11236;ACTR-01900-003;5;Plana;PW Fabric;4,0;;P21;Alma;SI;0,863;0,9;
PT-AU15;AU1-11236;ACTR-01900-003;5;Plana;PW Fabric;4,0;;P22;Alma;SI;0,863;0,96;
PT-AU15;AU1-11236;ACTR-01900-003;5;Plana;PW Fabric;4,0;;P23;Alma;SI;0,863;0,93;
PT-AU15;AU1-11236;ACTR-01900-003;5;Plana;PW Fabric;;;P24;Alma;SI;;0,94;
PT-AU15;AU1-11236;ACTR-01900-003;5;Plana;PW Fabric;4,0;;P25;Alma;SI;0,863;0,98;
PT-AU15;AU1-11236;ACTR-01900-003;5;Plana;PW Fabric;4,0;;P26;Alma;SI;0,863;0,99;
PT-AU15;AU1-11236;ACTR-01900-003;5;Plana;PW Fabric;4,0;;P27;Alma;SI;0,863;0,94;
PT-AU15;AU1-11236;ACTR-01900-003;5;Plana;PW Fabric;4,0;;P28;Alma;SI;0,863;0,88;
PT-AU15;AU1-11236;ACTR-01900-003;5;Plana;PW Fabric;4,0;;P29;Alma;SI;0,863;0,94;
PT-AU15;AU1-11236;ACTR-01900-003;5;Plana;PW Fabric;;;P30;Alma;SI;;0,94;
PT-AU15;AU1-11236;ACTR-01900-003;5;Plana;PW Fabric;4,0;;P31;Alma;SI;0,863;0,88;
PT-AU15;AU1-11236;ACTR-01900-003;5;Plana;PW Fabric;4,0;;P32;Alma;SI;0,863;0,89;
PT-AU15;AU1-11236;ACTR-01900-003;5;Plana;PW Fabric;14,0;;P1;Alma;NO;2,8;2,79;
PT-AU15;AU1-11236;ACTR-01900-003;5;Plana;PW Fabric;14,0;;P2;Alma;NO;2,8;2,88;
PT-AU15;AU1-11236;ACTR-01900-003;5;Plana;PW Fabric;14,0;;P3;Alma;NO;2,8;2,87;
PT-AU15;AU1-11236;ACTR-01900-003;5;Plana;PW Fabric;14,0;;P4;Alma;NO;2,8;2,9;
PT-AU15;AU1-11236;ACTR-01900-003;5;Plana;PW Fabric;14,0;;P5;Alma;NO;2,8;2,9;
PT-AU15;AU1-11236;ACTR-01900-003;5;Plana;PW Fabric;14,0;;P6;Alma;NO;2,8;2,95;
PT-AU15;AU1-11236;ACTR-01900-003;5;Plana;PW Fabric;14,0;;P7;Alma;NO;2,8;2,93;
PT-AU15;AU1-11236;ACTR-01900-003;5;Plana;PW Fabric;14,0;;P8;Alma;NO;2,8;2,96;
PT-AU15;AU1-11236;ACTR-01900-003;5;Plana;PW Fabric;14,0;;P9;Alma;NO;2,8;2,86;
PT-AU15;AU1-11236;ACTR-01900-003;5;Plana;PW Fabric;14,0;;P10;Alma;NO;2,8;2,82;
PT-AU15;AU1-11236;ACTR-01900-003;5;Plana;PW Fabric;14,0;;P11;Alma;NO;2,8;2,87;
PT-AU15;AU1-11236;ACTR-01900-003;5;Plana;PW Fabric;14,0;;P12;Alma;NO;2,8;2,93;
PT-AU15;AU1-11236;ACTR-01900-003;5;Plana;PW Fabric;14,0;;P13;Alma;NO;2,8;2,82;
PT-AU15;AU1-11236;ACTR-01900-003;5;Plana;PW Fabric;14,0;;P14;Alma;NO;2,8;2,92;
PT-AU15;AU1-11236;ACTR-01900-003;5;Plana;PW Fabric;14,0;;P15;Alma;NO;2,8;2,87;
PT-AU15;AU1-11236;ACTR-01900-003;5;Plana;PW Fabric;14,0;;P16;Alma;NO;2,8;2,84;
PT-AU15;AU1-11236;ACTR-01900-003;5;Plana;PW Fabric;14,0;;P17;Alma;SI;2,863;3,09;
PT-AU15;AU1-11236;ACTR-01900-003;5;Plana;PW Fabric;14,0;;P18;Alma;SI;2,863;3,03;
PT-AU15;AU1-11236;ACTR-01900-003;5;Plana;PW Fabric;14,0;;P19;Alma;SI;2,863;3,1;
PT-AU15;AU1-11236;ACTR-01900-003;5;Plana;PW Fabric;14,0;;P20;Alma;SI;2,863;3,03;
PT-AU15;AU1-11236;ACTR-01900-003;5;Plana;PW Fabric;14,0;;P21;Alma;SI;2,863;3,04;
PT-AU15;AU1-11236;ACTR-01900-003;5;Plana;PW Fabric;14,0;;P22;Alma;SI;2,863;3,05;
PT-AU15;AU1-11236;ACTR-01900-003;5;Plana;PW Fabric;14,0;;P23;Alma;SI;2,863;2,93;
PT-AU15;AU1-11236;ACTR-01900-003;5;Plana;PW Fabric;14,0;;P24;Alma;SI;2,863;2,94;
PT-AU15;AU1-11236;ACTR-01900-003;5;Plana;PW Fabric;14,0;;P25;Alma;SI;2,863;3,01;
PT-AU15;AU1-11236;ACTR-01900-003;5;Plana;PW Fabric;14,0;;P26;Alma;SI;2,863;3,03;
PT-AU15;AU1-11236;ACTR-01900-003;5;Plana;PW Fabric;14,0;;P27;Alma;SI;2,863;2,93;
PT-AU15;AU1-11236;ACTR-01900-003;5;Plana;PW Fabric;14,0;;P28;Alma;SI;2,863;2,94;
PT-AU15;AU1-11236;ACTR-01900-003;5;Plana;PW Fabric;14,0;;P29;Alma;SI;2,863;3,0;
PT-AU15;AU1-11236;ACTR-01900-003;5;Plana;PW Fabric;14,0;;P30;Alma;SI;2,863;2,98;
PT-AU15;AU1-11236;ACTR-01900-003;5;Plana;PW Fabric;14,0;;P31;Alma;SI;2,863;2,93;
PT-AU15;AU1-11236;ACTR-01900-003;5;Plana;PW Fabric;14,0;;P32;Alma;SI;2,863;2,89;
PT-AU15;AU1-11236;ACTR-01900-003;5;Plana;PW Fabric;22,0;;P1;Alma;NO;4,4;4,47;
PT-AU15;AU1-11236;ACTR-01900-003;5;Plana;PW Fabric;22,0;;P2;Alma;NO;4,4;4,58;
PT-AU15;AU1-11236;ACTR-01900-003;5;Plana;PW Fabric;22,0;;P3;Alma;NO;4,4;4,53;
PT-AU15;AU1-11236;ACTR-01900-003;5;Plana;PW Fabric;22,0;;P4;Alma;NO;4,4;4,51;
PT-AU15;AU1-11236;ACTR-01900-003;5;Plana;PW Fabric;22,0;;P5;Alma;NO;4,4;4,5;
PT-AU15;AU1-11236;ACTR-01900-003;5;Plana;PW Fabric;22,0;;P6;Alma;NO;4,4;4,59;
PT-AU15;AU1-11236;ACTR-01900-003;5;Plana;PW Fabric;22,0;;P7;Alma;NO;4,4;4,58;
PT-AU15;AU1-11236;ACTR-01900-003;5;Plana;PW Fabric;22,0;;P8;Alma;NO;4,4;4,58;
PT-AU15;AU1-11236;ACTR-01900-003;5;Plana;PW Fabric;22,0;;P9;Alma;NO;4,4;4,56;
PT-AU15;AU1-11236;ACTR-01900-003;5;Plana;PW Fabric;22,0;;P10;Alma;NO;4,4;4,57;
PT-AU15;AU1-11236;ACTR-01900-003;5;Plana;PW Fabric;22,0;;P11;Alma;NO;4,4;4,62;
PT-AU15;AU1-11236;ACTR-01900-003;5;Plana;PW Fabric;22,0;;P12;Alma;NO;4,4;4,65;
PT-AU15;AU1-11236;ACTR-01900-003;5;Plana;PW Fabric;22,0;;P13;Alma;NO;4,4;4,51;
PT-AU15;AU1-11236;ACTR-01900-003;5;Plana;PW Fabric;22,0;;P14;Alma;NO;4,4;4,55;
PT-AU15;AU1-11236;ACTR-01900-003;5;Plana;PW Fabric;22,0;;P15;Alma;NO;4,4;4,57;
PT-AU15;AU1-11236;ACTR-01900-003;5;Plana;PW Fabric;22,0;;P16;Alma;NO;4,4;4,56;
PT-AU15;AU1-11236;ACTR-01900-003;5;Plana;PW Fabric;22,0;;P17;Alma;SI;4,463;4,55;
PT-AU15;AU1-11236;ACTR-01900-003;5;Plana;PW Fabric;22,0;;P18;Alma;SI;4,463;4,58;
PT-AU15;AU1-11236;ACTR-01900-003;5;Plana;PW Fabric;22,0;;P19;Alma;SI;4,463;4,62;
PT-AU15;AU1-11236;ACTR-01900-003;5;Plana;PW Fabric;22,0;;P20;Alma;SI;4,463;4,53;
PT-AU15;AU1-11236;ACTR-01900-003;5;Plana;PW Fabric;22,0;;P21;Alma;SI;4,463;4,71;
PT-AU15;AU1-11236;ACTR-01900-003;5;Plana;PW Fabric;22,0;;P22;Alma;SI;4,463;4,72;
PT-AU15;AU1-11236;ACTR-01900-003;5;Plana;PW Fabric;22,0;;P23;Alma;SI;4,463;4,76;
PT-AU15;AU1-11236;ACTR-01900-003;5;Plana;PW Fabric;22,0;;P24;Alma;SI;4,463;4,66;
PT-AU15;AU1-11236;ACTR-01900-003;5;Plana;PW Fabric;22,0;;P25;Alma;SI;4,463;4,71;
PT-AU15;AU1-11236;ACTR-01900-003;5;Plana;PW Fabric;22,0;;P26;Alma;SI;4,463;4,77;
PT-AU15;AU1-11236;ACTR-01900-003;5;Plana;PW Fabric;22,0;;P27;Alma;SI;4,463;4,75;
PT-AU15;AU1-11236;ACTR-01900-003;5;Plana;PW Fabric;22,0;;P28;Alma;SI;4,463;4,7;
PT-AU15;AU1-11236;ACTR-01900-003;5;Plana;PW Fabric;22,0;;P29;Alma;SI;4,463;4,72;
PT-AU15;AU1-11236;ACTR-01900-003;5;Plana;PW Fabric;22,0;;P30;Alma;SI;4,463;4,7;
PT-AU15;AU1-11236;ACTR-01900-003;5;Plana;PW Fabric;22,0;;P31;Alma;SI;4,463;4,63;
PT-AU15;AU1-11236;ACTR-01900-003;5;Plana;PW Fabric;22,0;;P32;Alma;SI;4,463;4,6;
PT-AU88;11203;ACTR-01900-102;3;R2 macho;UD Tape;16,0;S1;P01;Faldilla;NO;2,304;2,41;
PT-AU88;11203;ACTR-01900-102;3;R2 macho;UD Tape;16,0;S1;P02;Faldilla;NO;2,304;2,37;
PT-AU88;11203;ACTR-01900-102;3;R2 macho;UD Tape;16,0;S1;P03;Faldilla;NO;2,304;2,38;
PT-AU88;11203;ACTR-01900-102;3;R2 macho;UD Tape;16,0;S1;P04;Radio;NO;2,304;2,3;
PT-AU88;11203;ACTR-01900-102;3;R2 macho;UD Tape;16,0;S1;P05;Alma;NO;2,304;2,41;
PT-AU88;11203;ACTR-01900-102;3;R2 macho;UD Tape;16,0;S1;P06;Alma;NO;2,304;2,43;
PT-AU88;11203;ACTR-01900-102;3;R2 macho;UD Tape;16,0;S1;P07;Alma;NO;2,304;2,43;
PT-AU88;11203;ACTR-01900-102;3;R2 macho;UD Tape;16,0;S1;P08;Radio;NO;2,304;2,38;
PT-AU88;11203;ACTR-01900-102;3;R2 macho;UD Tape;16,0;S1;P09;Faldilla;NO;2,304;2,41;
PT-AU88;11203;ACTR-01900-102;3;R2 macho;UD Tape;16,0;S1;P10;Faldilla;NO;2,304;2,34;
PT-AU88;11203;ACTR-01900-102;3;R2 macho;UD Tape;16,0;S1;P11;Faldilla;NO;2,304;2,42;
PT-AU88;11203;ACTR-01900-102;3;R2 macho;UD Tape;16,0;S2;P01;Faldilla;NO;2,304;2,45;
PT-AU88;11203;ACTR-01900-102;3;R2 macho;UD Tape;16,0;S2;P02;Faldilla;NO;2,304;2,36;
PT-AU88;11203;ACTR-01900-102;3;R2 macho;UD Tape;16,0;S2;P03;Faldilla;NO;2,304;2,43;
PT-AU88;11203;ACTR-01900-102;3;R2 macho;UD Tape;16,0;S2;P04;Radio;NO;2,304;2,32;
PT-AU88;11203;ACTR-01900-102;3;R2 macho;UD Tape;16,0;S2;P05;Alma;NO;2,304;2,42;
PT-AU88;11203;ACTR-01900-102;3;R2 macho;UD Tape;16,0;S2;P06;Alma;NO;2,304;2,35;
PT-AU88;11203;ACTR-01900-102;3;R2 macho;UD Tape;16,0;S2;P07;Alma;NO;2,304;2,39;
PT-AU88;11203;ACTR-01900-102;3;R2 macho;UD Tape;16,0;S2;P08;Radio;NO;2,304;2,45;
PT-AU88;11203;ACTR-01900-102;3;R2 macho;UD Tape;16,0;S2;P09;Faldilla;NO;2,304;2,4;
PT-AU88;11203;ACTR-01900-102;3;R2 macho;UD Tape;16,0;S2;P10;Faldilla;NO;2,304;2,37;
PT-AU88;11203;ACTR-01900-102;3;R2 macho;UD Tape;16,0;S2;P11;Faldilla;NO;2,304;2,45;
PT-AU88;11203;ACTR-01900-102;3;R2 macho;UD Tape;16,0;S3;P01;Faldilla;NO;2,304;2,41;
PT-AU88;11203;ACTR-01900-102;3;R2 macho;UD Tape;16,0;S3;P02;Faldilla;NO;2,304;2,38;
PT-AU88;11203;ACTR-01900-102;3;R2 macho;UD Tape;16,0;S3;P03;Faldilla;NO;2,304;2,38;
PT-AU88;11203;ACTR-01900-102;3;R2 macho;UD Tape;16,0;S3;P04;Radio;NO;2,304;2,36;
PT-AU88;11203;ACTR-01900-102;3;R2 macho;UD Tape;16,0;S3;P05;Alma;NO;2,304;2,44;
PT-AU88;11203;ACTR-01900-102;3;R2 macho;UD Tape;16,0;S3;P06;Alma;NO;2,304;2,42;
PT-AU88;11203;ACTR-01900-102;3;R2 macho;UD Tape;16,0;S3;P07;Alma;NO;2,304;2,38;
PT-AU88;11203;ACTR-01900-102;3;R2 macho;UD Tape;16,0;S3;P08;Radio;NO;2,304;2,44;
PT-AU88;11203;ACTR-01900-102;3;R2 macho;UD Tape;16,0;S3;P09;Faldilla;NO;2,304;2,4;
PT-AU88;11203;ACTR-01900-102;3;R2 macho;UD Tape;16,0;S3;P10;Faldilla;NO;2,304;2,37;
PT-AU88;11203;ACTR-01900-102;3;R2 macho;UD Tape;16,0;S3;P11;Faldilla;NO;2,304;2,42;
PT-AU88;11203;ACTR-01900-102;3;R2 macho;UD Tape;16,0;S4;P01;Faldilla;NO;2,304;2,4;
PT-AU88;11203;ACTR-01900-102;3;R2 macho;UD Tape;16,0;S4;P02;Faldilla;NO;2,304;2,37;
PT-AU88;11203;ACTR-01900-102;3;R2 macho;UD Tape;16,0;S4;P03;Faldilla;NO;2,304;2,39;
PT-AU88;11203;ACTR-01900-102;3;R2 macho;UD Tape;16,0;S4;P04;Radio;NO;2,304;2,38;
PT-AU88;11203;ACTR-01900-102;3;R2 macho;UD Tape;16,0;S4;P05;Alma;NO;2,304;2,48;
PT-AU88;11203;ACTR-01900-102;3;R2 macho;UD Tape;16,0;S4;P06;Alma;NO;2,304;2,44;
PT-AU88;11203;ACTR-01900-102;3;R2 macho;UD Tape;16,0;S4;P07;Alma;NO;2,304;2,42;
PT-AU88;11203;ACTR-01900-102;3;R2 macho;UD Tape;16,0;S4;P08;Radio;NO;2,304;2,4;
PT-AU88;11203;ACTR-01900-102;3;R2 macho;UD Tape;16,0;S4;P09;Faldilla;NO;2,304;2,41;
PT-AU88;11203;ACTR-01900-102;3;R2 macho;UD Tape;16,0;S4;P10;Faldilla;NO;2,304;2,33;
PT-AU88;11203;ACTR-01900-102;3;R2 macho;UD Tape;16,0;S4;P11;Faldilla;NO;2,304;2,42;
PT-AU88;11203;ACTR-01900-102;3;R2 macho;UD Tape;16,0;S5;P01;Faldilla;NO;2,304;2,45;
PT-AU88;11203;ACTR-01900-102;3;R2 macho;UD Tape;16,0;S5;P02;Faldilla;NO;2,304;2,4;
PT-AU88;11203;ACTR-01900-102;3;R2 macho;UD Tape;16,0;S5;P03;Faldilla;NO;2,304;2,41;
PT-AU88;11203;ACTR-01900-102;3;R2 macho;UD Tape;16,0;S5;P04;Radio;NO;2,304;2,42;
PT-AU88;11203;ACTR-01900-102;3;R2 macho;UD Tape;16,0;S5;P05;Alma;NO;2,304;2,5;
PT-AU88;11203;ACTR-01900-102;3;R2 macho;UD Tape;16,0;S5;P06;Alma;NO;2,304;2,42;
PT-AU88;11203;ACTR-01900-102;3;R2 macho;UD Tape;16,0;S5;P07;Alma;NO;2,304;2,38;
PT-AU88;11203;ACTR-01900-102;3;R2 macho;UD Tape;16,0;S5;P08;Radio;NO;2,304;2,44;
PT-AU88;11203;ACTR-01900-102;3;R2 macho;UD Tape;16,0;S5;P09;Faldilla;NO;2,304;2,41;
PT-AU88;11203;ACTR-01900-102;3;R2 macho;UD Tape;16,0;S5;P10;Faldilla;NO;2,304;2,38;
PT-AU88;11203;ACTR-01900-102;3;R2 macho;UD Tape;16,0;S5;P11;Faldilla;NO;2,304;2,42;
PT-AU88;11203;ACTR-01900-102;3;R2 macho;UD Tape;16,0;S6;P01;Faldilla;NO;2,304;2,46;
PT-AU88;11203;ACTR-01900-102;3;R2 macho;UD Tape;16,0;S6;P02;Faldilla;NO;2,304;2,35;
PT-AU88;11203;ACTR-01900-102;3;R2 macho;UD Tape;16,0;S6;P03;Faldilla;NO;2,304;2,4;
PT-AU88;11203;ACTR-01900-102;3;R2 macho;UD Tape;16,0;S6;P04;Radio;NO;2,304;2,38;
PT-AU88;11203;ACTR-01900-102;3;R2 macho;UD Tape;16,0;S6;P05;Alma;NO;2,304;2,43;
PT-AU88;11203;ACTR-01900-102;3;R2 macho;UD Tape;16,0;S6;P06;Alma;NO;2,304;2,37;
PT-AU88;11203;ACTR-01900-102;3;R2 macho;UD Tape;16,0;S6;P07;Alma;NO;2,304;2,4;
PT-AU88;11203;ACTR-01900-102;3;R2 macho;UD Tape;16,0;S6;P08;Radio;NO;2,304;2,42;
PT-AU88;11203;ACTR-01900-102;3;R2 macho;UD Tape;16,0;S6;P09;Faldilla;NO;2,304;2,4;
PT-AU88;11203;ACTR-01900-102;3;R2 macho;UD Tape;16,0;S6;P10;Faldilla;NO;2,304;2,39;
PT-AU88;11203;ACTR-01900-102;3;R2 macho;UD Tape;16,0;S6;P11;Faldilla;NO;2,304;2,4;
PT-AU88;11203;ACTR-01900-102;3;R2 macho;UD Tape;16,0;S7;P01;Faldilla;NO;2,304;2,4;
PT-AU88;11203;ACTR-01900-102;3;R2 macho;UD Tape;16,0;S7;P02;Faldilla;NO;2,304;2,35;
PT-AU88;11203;ACTR-01900-102;3;R2 macho;UD Tape;16,0;S7;P03;Faldilla;NO;2,304;2,32;
PT-AU88;11203;ACTR-01900-102;3;R2 macho;UD Tape;16,0;S7;P04;Radio;NO;2,304;2,28;
PT-AU88;11203;ACTR-01900-102;3;R2 macho;UD Tape;16,0;S7;P05;Alma;NO;2,304;2,44;
PT-AU88;11203;ACTR-01900-102;3;R2 macho;UD Tape;16,0;S7;P06;Alma;NO;2,304;2,43;
PT-AU88;11203;ACTR-01900-102;3;R2 macho;UD Tape;16,0;S7;P07;Alma;NO;2,304;2,41;
PT-AU88;11203;ACTR-01900-102;3;R2 macho;UD Tape;16,0;S7;P08;Radio;NO;2,304;2,35;
PT-AU88;11203;ACTR-01900-102;3;R2 macho;UD Tape;16,0;S7;P09;Faldilla;NO;2,304;2,38;
PT-AU88;11203;ACTR-01900-102;3;R2 macho;UD Tape;16,0;S7;P10;Faldilla;NO;2,304;2,33;
PT-AU88;11203;ACTR-01900-102;3;R2 macho;UD Tape;16,0;S7;P11;Faldilla;NO;2,304;2,33;
PT-AU57;3421;ACTR-01900-108;2;R2 macho;PW Fabric;4,0;S1;P01;Faldilla;NO;0,8;0,77;
PT-AU57;3421;ACTR-01900-108;2;R2 macho;PW Fabric;4,0;S1;P02;Faldilla;NO;0,8;0,77;
PT-AU57;3421;ACTR-01900-108;2;R2 macho;PW Fabric;4,0;S1;P03;Faldilla;NO;0,8;0,78;
PT-AU57;3421;ACTR-01900-108;2;R2 macho;PW Fabric;4,0;S1;P04;Radio;NO;0,8;0,82;
PT-AU57;3421;ACTR-01900-108;2;R2 macho;PW Fabric;4,0;S1;P05;Alma;NO;0,8;0,77;
PT-AU57;3421;ACTR-01900-108;2;R2 macho;PW Fabric;4,0;S1;P06;Alma;NO;0,8;0,79;
PT-AU57;3421;ACTR-01900-108;2;R2 macho;PW Fabric;4,0;S1;P07;Alma;NO;0,8;0,77;
PT-AU57;3421;ACTR-01900-108;2;R2 macho;PW Fabric;4,0;S1;P08;Radio;NO;0,8;0,8;
PT-AU57;3421;ACTR-01900-108;2;R2 macho;PW Fabric;4,0;S1;P09;Faldilla;NO;0,8;0,8;
PT-AU57;3421;ACTR-01900-108;2;R2 macho;PW Fabric;4,0;S1;P10;Faldilla;NO;0,8;0,76;
PT-AU57;3421;ACTR-01900-108;2;R2 macho;PW Fabric;4,0;S1;P11;Faldilla;NO;0,8;0,78;
PT-AU57;3421;ACTR-01900-108;2;R2 macho;PW Fabric;4,0;S2;P01;Faldilla;NO;0,8;0,82;
PT-AU57;3421;ACTR-01900-108;2;R2 macho;PW Fabric;4,0;S2;P02;Faldilla;NO;0,8;0,79;
PT-AU57;3421;ACTR-01900-108;2;R2 macho;PW Fabric;4,0;S2;P03;Faldilla;NO;0,8;0,82;
PT-AU57;3421;ACTR-01900-108;2;R2 macho;PW Fabric;4,0;S2;P04;Radio;NO;0,8;0,79;
PT-AU57;3421;ACTR-01900-108;2;R2 macho;PW Fabric;4,0;S2;P05;Alma;NO;0,8;0,78;
PT-AU57;3421;ACTR-01900-108;2;R2 macho;PW Fabric;4,0;S2;P06;Alma;NO;0,8;0,8;
PT-AU57;3421;ACTR-01900-108;2;R2 macho;PW Fabric;4,0;S2;P07;Alma;NO;0,8;0,83;
PT-AU57;3421;ACTR-01900-108;2;R2 macho;PW Fabric;4,0;S2;P08;Radio;NO;0,8;0,79;
PT-AU57;3421;ACTR-01900-108;2;R2 macho;PW Fabric;4,0;S2;P09;Faldilla;NO;0,8;0,81;
PT-AU57;3421;ACTR-01900-108;2;R2 macho;PW Fabric;4,0;S2;P10;Faldilla;NO;0,8;0,79;
PT-AU57;3421;ACTR-01900-108;2;R2 macho;PW Fabric;4,0;S2;P11;Faldilla;NO;0,8;0,82;
PT-AU57;3421;ACTR-01900-108;2;R2 macho;PW Fabric;4,0;S3;P01;Faldilla;NO;0,8;0,77;
PT-AU57;3421;ACTR-01900-108;2;R2 macho;PW Fabric;4,0;S3;P02;Faldilla;NO;0,8;0,81;
PT-AU57;3421;ACTR-01900-108;2;R2 macho;PW Fabric;4,0;S3;P03;Faldilla;NO;0,8;0,78;
PT-AU57;3421;ACTR-01900-108;2;R2 macho;PW Fabric;4,0;S3;P04;Radio;NO;0,8;0,86;
PT-AU57;3421;ACTR-01900-108;2;R2 macho;PW Fabric;4,0;S3;P05;Alma;NO;0,8;0,8;
PT-AU57;3421;ACTR-01900-108;2;R2 macho;PW Fabric;4,0;S3;P06;Alma;NO;0,8;0,86;
PT-AU57;3421;ACTR-01900-108;2;R2 macho;PW Fabric;4,0;S3;P07;Alma;NO;0,8;0,82;
PT-AU57;3421;ACTR-01900-108;2;R2 macho;PW Fabric;4,0;S3;P08;Radio;NO;0,8;0,82;
PT-AU57;3421;ACTR-01900-108;2;R2 macho;PW Fabric;4,0;S3;P09;Faldilla;NO;0,8;0,78;
PT-AU57;3421;ACTR-01900-108;2;R2 macho;PW Fabric;4,0;S3;P10;Faldilla;NO;0,8;0,83;
PT-AU57;3421;ACTR-01900-108;2;R2 macho;PW Fabric;4,0;S3;P11;Faldilla;NO;0,8;0,83;
PT-AU57;3421;ACTR-01900-108;2;R2 macho;PW Fabric;4,0;S4;P01;Faldilla;NO;0,8;0,76;
PT-AU57;3421;ACTR-01900-108;2;R2 macho;PW Fabric;4,0;S4;P02;Faldilla;NO;0,8;0,74;
PT-AU57;3421;ACTR-01900-108;2;R2 macho;PW Fabric;4,0;S4;P03;Faldilla;NO;0,8;0,8;
PT-AU57;3421;ACTR-01900-108;2;R2 macho;PW Fabric;4,0;S4;P04;Radio;NO;0,8;0,78;
PT-AU57;3421;ACTR-01900-108;2;R2 macho;PW Fabric;4,0;S4;P05;Alma;NO;0,8;0,8;
PT-AU57;3421;ACTR-01900-108;2;R2 macho;PW Fabric;4,0;S4;P06;Alma;NO;0,8;0,8;
PT-AU57;3421;ACTR-01900-108;2;R2 macho;PW Fabric;4,0;S4;P07;Alma;NO;0,8;0,8;
PT-AU57;3421;ACTR-01900-108;2;R2 macho;PW Fabric;4,0;S4;P08;Radio;NO;0,8;0,8;
PT-AU57;3421;ACTR-01900-108;2;R2 macho;PW Fabric;4,0;S4;P09;Faldilla;NO;0,8;0,83;
PT-AU57;3421;ACTR-01900-108;2;R2 macho;PW Fabric;4,0;S4;P10;Faldilla;NO;0,8;0,79;
PT-AU57;3421;ACTR-01900-108;2;R2 macho;PW Fabric;4,0;S4;P11;Faldilla;NO;0,8;0,8;
PT-AU57;3421;ACTR-01900-108;2;R2 macho;PW Fabric;4,0;S5;P01;Faldilla;NO;0,8;0,77;
PT-AU57;3421;ACTR-01900-108;2;R2 macho;PW Fabric;4,0;S5;P02;Faldilla;NO;0,8;0,79;
PT-AU57;3421;ACTR-01900-108;2;R2 macho;PW Fabric;4,0;S5;P03;Faldilla;NO;0,8;0,84;
PT-AU57;3421;ACTR-01900-108;2;R2 macho;PW Fabric;4,0;S5;P04;Radio;NO;0,8;0,76;
PT-AU57;3421;ACTR-01900-108;2;R2 macho;PW Fabric;4,0;S5;P05;Alma;NO;0,8;0,78;
PT-AU57;3421;ACTR-01900-108;2;R2 macho;PW Fabric;4,0;S5;P06;Alma;NO;0,8;0,8;
PT-AU57;3421;ACTR-01900-108;2;R2 macho;PW Fabric;4,0;S5;P07;Alma;NO;0,8;0,78;
PT-AU57;3421;ACTR-01900-108;2;R2 macho;PW Fabric;4,0;S5;P08;Radio;NO;0,8;0,82;
PT-AU57;3421;ACTR-01900-108;2;R2 macho;PW Fabric;4,0;S5;P09;Faldilla;NO;0,8;0,77;
PT-AU57;3421;ACTR-01900-108;2;R2 macho;PW Fabric;4,0;S5;P10;Faldilla;NO;0,8;0,8;
PT-AU57;3421;ACTR-01900-108;2;R2 macho;PW Fabric;4,0;S5;P11;Faldilla;NO;0,8;0,8;
PT-AU57;3421;ACTR-01900-108;2;R2 macho;PW Fabric;4,0;S6;P01;Faldilla;NO;0,8;0,8;
PT-AU57;3421;ACTR-01900-108;2;R2 macho;PW Fabric;4,0;S6;P02;Faldilla;NO;0,8;0,83;
PT-AU57;3421;ACTR-01900-108;2;R2 macho;PW Fabric;4,0;S6;P03;Faldilla;NO;0,8;0,77;
PT-AU57;3421;ACTR-01900-108;2;R2 macho;PW Fabric;4,0;S6;P04;Radio;NO;0,8;0,8;
PT-AU57;3421;ACTR-01900-108;2;R2 macho;PW Fabric;4,0;S6;P05;Alma;NO;0,8;0,76;
PT-AU57;3421;ACTR-01900-108;2;R2 macho;PW Fabric;4,0;S6;P06;Alma;NO;0,8;0,79;
PT-AU57;3421;ACTR-01900-108;2;R2 macho;PW Fabric;4,0;S6;P07;Alma;NO;0,8;0,79;
PT-AU57;3421;ACTR-01900-108;2;R2 macho;PW Fabric;4,0;S6;P08;Radio;NO;0,8;0,81;
PT-AU57;3421;ACTR-01900-108;2;R2 macho;PW Fabric;4,0;S6;P09;Faldilla;NO;0,8;0,83;
PT-AU57;3421;ACTR-01900-108;2;R2 macho;PW Fabric;4,0;S6;P10;Faldilla;NO;0,8;0,81;
PT-AU57;3421;ACTR-01900-108;2;R2 macho;PW Fabric;4,0;S6;P11;Faldilla;NO;0,8;0,83;
PT-AU57;3421;ACTR-01900-108;2;R2 macho;PW Fabric;4,0;S7;P01;Faldilla;NO;0,8;0,81;
PT-AU57;3421;ACTR-01900-108;2;R2 macho;PW Fabric;4,0;S7;P02;Faldilla;NO;0,8;0,81;
PT-AU57;3421;ACTR-01900-108;2;R2 macho;PW Fabric;4,0;S7;P03;Faldilla;NO;0,8;0,77;
PT-AU57;3421;ACTR-01900-108;2;R2 macho;PW Fabric;4,0;S7;P04;Radio;NO;0,8;0,78;
PT-AU57;3421;ACTR-01900-108;2;R2 macho;PW Fabric;4,0;S7;P05;Alma;NO;0,8;0,73;
PT-AU57;3421;ACTR-01900-108;2;R2 macho;PW Fabric;4,0;S7;P06;Alma;NO;0,8;0,8;
PT-AU57;3421;ACTR-01900-108;2;R2 macho;PW Fabric;4,0;S7;P07;Alma;NO;0,8;0,82;
PT-AU57;3421;ACTR-01900-108;2;R2 macho;PW Fabric;4,0;S7;P08;Radio;NO;0,8;0,84;
PT-AU57;3421;ACTR-01900-108;2;R2 macho;PW Fabric;4,0;S7;P09;Faldilla;NO;0,8;0,81;
PT-AU57;3421;ACTR-01900-108;2;R2 macho;PW Fabric;4,0;S7;P10;Faldilla;NO;0,8;0,79;
PT-AU57;3421;ACTR-01900-108;2;R2 macho;PW Fabric;4,0;S7;P11;Faldilla;NO;0,8;0,75;
PT-AU88;11203;ACTR-01900-102;2;R2 macho;UD Tape;16,0;S1;P01;Faldilla;NO;2,304;2,33;
PT-AU88;11203;ACTR-01900-102;2;R2 macho;UD Tape;16,0;S1;P02;Faldilla;NO;2,304;2,37;
PT-AU88;11203;ACTR-01900-102;2;R2 macho;UD Tape;16,0;S1;P03;Faldilla;NO;2,304;2,35;
PT-AU88;11203;ACTR-01900-102;2;R2 macho;UD Tape;16,0;S1;P04;Radio;NO;2,304;2,41;
PT-AU88;11203;ACTR-01900-102;2;R2 macho;UD Tape;16,0;S1;P05;Alma;NO;2,304;2,41;
PT-AU88;11203;ACTR-01900-102;2;R2 macho;UD Tape;16,0;S1;P06;Alma;NO;2,304;2,38;
PT-AU88;11203;ACTR-01900-102;2;R2 macho;UD Tape;16,0;S1;P07;Alma;NO;2,304;2,41;
PT-AU88;11203;ACTR-01900-102;2;R2 macho;UD Tape;16,0;S1;P08;Radio;NO;2,304;2,37;
PT-AU88;11203;ACTR-01900-102;2;R2 macho;UD Tape;16,0;S1;P09;Faldilla;NO;2,304;2,4;
PT-AU88;11203;ACTR-01900-102;2;R2 macho;UD Tape;16,0;S1;P10;Faldilla;NO;2,304;2,37;
PT-AU88;11203;ACTR-01900-102;2;R2 macho;UD Tape;16,0;S1;P11;Faldilla;NO;2,304;2,35;
PT-AU88;11203;ACTR-01900-102;2;R2 macho;UD Tape;16,0;S2;P01;Faldilla;NO;2,304;2,37;
PT-AU88;11203;ACTR-01900-102;2;R2 macho;UD Tape;16,0;S2;P02;Faldilla;NO;2,304;2,34;
PT-AU88;11203;ACTR-01900-102;2;R2 macho;UD Tape;16,0;S2;P03;Faldilla;NO;2,304;2,37;
PT-AU88;11203;ACTR-01900-102;2;R2 macho;UD Tape;16,0;S2;P04;Radio;NO;2,304;2,67;
PT-AU88;11203;ACTR-01900-102;2;R2 macho;UD Tape;16,0;S2;P05;Alma;NO;2,304;2,35;
PT-AU88;11203;ACTR-01900-102;2;R2 macho;UD Tape;16,0;S2;P06;Alma;NO;2,304;2,36;
PT-AU88;11203;ACTR-01900-102;2;R2 macho;UD Tape;16,0;S2;P07;Alma;NO;2,304;2,36;
PT-AU88;11203;ACTR-01900-102;2;R2 macho;UD Tape;16,0;S2;P08;Radio;NO;2,304;2,39;
PT-AU88;11203;ACTR-01900-102;2;R2 macho;UD Tape;16,0;S2;P09;Faldilla;NO;2,304;2,41;
PT-AU88;11203;ACTR-01900-102;2;R2 macho;UD Tape;16,0;S2;P10;Faldilla;NO;2,304;2,35;
PT-AU88;11203;ACTR-01900-102;2;R2 macho;UD Tape;16,0;S2;P11;Faldilla;NO;2,304;2,39;
PT-AU88;11203;ACTR-01900-102;2;R2 macho;UD Tape;16,0;S3;P01;Faldilla;NO;2,304;2,33;
PT-AU88;11203;ACTR-01900-102;2;R2 macho;UD Tape;16,0;S3;P02;Faldilla;NO;2,304;2,35;
PT-AU88;11203;ACTR-01900-102;2;R2 macho;UD Tape;16,0;S3;P03;Faldilla;NO;2,304;2,37;
PT-AU88;11203;ACTR-01900-102;2;R2 macho;UD Tape;16,0;S3;P04;Radio;NO;2,304;2,46;
PT-AU88;11203;ACTR-01900-102;2;R2 macho;UD Tape;16,0;S3;P05;Alma;NO;2,304;2,38;
PT-AU88;11203;ACTR-01900-102;2;R2 macho;UD Tape;16,0;S3;P06;Alma;NO;2,304;2,42;
PT-AU88;11203;ACTR-01900-102;2;R2 macho;UD Tape;16,0;S3;P07;Alma;NO;2,304;2,4;
PT-AU88;11203;ACTR-01900-102;2;R2 macho;UD Tape;16,0;S3;P08;Radio;NO;2,304;2,48;
PT-AU88;11203;ACTR-01900-102;2;R2 macho;UD Tape;16,0;S3;P09;Faldilla;NO;2,304;2,38;
PT-AU88;11203;ACTR-01900-102;2;R2 macho;UD Tape;16,0;S3;P10;Faldilla;NO;2,304;2,38;
PT-AU88;11203;ACTR-01900-102;2;R2 macho;UD Tape;16,0;S3;P11;Faldilla;NO;2,304;2,43;
PT-AU88;11203;ACTR-01900-102;2;R2 macho;UD Tape;16,0;S4;P01;Faldilla;NO;2,304;2,34;
PT-AU88;11203;ACTR-01900-102;2;R2 macho;UD Tape;16,0;S4;P02;Faldilla;NO;2,304;2,35;
PT-AU88;11203;ACTR-01900-102;2;R2 macho;UD Tape;16,0;S4;P03;Faldilla;NO;2,304;2,36;
PT-AU88;11203;ACTR-01900-102;2;R2 macho;UD Tape;16,0;S4;P04;Radio;NO;2,304;2,42;
PT-AU88;11203;ACTR-01900-102;2;R2 macho;UD Tape;16,0;S4;P05;Alma;NO;2,304;2,44;
PT-AU88;11203;ACTR-01900-102;2;R2 macho;UD Tape;16,0;S4;P06;Alma;NO;2,304;2,38;
PT-AU88;11203;ACTR-01900-102;2;R2 macho;UD Tape;16,0;S4;P07;Alma;NO;2,304;2,46;
PT-AU88;11203;ACTR-01900-102;2;R2 macho;UD Tape;16,0;S4;P08;Radio;NO;2,304;2,4;
PT-AU88;11203;ACTR-01900-102;2;R2 macho;UD Tape;16,0;S4;P09;Faldilla;NO;2,304;2,38;
PT-AU88;11203;ACTR-01900-102;2;R2 macho;UD Tape;16,0;S4;P10;Faldilla;NO;2,304;2,38;
PT-AU88;11203;ACTR-01900-102;2;R2 macho;UD Tape;16,0;S4;P11;Faldilla;NO;2,304;2,33;
PT-AU88;11203;ACTR-01900-102;2;R2 macho;UD Tape;16,0;S5;P01;Faldilla;NO;2,304;2,38;
PT-AU88;11203;ACTR-01900-102;2;R2 macho;UD Tape;16,0;S5;P02;Faldilla;NO;2,304;2,4;
PT-AU88;11203;ACTR-01900-102;2;R2 macho;UD Tape;16,0;S5;P03;Faldilla;NO;2,304;2,37;
PT-AU88;11203;ACTR-01900-102;2;R2 macho;UD Tape;16,0;S5;P04;Radio;NO;2,304;2,42;
PT-AU88;11203;ACTR-01900-102;2;R2 macho;UD Tape;16,0;S5;P05;Alma;NO;2,304;2,42;
PT-AU88;11203;ACTR-01900-102;2;R2 macho;UD Tape;16,0;S5;P06;Alma;NO;2,304;2,4;
PT-AU88;11203;ACTR-01900-102;2;R2 macho;UD Tape;16,0;S5;P07;Alma;NO;2,304;2,38;
PT-AU88;11203;ACTR-01900-102;2;R2 macho;UD Tape;16,0;S5;P08;Radio;NO;2,304;2,42;
PT-AU88;11203;ACTR-01900-102;2;R2 macho;UD Tape;16,0;S5;P09;Faldilla;NO;2,304;2,35;
PT-AU88;11203;ACTR-01900-102;2;R2 macho;UD Tape;16,0;S5;P10;Faldilla;NO;2,304;2,32;
PT-AU88;11203;ACTR-01900-102;2;R2 macho;UD Tape;16,0;S5;P11;Faldilla;NO;2,304;2,36;
PT-AU88;11203;ACTR-01900-102;2;R2 macho;UD Tape;16,0;S6;P01;Faldilla;NO;2,304;2,39;
PT-AU88;11203;ACTR-01900-102;2;R2 macho;UD Tape;16,0;S6;P02;Faldilla;NO;2,304;2,41;
PT-AU88;11203;ACTR-01900-102;2;R2 macho;UD Tape;16,0;S6;P03;Faldilla;NO;2,304;2,36;
PT-AU88;11203;ACTR-01900-102;2;R2 macho;UD Tape;16,0;S6;P04;Radio;NO;2,304;2,44;
PT-AU88;11203;ACTR-01900-102;2;R2 macho;UD Tape;16,0;S6;P05;Alma;NO;2,304;2,36;
PT-AU88;11203;ACTR-01900-102;2;R2 macho;UD Tape;16,0;S6;P06;Alma;NO;2,304;2,34;
PT-AU88;11203;ACTR-01900-102;2;R2 macho;UD Tape;16,0;S6;P07;Alma;NO;2,304;2,41;
PT-AU88;11203;ACTR-01900-102;2;R2 macho;UD Tape;16,0;S6;P08;Radio;NO;2,304;2,42;
PT-AU88;11203;ACTR-01900-102;2;R2 macho;UD Tape;16,0;S6;P09;Faldilla;NO;2,304;2,4;
PT-AU88;11203;ACTR-01900-102;2;R2 macho;UD Tape;16,0;S6;P10;Faldilla;NO;2,304;2,36;
PT-AU88;11203;ACTR-01900-102;2;R2 macho;UD Tape;16,0;S6;P11;Faldilla;NO;2,304;2,37;
PT-AU88;11203;ACTR-01900-102;2;R2 macho;UD Tape;16,0;S7;P01;Faldilla;NO;2,304;2,35;
PT-AU88;11203;ACTR-01900-102;2;R2 macho;UD Tape;16,0;S7;P02;Faldilla;NO;2,304;2,34;
PT-AU88;11203;ACTR-01900-102;2;R2 macho;UD Tape;16,0;S7;P03;Faldilla;NO;2,304;2,37;
PT-AU88;11203;ACTR-01900-102;2;R2 macho;UD Tape;16,0;S7;P04;Radio;NO;2,304;2,24;
PT-AU88;11203;ACTR-01900-102;2;R2 macho;UD Tape;16,0;S7;P05;Alma;NO;2,304;2,43;
PT-AU88;11203;ACTR-01900-102;2;R2 macho;UD Tape;16,0;S7;P06;Alma;NO;2,304;2,42;
PT-AU88;11203;ACTR-01900-102;2;R2 macho;UD Tape;16,0;S7;P07;Alma;NO;2,304;2,41;
PT-AU88;11203;ACTR-01900-102;2;R2 macho;UD Tape;16,0;S7;P08;Radio;NO;2,304;2,28;
PT-AU88;11203;ACTR-01900-102;2;R2 macho;UD Tape;16,0;S7;P09;Faldilla;NO;2,304;2,38;
PT-AU88;11203;ACTR-01900-102;2;R2 macho;UD Tape;16,0;S7;P10;Faldilla;NO;2,304;2,34;
PT-AU88;11203;ACTR-01900-102;2;R2 macho;UD Tape;16,0;S7;P11;Faldilla;NO;2,304;2,36;
PT-AU88;11203;ACTR-01900-104;3;R2 macho;UD Tape;24,0;S1;P01;Faldilla;NO;3,456;3,45;
PT-AU88;11203;ACTR-01900-104;3;R2 macho;UD Tape;24,0;S1;P02;Faldilla;NO;3,456;3,57;
PT-AU88;11203;ACTR-01900-104;3;R2 macho;UD Tape;24,0;S1;P03;Faldilla;NO;3,456;3,58;
PT-AU88;11203;ACTR-01900-104;3;R2 macho;UD Tape;24,0;S1;P04;Radio;NO;3,456;3,59;
PT-AU88;11203;ACTR-01900-104;3;R2 macho;UD Tape;24,0;S1;P05;Alma;NO;3,456;3,57;
PT-AU88;11203;ACTR-01900-104;3;R2 macho;UD Tape;24,0;S1;P06;Alma;NO;3,456;3,64;
PT-AU88;11203;ACTR-01900-104;3;R2 macho;UD Tape;24,0;S1;P07;Alma;NO;3,456;3,64;
PT-AU88;11203;ACTR-01900-104;3;R2 macho;UD Tape;24,0;S1;P08;Radio;NO;3,456;3,58;
PT-AU88;11203;ACTR-01900-104;3;R2 macho;UD Tape;24,0;S1;P09;Faldilla;NO;3,456;3,59;
PT-AU88;11203;ACTR-01900-104;3;R2 macho;UD Tape;24,0;S1;P10;Faldilla;NO;3,456;3,54;
PT-AU88;11203;ACTR-01900-104;3;R2 macho;UD Tape;24,0;S1;P11;Faldilla;NO;3,456;3,48;
PT-AU88;11203;ACTR-01900-104;3;R2 macho;UD Tape;24,0;S2;P01;Faldilla;NO;3,456;3,52;
PT-AU88;11203;ACTR-01900-104;3;R2 macho;UD Tape;24,0;S2;P02;Faldilla;NO;3,456;3,56;
PT-AU88;11203;ACTR-01900-104;3;R2 macho;UD Tape;24,0;S2;P03;Faldilla;NO;3,456;3,57;
PT-AU88;11203;ACTR-01900-104;3;R2 macho;UD Tape;24,0;S2;P04;Radio;NO;3,456;3,58;
PT-AU88;11203;ACTR-01900-104;3;R2 macho;UD Tape;24,0;S2;P05;Alma;NO;3,456;3,59;
PT-AU88;11203;ACTR-01900-104;3;R2 macho;UD Tape;24,0;S2;P06;Alma;NO;3,456;3,54;
PT-AU88;11203;ACTR-01900-104;3;R2 macho;UD Tape;24,0;S2;P07;Alma;NO;3,456;3,62;
PT-AU88;11203;ACTR-01900-104;3;R2 macho;UD Tape;24,0;S2;P08;Radio;NO;3,456;3,65;
PT-AU88;11203;ACTR-01900-104;3;R2 macho;UD Tape;24,0;S2;P09;Faldilla;NO;3,456;3,57;
PT-AU88;11203;ACTR-01900-104;3;R2 macho;UD Tape;24,0;S2;P10;Faldilla;NO;3,456;3,54;
PT-AU88;11203;ACTR-01900-104;3;R2 macho;UD Tape;24,0;S2;P11;Faldilla;NO;3,456;3,51;
PT-AU88;11203;ACTR-01900-104;3;R2 macho;UD Tape;24,0;S3;P01;Faldilla;NO;3,456;3,52;
PT-AU88;11203;ACTR-01900-104;3;R2 macho;UD Tape;24,0;S3;P02;Faldilla;NO;3,456;3,54;
PT-AU88;11203;ACTR-01900-104;3;R2 macho;UD Tape;24,0;S3;P03;Faldilla;NO;3,456;3,55;
PT-AU88;11203;ACTR-01900-104;3;R2 macho;UD Tape;24,0;S3;P04;Radio;NO;3,456;3,68;
PT-AU88;11203;ACTR-01900-104;3;R2 macho;UD Tape;24,0;S3;P05;Alma;NO;3,456;3,64;
PT-AU88;11203;ACTR-01900-104;3;R2 macho;UD Tape;24,0;S3;P06;Alma;NO;3,456;3,66;
PT-AU88;11203;ACTR-01900-104;3;R2 macho;UD Tape;24,0;S3;P07;Alma;NO;3,456;3,66;
PT-AU88;11203;ACTR-01900-104;3;R2 macho;UD Tape;24,0;S3;P08;Radio;NO;3,456;3,64;
PT-AU88;11203;ACTR-01900-104;3;R2 macho;UD Tape;24,0;S3;P09;Faldilla;NO;3,456;3,55;
PT-AU88;11203;ACTR-01900-104;3;R2 macho;UD Tape;24,0;S3;P10;Faldilla;NO;3,456;3,53;
PT-AU88;11203;ACTR-01900-104;3;R2 macho;UD Tape;24,0;S3;P11;Faldilla;NO;3,456;3,54;
PT-AU88;11203;ACTR-01900-104;3;R2 macho;UD Tape;24,0;S4;P01;Faldilla;NO;3,456;3,49;
PT-AU88;11203;ACTR-01900-104;3;R2 macho;UD Tape;24,0;S4;P02;Faldilla;NO;3,456;3,56;
PT-AU88;11203;ACTR-01900-104;3;R2 macho;UD Tape;24,0;S4;P03;Faldilla;NO;3,456;3,54;
PT-AU88;11203;ACTR-01900-104;3;R2 macho;UD Tape;24,0;S4;P04;Radio;NO;3,456;3,56;
PT-AU88;11203;ACTR-01900-104;3;R2 macho;UD Tape;24,0;S4;P05;Alma;NO;3,456;3,6;
PT-AU88;11203;ACTR-01900-104;3;R2 macho;UD Tape;24,0;S4;P06;Alma;NO;3,456;3,62;
PT-AU88;11203;ACTR-01900-104;3;R2 macho;UD Tape;24,0;S4;P07;Alma;NO;3,456;3,64;
PT-AU88;11203;ACTR-01900-104;3;R2 macho;UD Tape;24,0;S4;P08;Radio;NO;3,456;3,76;
PT-AU88;11203;ACTR-01900-104;3;R2 macho;UD Tape;24,0;S4;P09;Faldilla;NO;3,456;3,53;
PT-AU88;11203;ACTR-01900-104;3;R2 macho;UD Tape;24,0;S4;P10;Faldilla;NO;3,456;3,57;
PT-AU88;11203;ACTR-01900-104;3;R2 macho;UD Tape;24,0;S4;P11;Faldilla;NO;3,456;3,5;
PT-AU88;11203;ACTR-01900-104;3;R2 macho;UD Tape;24,0;S5;P01;Faldilla;NO;3,456;3,53;
PT-AU88;11203;ACTR-01900-104;3;R2 macho;UD Tape;24,0;S5;P02;Faldilla;NO;3,456;3,51;
PT-AU88;11203;ACTR-01900-104;3;R2 macho;UD Tape;24,0;S5;P03;Faldilla;NO;3,456;3,54;
PT-AU88;11203;ACTR-01900-104;3;R2 macho;UD Tape;24,0;S5;P04;Radio;NO;3,456;3,62;
PT-AU88;11203;ACTR-01900-104;3;R2 macho;UD Tape;24,0;S5;P05;Alma;NO;3,456;3,6;
PT-AU88;11203;ACTR-01900-104;3;R2 macho;UD Tape;24,0;S5;P06;Alma;NO;3,456;3,58;
PT-AU88;11203;ACTR-01900-104;3;R2 macho;UD Tape;24,0;S5;P07;Alma;NO;3,456;3,6;
PT-AU88;11203;ACTR-01900-104;3;R2 macho;UD Tape;24,0;S5;P08;Radio;NO;3,456;3,78;
PT-AU88;11203;ACTR-01900-104;3;R2 macho;UD Tape;24,0;S5;P09;Faldilla;NO;3,456;3,53;
PT-AU88;11203;ACTR-01900-104;3;R2 macho;UD Tape;24,0;S5;P10;Faldilla;NO;3,456;3,57;
PT-AU88;11203;ACTR-01900-104;3;R2 macho;UD Tape;24,0;S5;P11;Faldilla;NO;3,456;3,52;
PT-AU88;11203;ACTR-01900-104;3;R2 macho;UD Tape;24,0;S6;P01;Faldilla;NO;3,456;3,57;
PT-AU88;11203;ACTR-01900-104;3;R2 macho;UD Tape;24,0;S6;P02;Faldilla;NO;3,456;3,57;
PT-AU88;11203;ACTR-01900-104;3;R2 macho;UD Tape;24,0;S6;P03;Faldilla;NO;3,456;3,54;
PT-AU88;11203;ACTR-01900-104;3;R2 macho;UD Tape;24,0;S6;P04;Radio;NO;3,456;3,62;
PT-AU88;11203;ACTR-01900-104;3;R2 macho;UD Tape;24,0;S6;P05;Alma;NO;3,456;3,63;
PT-AU88;11203;ACTR-01900-104;3;R2 macho;UD Tape;24,0;S6;P06;Alma;NO;3,456;3,52;
PT-AU88;11203;ACTR-01900-104;3;R2 macho;UD Tape;24,0;S6;P07;Alma;NO;3,456;3,53;
PT-AU88;11203;ACTR-01900-104;3;R2 macho;UD Tape;24,0;S6;P08;Radio;NO;3,456;3,77;
PT-AU88;11203;ACTR-01900-104;3;R2 macho;UD Tape;24,0;S6;P09;Faldilla;NO;3,456;3,54;
PT-AU88;11203;ACTR-01900-104;3;R2 macho;UD Tape;24,0;S6;P10;Faldilla;NO;3,456;3,56;
PT-AU88;11203;ACTR-01900-104;3;R2 macho;UD Tape;24,0;S6;P11;Faldilla;NO;3,456;3,55;
PT-AU88;11203;ACTR-01900-104;3;R2 macho;UD Tape;24,0;S7;P01;Faldilla;NO;3,456;3,51;
PT-AU88;11203;ACTR-01900-104;3;R2 macho;UD Tape;24,0;S7;P02;Faldilla;NO;3,456;3,52;
PT-AU88;11203;ACTR-01900-104;3;R2 macho;UD Tape;24,0;S7;P03;Faldilla;NO;3,456;3,54;
PT-AU88;11203;ACTR-01900-104;3;R2 macho;UD Tape;24,0;S7;P04;Radio;NO;3,456;3,53;
PT-AU88;11203;ACTR-01900-104;3;R2 macho;UD Tape;24,0;S7;P05;Alma;NO;3,456;3,58;
PT-AU88;11203;ACTR-01900-104;3;R2 macho;UD Tape;24,0;S7;P06;Alma;NO;3,456;3,54;
PT-AU88;11203;ACTR-01900-104;3;R2 macho;UD Tape;24,0;S7;P07;Alma;NO;3,456;3,6;
PT-AU88;11203;ACTR-01900-104;3;R2 macho;UD Tape;24,0;S7;P08;Radio;NO;3,456;3,55;
PT-AU88;11203;ACTR-01900-104;3;R2 macho;UD Tape;24,0;S7;P09;Faldilla;NO;3,456;3,59;
PT-AU88;11203;ACTR-01900-104;3;R2 macho;UD Tape;24,0;S7;P10;Faldilla;NO;3,456;3,5;
PT-AU88;11203;ACTR-01900-104;3;R2 macho;UD Tape;24,0;S7;P11;Faldilla;NO;3,456;3,5;
PT-AU88;11203;ACTR-01900-100;1;R2 macho;UD Tape;8,0;S1;P01;Faldilla;NO;1,152;1,2;
PT-AU88;11203;ACTR-01900-100;1;R2 macho;UD Tape;8,0;S1;P02;Faldilla;NO;1,152;1,18;
PT-AU88;11203;ACTR-01900-100;1;R2 macho;UD Tape;8,0;S1;P03;Faldilla;NO;1,152;1,17;
PT-AU88;11203;ACTR-01900-100;1;R2 macho;UD Tape;8,0;S1;P04;Radio;NO;1,152;1,19;
PT-AU88;11203;ACTR-01900-100;1;R2 macho;UD Tape;8,0;S1;P05;Alma;NO;1,152;1,2;
PT-AU88;11203;ACTR-01900-100;1;R2 macho;UD Tape;8,0;S1;P06;Alma;NO;1,152;1,17;
PT-AU88;11203;ACTR-01900-100;1;R2 macho;UD Tape;8,0;S1;P07;Alma;NO;1,152;1,2;
PT-AU88;11203;ACTR-01900-100;1;R2 macho;UD Tape;8,0;S1;P08;Radio;NO;1,152;1,17;
PT-AU88;11203;ACTR-01900-100;1;R2 macho;UD Tape;8,0;S1;P09;Faldilla;NO;1,152;1,23;
PT-AU88;11203;ACTR-01900-100;1;R2 macho;UD Tape;8,0;S1;P10;Faldilla;NO;1,152;1,18;
PT-AU88;11203;ACTR-01900-100;1;R2 macho;UD Tape;8,0;S1;P11;Faldilla;NO;1,152;1,2;
PT-AU88;11203;ACTR-01900-100;1;R2 macho;UD Tape;8,0;S2;P01;Faldilla;NO;1,152;1,19;
PT-AU88;11203;ACTR-01900-100;1;R2 macho;UD Tape;8,0;S2;P02;Faldilla;NO;1,152;1,2;
PT-AU88;11203;ACTR-01900-100;1;R2 macho;UD Tape;8,0;S2;P03;Faldilla;NO;1,152;1,17;
PT-AU88;11203;ACTR-01900-100;1;R2 macho;UD Tape;8,0;S2;P04;Radio;NO;1,152;1,2;
PT-AU88;11203;ACTR-01900-100;1;R2 macho;UD Tape;8,0;S2;P05;Alma;NO;1,152;1,2;
PT-AU88;11203;ACTR-01900-100;1;R2 macho;UD Tape;8,0;S2;P06;Alma;NO;1,152;1,16;
PT-AU88;11203;ACTR-01900-100;1;R2 macho;UD Tape;8,0;S2;P07;Alma;NO;1,152;1,2;
PT-AU88;11203;ACTR-01900-100;1;R2 macho;UD Tape;8,0;S2;P08;Radio;NO;1,152;1,22;
PT-AU88;11203;ACTR-01900-100;1;R2 macho;UD Tape;8,0;S2;P09;Faldilla;NO;1,152;1,22;
PT-AU88;11203;ACTR-01900-100;1;R2 macho;UD Tape;8,0;S2;P10;Faldilla;NO;1,152;1,19;
PT-AU88;11203;ACTR-01900-100;1;R2 macho;UD Tape;8,0;S2;P11;Faldilla;NO;1,152;1,2;
PT-AU88;11203;ACTR-01900-100;1;R2 macho;UD Tape;8,0;S3;P01;Faldilla;NO;1,152;1,2;
PT-AU88;11203;ACTR-01900-100;1;R2 macho;UD Tape;8,0;S3;P02;Faldilla;NO;1,152;1,19;
PT-AU88;11203;ACTR-01900-100;1;R2 macho;UD Tape;8,0;S3;P03;Faldilla;NO;1,152;1,21;
PT-AU88;11203;ACTR-01900-100;1;R2 macho;UD Tape;8,0;S3;P04;Radio;NO;1,152;1,3;
PT-AU88;11203;ACTR-01900-100;1;R2 macho;UD Tape;8,0;S3;P05;Alma;NO;1,152;1,2;
PT-AU88;11203;ACTR-01900-100;1;R2 macho;UD Tape;8,0;S3;P06;Alma;NO;1,152;1,28;
PT-AU88;11203;ACTR-01900-100;1;R2 macho;UD Tape;8,0;S3;P07;Alma;NO;1,152;1,22;
PT-AU88;11203;ACTR-01900-100;1;R2 macho;UD Tape;8,0;S3;P08;Radio;NO;1,152;1,32;
PT-AU88;11203;ACTR-01900-100;1;R2 macho;UD Tape;8,0;S3;P09;Faldilla;NO;1,152;1,19;
PT-AU88;11203;ACTR-01900-100;1;R2 macho;UD Tape;8,0;S3;P10;Faldilla;NO;1,152;1,21;
PT-AU88;11203;ACTR-01900-100;1;R2 macho;UD Tape;8,0;S3;P11;Faldilla;NO;1,152;1,19;
PT-AU88;11203;ACTR-01900-100;1;R2 macho;UD Tape;8,0;S4;P01;Faldilla;NO;1,152;1,22;
PT-AU88;11203;ACTR-01900-100;1;R2 macho;UD Tape;8,0;S4;P02;Faldilla;NO;1,152;1,21;
PT-AU88;11203;ACTR-01900-100;1;R2 macho;UD Tape;8,0;S4;P03;Faldilla;NO;1,152;1,21;
PT-AU88;11203;ACTR-01900-100;1;R2 macho;UD Tape;8,0;S4;P04;Radio;NO;1,152;1,22;
PT-AU88;11203;ACTR-01900-100;1;R2 macho;UD Tape;8,0;S4;P05;Alma;NO;1,152;1,24;
PT-AU88;11203;ACTR-01900-100;1;R2 macho;UD Tape;8,0;S4;P06;Alma;NO;1,152;1,28;
PT-AU88;11203;ACTR-01900-100;1;R2 macho;UD Tape;8,0;S4;P07;Alma;NO;1,152;1,22;
PT-AU88;11203;ACTR-01900-100;1;R2 macho;UD Tape;8,0;S4;P08;Radio;NO;1,152;1,28;
PT-AU88;11203;ACTR-01900-100;1;R2 macho;UD Tape;8,0;S4;P09;Faldilla;NO;1,152;1,23;
PT-AU88;11203;ACTR-01900-100;1;R2 macho;UD Tape;8,0;S4;P10;Faldilla;NO;1,152;1,21;
PT-AU88;11203;ACTR-01900-100;1;R2 macho;UD Tape;8,0;S4;P11;Faldilla;NO;1,152;1,19;
PT-AU88;11203;ACTR-01900-100;1;R2 macho;UD Tape;8,0;S5;P01;Faldilla;NO;1,152;1,21;
PT-AU88;11203;ACTR-01900-100;1;R2 macho;UD Tape;8,0;S5;P02;Faldilla;NO;1,152;1,18;
PT-AU88;11203;ACTR-01900-100;1;R2 macho;UD Tape;8,0;S5;P03;Faldilla;NO;1,152;1,18;
PT-AU88;11203;ACTR-01900-100;1;R2 macho;UD Tape;8,0;S5;P04;Radio;NO;1,152;1,24;
PT-AU88;11203;ACTR-01900-100;1;R2 macho;UD Tape;8,0;S5;P05;Alma;NO;1,152;1,2;
PT-AU88;11203;ACTR-01900-100;1;R2 macho;UD Tape;8,0;S5;P06;Alma;NO;1,152;1,24;
PT-AU88;11203;ACTR-01900-100;1;R2 macho;UD Tape;8,0;S5;P07;Alma;NO;1,152;1,18;
PT-AU88;11203;ACTR-01900-100;1;R2 macho;UD Tape;8,0;S5;P08;Radio;NO;1,152;1,2;
PT-AU88;11203;ACTR-01900-100;1;R2 macho;UD Tape;8,0;S5;P09;Faldilla;NO;1,152;1,19;
PT-AU88;11203;ACTR-01900-100;1;R2 macho;UD Tape;8,0;S5;P10;Faldilla;NO;1,152;1,14;
PT-AU88;11203;ACTR-01900-100;1;R2 macho;UD Tape;8,0;S5;P11;Faldilla;NO;1,152;1,19;
PT-AU88;11203;ACTR-01900-100;1;R2 macho;UD Tape;8,0;S6;P01;Faldilla;NO;1,152;1,24;
PT-AU88;11203;ACTR-01900-100;1;R2 macho;UD Tape;8,0;S6;P02;Faldilla;NO;1,152;1,22;
PT-AU88;11203;ACTR-01900-100;1;R2 macho;UD Tape;8,0;S6;P03;Faldilla;NO;1,152;1,19;
PT-AU88;11203;ACTR-01900-100;1;R2 macho;UD Tape;8,0;S6;P04;Radio;NO;1,152;1,21;
PT-AU88;11203;ACTR-01900-100;1;R2 macho;UD Tape;8,0;S6;P05;Alma;NO;1,152;1,23;
PT-AU88;11203;ACTR-01900-100;1;R2 macho;UD Tape;8,0;S6;P06;Alma;NO;1,152;1,23;
PT-AU88;11203;ACTR-01900-100;1;R2 macho;UD Tape;8,0;S6;P07;Alma;NO;1,152;1,25;
PT-AU88;11203;ACTR-01900-100;1;R2 macho;UD Tape;8,0;S6;P08;Radio;NO;1,152;1,27;
PT-AU88;11203;ACTR-01900-100;1;R2 macho;UD Tape;8,0;S6;P09;Faldilla;NO;1,152;1,2;
PT-AU88;11203;ACTR-01900-100;1;R2 macho;UD Tape;8,0;S6;P10;Faldilla;NO;1,152;1,19;
PT-AU88;11203;ACTR-01900-100;1;R2 macho;UD Tape;8,0;S6;P11;Faldilla;NO;1,152;1,2;
PT-AU88;11203;ACTR-01900-100;1;R2 macho;UD Tape;8,0;S7;P01;Faldilla;NO;1,152;1,21;
PT-AU88;11203;ACTR-01900-100;1;R2 macho;UD Tape;8,0;S7;P02;Faldilla;NO;1,152;1,2;
PT-AU88;11203;ACTR-01900-100;1;R2 macho;UD Tape;8,0;S7;P03;Faldilla;NO;1,152;1,21;
PT-AU88;11203;ACTR-01900-100;1;R2 macho;UD Tape;8,0;S7;P04;Radio;NO;1,152;1,15;
PT-AU88;11203;ACTR-01900-100;1;R2 macho;UD Tape;8,0;S7;P05;Alma;NO;1,152;1,21;
PT-AU88;11203;ACTR-01900-100;1;R2 macho;UD Tape;8,0;S7;P06;Alma;NO;1,152;1,2;
PT-AU88;11203;ACTR-01900-100;1;R2 macho;UD Tape;8,0;S7;P07;Alma;NO;1,152;1,22;
PT-AU88;11203;ACTR-01900-100;1;R2 macho;UD Tape;8,0;S7;P08;Radio;NO;1,152;1,16;
PT-AU88;11203;ACTR-01900-100;1;R2 macho;UD Tape;8,0;S7;P09;Faldilla;NO;1,152;1,22;
PT-AU88;11203;ACTR-01900-100;1;R2 macho;UD Tape;8,0;S7;P10;Faldilla;NO;1,152;1,15;
PT-AU88;11203;ACTR-01900-100;1;R2 macho;UD Tape;8,0;S7;P11;Faldilla;NO;1,152;1,19;
PT-AU57;3421;ACTR-01900-112;3;R2 macho;PW Fabric;22,0;S1;P01;Faldilla;NO;4,4;4,4;
PT-AU57;3421;ACTR-01900-112;3;R2 macho;PW Fabric;22,0;S1;P02;Faldilla;NO;4,4;4,41;
PT-AU57;3421;ACTR-01900-112;3;R2 macho;PW Fabric;22,0;S1;P03;Faldilla;NO;4,4;4,45;
PT-AU57;3421;ACTR-01900-112;3;R2 macho;PW Fabric;22,0;S1;P04;Radio;NO;4,4;4,46;
PT-AU57;3421;ACTR-01900-112;3;R2 macho;PW Fabric;22,0;S1;P05;Alma;NO;4,4;4,34;
PT-AU57;3421;ACTR-01900-112;3;R2 macho;PW Fabric;22,0;S1;P06;Alma;NO;4,4;4,44;
PT-AU57;3421;ACTR-01900-112;3;R2 macho;PW Fabric;22,0;S1;P07;Alma;NO;4,4;4,41;
PT-AU57;3421;ACTR-01900-112;3;R2 macho;PW Fabric;22,0;S1;P08;Radio;NO;4,4;4,55;
PT-AU57;3421;ACTR-01900-112;3;R2 macho;PW Fabric;22,0;S1;P09;Faldilla;NO;4,4;4,47;
PT-AU57;3421;ACTR-01900-112;3;R2 macho;PW Fabric;22,0;S1;P10;Faldilla;NO;4,4;4,45;
PT-AU57;3421;ACTR-01900-112;3;R2 macho;PW Fabric;22,0;S1;P11;Faldilla;NO;4,4;4,39;
PT-AU57;3421;ACTR-01900-112;3;R2 macho;PW Fabric;22,0;S2;P01;Faldilla;NO;4,4;4,35;
PT-AU57;3421;ACTR-01900-112;3;R2 macho;PW Fabric;22,0;S2;P02;Faldilla;NO;4,4;4,45;
PT-AU57;3421;ACTR-01900-112;3;R2 macho;PW Fabric;22,0;S2;P03;Faldilla;NO;4,4;4,39;
PT-AU57;3421;ACTR-01900-112;3;R2 macho;PW Fabric;22,0;S2;P04;Radio;NO;4,4;4,65;
PT-AU57;3421;ACTR-01900-112;3;R2 macho;PW Fabric;22,0;S2;P05;Alma;NO;4,4;4,38;
PT-AU57;3421;ACTR-01900-112;3;R2 macho;PW Fabric;22,0;S2;P06;Alma;NO;4,4;4,36;
PT-AU57;3421;ACTR-01900-112;3;R2 macho;PW Fabric;22,0;S2;P07;Alma;NO;4,4;4,45;
PT-AU57;3421;ACTR-01900-112;3;R2 macho;PW Fabric;22,0;S2;P08;Radio;NO;4,4;4,62;
PT-AU57;3421;ACTR-01900-112;3;R2 macho;PW Fabric;22,0;S2;P09;Faldilla;NO;4,4;4,41;
PT-AU57;3421;ACTR-01900-112;3;R2 macho;PW Fabric;22,0;S2;P10;Faldilla;NO;4,4;4,45;
PT-AU57;3421;ACTR-01900-112;3;R2 macho;PW Fabric;22,0;S2;P11;Faldilla;NO;4,4;4,37;
PT-AU57;3421;ACTR-01900-112;3;R2 macho;PW Fabric;22,0;S3;P01;Faldilla;NO;4,4;4,39;
PT-AU57;3421;ACTR-01900-112;3;R2 macho;PW Fabric;22,0;S3;P02;Faldilla;NO;4,4;4,43;
PT-AU57;3421;ACTR-01900-112;3;R2 macho;PW Fabric;22,0;S3;P03;Faldilla;NO;4,4;4,49;
PT-AU57;3421;ACTR-01900-112;3;R2 macho;PW Fabric;22,0;S3;P04;Radio;NO;4,4;4,72;
PT-AU57;3421;ACTR-01900-112;3;R2 macho;PW Fabric;22,0;S3;P05;Alma;NO;4,4;4,38;
PT-AU57;3421;ACTR-01900-112;3;R2 macho;PW Fabric;22,0;S3;P06;Alma;NO;4,4;4,56;
PT-AU57;3421;ACTR-01900-112;3;R2 macho;PW Fabric;22,0;S3;P07;Alma;NO;4,4;4,48;
PT-AU57;3421;ACTR-01900-112;3;R2 macho;PW Fabric;22,0;S3;P08;Radio;NO;4,4;4,66;
PT-AU57;3421;ACTR-01900-112;3;R2 macho;PW Fabric;22,0;S3;P09;Faldilla;NO;4,4;4,48;
PT-AU57;3421;ACTR-01900-112;3;R2 macho;PW Fabric;22,0;S3;P10;Faldilla;NO;4,4;4,45;
PT-AU57;3421;ACTR-01900-112;3;R2 macho;PW Fabric;22,0;S3;P11;Faldilla;NO;4,4;4,47;
PT-AU57;3421;ACTR-01900-112;3;R2 macho;PW Fabric;22,0;S4;P01;Faldilla;NO;4,4;4,43;
PT-AU57;3421;ACTR-01900-112;3;R2 macho;PW Fabric;22,0;S4;P02;Faldilla;NO;4,4;4,41;
PT-AU57;3421;ACTR-01900-112;3;R2 macho;PW Fabric;22,0;S4;P03;Faldilla;NO;4,4;4,52;
PT-AU57;3421;ACTR-01900-112;3;R2 macho;PW Fabric;22,0;S4;P04;Radio;NO;4,4;4,62;
PT-AU57;3421;ACTR-01900-112;3;R2 macho;PW Fabric;22,0;S4;P05;Alma;NO;4,4;4,44;
PT-AU57;3421;ACTR-01900-112;3;R2 macho;PW Fabric;22,0;S4;P06;Alma;NO;4,4;4,46;
PT-AU57;3421;ACTR-01900-112;3;R2 macho;PW Fabric;22,0;S4;P07;Alma;NO;4,4;4,5;
PT-AU57;3421;ACTR-01900-112;3;R2 macho;PW Fabric;22,0;S4;P08;Radio;NO;4,4;4,72;
PT-AU57;3421;ACTR-01900-112;3;R2 macho;PW Fabric;22,0;S4;P09;Faldilla;NO;4,4;4,5;
PT-AU57;3421;ACTR-01900-112;3;R2 macho;PW Fabric;22,0;S4;P10;Faldilla;NO;4,4;4,45;
PT-AU57;3421;ACTR-01900-112;3;R2 macho;PW Fabric;22,0;S4;P11;Faldilla;NO;4,4;4,39;
PT-AU57;3421;ACTR-01900-112;3;R2 macho;PW Fabric;22,0;S5;P01;Faldilla;NO;4,4;4,38;
PT-AU57;3421;ACTR-01900-112;3;R2 macho;PW Fabric;22,0;S5;P02;Faldilla;NO;4,4;4,41;
PT-AU57;3421;ACTR-01900-112;3;R2 macho;PW Fabric;22,0;S5;P03;Faldilla;NO;4,4;4,39;
PT-AU57;3421;ACTR-01900-112;3;R2 macho;PW Fabric;22,0;S5;P04;Radio;NO;4,4;4,58;
PT-AU57;3421;ACTR-01900-112;3;R2 macho;PW Fabric;22,0;S5;P05;Alma;NO;4,4;4,44;
PT-AU57;3421;ACTR-01900-112;3;R2 macho;PW Fabric;22,0;S5;P06;Alma;NO;4,4;4,46;
PT-AU57;3421;ACTR-01900-112;3;R2 macho;PW Fabric;22,0;S5;P07;Alma;NO;4,4;4,42;
PT-AU57;3421;ACTR-01900-112;3;R2 macho;PW Fabric;22,0;S5;P08;Radio;NO;4,4;4,64;
PT-AU57;3421;ACTR-01900-112;3;R2 macho;PW Fabric;22,0;S5;P09;Faldilla;NO;4,4;4,46;
PT-AU57;3421;ACTR-01900-112;3;R2 macho;PW Fabric;22,0;S5;P10;Faldilla;NO;4,4;4,41;
PT-AU57;3421;ACTR-01900-112;3;R2 macho;PW Fabric;22,0;S5;P11;Faldilla;NO;4,4;4,46;
PT-AU57;3421;ACTR-01900-112;3;R2 macho;PW Fabric;22,0;S6;P01;Faldilla;NO;4,4;4,43;
PT-AU57;3421;ACTR-01900-112;3;R2 macho;PW Fabric;22,0;S6;P02;Faldilla;NO;4,4;4,43;
PT-AU57;3421;ACTR-01900-112;3;R2 macho;PW Fabric;22,0;S6;P03;Faldilla;NO;4,4;4,46;
PT-AU57;3421;ACTR-01900-112;3;R2 macho;PW Fabric;22,0;S6;P04;Radio;NO;4,4;4,66;
PT-AU57;3421;ACTR-01900-112;3;R2 macho;PW Fabric;22,0;S6;P05;Alma;NO;4,4;4,35;
PT-AU57;3421;ACTR-01900-112;3;R2 macho;PW Fabric;22,0;S6;P06;Alma;NO;4,4;4,38;
PT-AU57;3421;ACTR-01900-112;3;R2 macho;PW Fabric;22,0;S6;P07;Alma;NO;4,4;4,45;
PT-AU57;3421;ACTR-01900-112;3;R2 macho;PW Fabric;22,0;S6;P08;Radio;NO;4,4;4,66;
PT-AU57;3421;ACTR-01900-112;3;R2 macho;PW Fabric;22,0;S6;P09;Faldilla;NO;4,4;4,47;
PT-AU57;3421;ACTR-01900-112;3;R2 macho;PW Fabric;22,0;S6;P10;Faldilla;NO;4,4;4,5;
PT-AU57;3421;ACTR-01900-112;3;R2 macho;PW Fabric;22,0;S6;P11;Faldilla;NO;4,4;4,38;
PT-AU57;3421;ACTR-01900-112;3;R2 macho;PW Fabric;22,0;S7;P01;Faldilla;NO;4,4;4,44;
PT-AU57;3421;ACTR-01900-112;3;R2 macho;PW Fabric;22,0;S7;P02;Faldilla;NO;4,4;4,41;
PT-AU57;3421;ACTR-01900-112;3;R2 macho;PW Fabric;22,0;S7;P03;Faldilla;NO;4,4;4,42;
PT-AU57;3421;ACTR-01900-112;3;R2 macho;PW Fabric;22,0;S7;P04;Radio;NO;4,4;4,57;
PT-AU57;3421;ACTR-01900-112;3;R2 macho;PW Fabric;22,0;S7;P05;Alma;NO;4,4;4,41;
PT-AU57;3421;ACTR-01900-112;3;R2 macho;PW Fabric;22,0;S7;P06;Alma;NO;4,4;4,48;
PT-AU57;3421;ACTR-01900-112;3;R2 macho;PW Fabric;22,0;S7;P07;Alma;NO;4,4;4,43;
PT-AU57;3421;ACTR-01900-112;3;R2 macho;PW Fabric;22,0;S7;P08;Radio;NO;4,4;4,64;
PT-AU57;3421;ACTR-01900-112;3;R2 macho;PW Fabric;22,0;S7;P09;Faldilla;NO;4,4;4,41;
PT-AU57;3421;ACTR-01900-112;3;R2 macho;PW Fabric;22,0;S7;P10;Faldilla;NO;4,4;4,38;
PT-AU57;3421;ACTR-01900-112;3;R2 macho;PW Fabric;22,0;S7;P11;Faldilla;NO;4,4;4,43;
PT-AU57;3421;ACTR-01900-110;3;R2 macho;PW Fabric;14,0;S1;P01;Faldilla;NO;2,8;2,76;
PT-AU57;3421;ACTR-01900-110;3;R2 macho;PW Fabric;14,0;S1;P02;Faldilla;NO;2,8;2,82;
PT-AU57;3421;ACTR-01900-110;3;R2 macho;PW Fabric;14,0;S1;P03;Faldilla;NO;2,8;2,81;
PT-AU57;3421;ACTR-01900-110;3;R2 macho;PW Fabric;14,0;S1;P04;Radio;NO;2,8;3,08;
PT-AU57;3421;ACTR-01900-110;3;R2 macho;PW Fabric;14,0;S1;P05;Alma;NO;2,8;2,75;
PT-AU57;3421;ACTR-01900-110;3;R2 macho;PW Fabric;14,0;S1;P06;Alma;NO;2,8;2,79;
PT-AU57;3421;ACTR-01900-110;3;R2 macho;PW Fabric;14,0;S1;P07;Alma;NO;2,8;2,78;
PT-AU57;3421;ACTR-01900-110;3;R2 macho;PW Fabric;14,0;S1;P08;Radio;NO;2,8;3,5;
PT-AU57;3421;ACTR-01900-110;3;R2 macho;PW Fabric;14,0;S1;P09;Faldilla;NO;2,8;2,73;
PT-AU57;3421;ACTR-01900-110;3;R2 macho;PW Fabric;14,0;S1;P10;Faldilla;NO;2,8;2,77;
PT-AU57;3421;ACTR-01900-110;3;R2 macho;PW Fabric;14,0;S1;P11;Faldilla;NO;2,8;2,77;
PT-AU57;3421;ACTR-01900-110;3;R2 macho;PW Fabric;14,0;S2;P01;Faldilla;NO;2,8;2,83;
PT-AU57;3421;ACTR-01900-110;3;R2 macho;PW Fabric;14,0;S2;P02;Faldilla;NO;2,8;2,84;
PT-AU57;3421;ACTR-01900-110;3;R2 macho;PW Fabric;14,0;S2;P03;Faldilla;NO;2,8;2,81;
PT-AU57;3421;ACTR-01900-110;3;R2 macho;PW Fabric;14,0;S2;P04;Radio;NO;2,8;3,02;
PT-AU57;3421;ACTR-01900-110;3;R2 macho;PW Fabric;14,0;S2;P05;Alma;NO;2,8;2,74;
PT-AU57;3421;ACTR-01900-110;3;R2 macho;PW Fabric;14,0;S2;P06;Alma;NO;2,8;2,76;
PT-AU57;3421;ACTR-01900-110;3;R2 macho;PW Fabric;14,0;S2;P07;Alma;NO;2,8;2,75;
PT-AU57;3421;ACTR-01900-110;3;R2 macho;PW Fabric;14,0;S2;P08;Radio;NO;2,8;3,62;
PT-AU57;3421;ACTR-01900-110;3;R2 macho;PW Fabric;14,0;S2;P09;Faldilla;NO;2,8;2,77;
PT-AU57;3421;ACTR-01900-110;3;R2 macho;PW Fabric;14,0;S2;P10;Faldilla;NO;2,8;2,82;
PT-AU57;3421;ACTR-01900-110;3;R2 macho;PW Fabric;14,0;S2;P11;Faldilla;NO;2,8;2,77;
PT-AU57;3421;ACTR-01900-110;3;R2 macho;PW Fabric;14,0;S3;P01;Faldilla;NO;2,8;2,74;
PT-AU57;3421;ACTR-01900-110;3;R2 macho;PW Fabric;14,0;S3;P02;Faldilla;NO;2,8;2,87;
PT-AU57;3421;ACTR-01900-110;3;R2 macho;PW Fabric;14,0;S3;P03;Faldilla;NO;2,8;2,77;
PT-AU57;3421;ACTR-01900-110;3;R2 macho;PW Fabric;14,0;S3;P04;Radio;NO;2,8;3,06;
PT-AU57;3421;ACTR-01900-110;3;R2 macho;PW Fabric;14,0;S3;P05;Alma;NO;2,8;2,84;
PT-AU57;3421;ACTR-01900-110;3;R2 macho;PW Fabric;14,0;S3;P06;Alma;NO;2,8;2,83;
PT-AU57;3421;ACTR-01900-110;3;R2 macho;PW Fabric;14,0;S3;P07;Alma;NO;2,8;2,84;
PT-AU57;3421;ACTR-01900-110;3;R2 macho;PW Fabric;14,0;S3;P08;Radio;NO;2,8;3,12;
PT-AU57;3421;ACTR-01900-110;3;R2 macho;PW Fabric;14,0;S3;P09;Faldilla;NO;2,8;2,74;
PT-AU57;3421;ACTR-01900-110;3;R2 macho;PW Fabric;14,0;S3;P10;Faldilla;NO;2,8;2,79;
PT-AU57;3421;ACTR-01900-110;3;R2 macho;PW Fabric;14,0;S3;P11;Faldilla;NO;2,8;2,9;
PT-AU57;3421;ACTR-01900-110;3;R2 macho;PW Fabric;14,0;S4;P01;Faldilla;NO;2,8;2,73;
PT-AU57;3421;ACTR-01900-110;3;R2 macho;PW Fabric;14,0;S4;P02;Faldilla;NO;2,8;2,82;
PT-AU57;3421;ACTR-01900-110;3;R2 macho;PW Fabric;14,0;S4;P03;Faldilla;NO;2,8;2,77;
PT-AU57;3421;ACTR-01900-110;3;R2 macho;PW Fabric;14,0;S4;P04;Radio;NO;2,8;2,94;
PT-AU57;3421;ACTR-01900-110;3;R2 macho;PW Fabric;14,0;S4;P05;Alma;NO;2,8;2,8;
PT-AU57;3421;ACTR-01900-110;3;R2 macho;PW Fabric;14,0;S4;P06;Alma;NO;2,8;2,84;
PT-AU57;3421;ACTR-01900-110;3;R2 macho;PW Fabric;14,0;S4;P07;Alma;NO;2,8;2,84;
PT-AU57;3421;ACTR-01900-110;3;R2 macho;PW Fabric;14,0;S4;P08;Radio;NO;2,8;3,0;
PT-AU57;3421;ACTR-01900-110;3;R2 macho;PW Fabric;14,0;S4;P09;Faldilla;NO;2,8;2,86;
PT-AU57;3421;ACTR-01900-110;3;R2 macho;PW Fabric;14,0;S4;P10;Faldilla;NO;2,8;2,86;
PT-AU57;3421;ACTR-01900-110;3;R2 macho;PW Fabric;14,0;S4;P11;Faldilla;NO;2,8;2,84;
PT-AU57;3421;ACTR-01900-110;3;R2 macho;PW Fabric;14,0;S5;P01;Faldilla;NO;2,8;2,81;
PT-AU57;3421;ACTR-01900-110;3;R2 macho;PW Fabric;14,0;S5;P02;Faldilla;NO;2,8;2,83;
PT-AU57;3421;ACTR-01900-110;3;R2 macho;PW Fabric;14,0;S5;P03;Faldilla;NO;2,8;2,84;
PT-AU57;3421;ACTR-01900-110;3;R2 macho;PW Fabric;14,0;S5;P04;Radio;NO;2,8;2,96;
PT-AU57;3421;ACTR-01900-110;3;R2 macho;PW Fabric;14,0;S5;P05;Alma;NO;2,8;2,82;
PT-AU57;3421;ACTR-01900-110;3;R2 macho;PW Fabric;14,0;S5;P06;Alma;NO;2,8;2,84;
PT-AU57;3421;ACTR-01900-110;3;R2 macho;PW Fabric;14,0;S5;P07;Alma;NO;2,8;2,84;
PT-AU57;3421;ACTR-01900-110;3;R2 macho;PW Fabric;14,0;S5;P08;Radio;NO;2,8;3,02;
PT-AU57;3421;ACTR-01900-110;3;R2 macho;PW Fabric;14,0;S5;P09;Faldilla;NO;2,8;2,84;
PT-AU57;3421;ACTR-01900-110;3;R2 macho;PW Fabric;14,0;S5;P10;Faldilla;NO;2,8;2,77;
PT-AU57;3421;ACTR-01900-110;3;R2 macho;PW Fabric;14,0;S5;P11;Faldilla;NO;2,8;2,83;
PT-AU57;3421;ACTR-01900-110;3;R2 macho;PW Fabric;14,0;S6;P01;Faldilla;NO;2,8;2,78;
PT-AU57;3421;ACTR-01900-110;3;R2 macho;PW Fabric;14,0;S6;P02;Faldilla;NO;2,8;2,76;
PT-AU57;3421;ACTR-01900-110;3;R2 macho;PW Fabric;14,0;S6;P03;Faldilla;NO;2,8;2,81;
PT-AU57;3421;ACTR-01900-110;3;R2 macho;PW Fabric;14,0;S6;P04;Radio;NO;2,8;3,12;
PT-AU57;3421;ACTR-01900-110;3;R2 macho;PW Fabric;14,0;S6;P05;Alma;NO;2,8;2,76;
PT-AU57;3421;ACTR-01900-110;3;R2 macho;PW Fabric;14,0;S6;P06;Alma;NO;2,8;2,87;
PT-AU57;3421;ACTR-01900-110;3;R2 macho;PW Fabric;14,0;S6;P07;Alma;NO;2,8;2,79;
PT-AU57;3421;ACTR-01900-110;3;R2 macho;PW Fabric;14,0;S6;P08;Radio;NO;2,8;3,01;
PT-AU57;3421;ACTR-01900-110;3;R2 macho;PW Fabric;14,0;S6;P09;Faldilla;NO;2,8;2,76;
PT-AU57;3421;ACTR-01900-110;3;R2 macho;PW Fabric;14,0;S6;P10;Faldilla;NO;2,8;2,8;
PT-AU57;3421;ACTR-01900-110;3;R2 macho;PW Fabric;14,0;S6;P11;Faldilla;NO;2,8;2,81;
PT-AU57;3421;ACTR-01900-110;3;R2 macho;PW Fabric;14,0;S7;P01;Faldilla;NO;2,8;2,78;
PT-AU57;3421;ACTR-01900-110;3;R2 macho;PW Fabric;14,0;S7;P02;Faldilla;NO;2,8;2,8;
PT-AU57;3421;ACTR-01900-110;3;R2 macho;PW Fabric;14,0;S7;P03;Faldilla;NO;2,8;2,83;
PT-AU57;3421;ACTR-01900-110;3;R2 macho;PW Fabric;14,0;S7;P04;Radio;NO;2,8;3,24;
PT-AU57;3421;ACTR-01900-110;3;R2 macho;PW Fabric;14,0;S7;P05;Alma;NO;2,8;2,73;
PT-AU57;3421;ACTR-01900-110;3;R2 macho;PW Fabric;14,0;S7;P06;Alma;NO;2,8;2,82;
PT-AU57;3421;ACTR-01900-110;3;R2 macho;PW Fabric;14,0;S7;P07;Alma;NO;2,8;2,81;
PT-AU57;3421;ACTR-01900-110;3;R2 macho;PW Fabric;14,0;S7;P08;Radio;NO;2,8;3,13;
PT-AU57;3421;ACTR-01900-110;3;R2 macho;PW Fabric;14,0;S7;P09;Faldilla;NO;2,8;2,8;
PT-AU57;3421;ACTR-01900-110;3;R2 macho;PW Fabric;14,0;S7;P10;Faldilla;NO;2,8;2,81;
PT-AU57;3421;ACTR-01900-110;3;R2 macho;PW Fabric;14,0;S7;P11;Faldilla;NO;2,8;2,77;
PT-AU57;3421;ACTR-01900-110;2;R2 macho;PW Fabric;14,0;S1;P01;Faldilla;NO;2,8;2,78;
PT-AU57;3421;ACTR-01900-110;2;R2 macho;PW Fabric;14,0;S1;P02;Faldilla;NO;2,8;2,82;
PT-AU57;3421;ACTR-01900-110;2;R2 macho;PW Fabric;14,0;S1;P03;Faldilla;NO;2,8;2,84;
PT-AU57;3421;ACTR-01900-110;2;R2 macho;PW Fabric;14,0;S1;P04;Radio;NO;2,8;3,01;
PT-AU57;3421;ACTR-01900-110;2;R2 macho;PW Fabric;14,0;S1;P05;Alma;NO;2,8;2,79;
PT-AU57;3421;ACTR-01900-110;2;R2 macho;PW Fabric;14,0;S1;P06;Alma;NO;2,8;2,87;
PT-AU57;3421;ACTR-01900-110;2;R2 macho;PW Fabric;14,0;S1;P07;Alma;NO;2,8;2,81;
PT-AU57;3421;ACTR-01900-110;2;R2 macho;PW Fabric;14,0;S1;P08;Radio;NO;2,8;3,3;
PT-AU57;3421;ACTR-01900-110;2;R2 macho;PW Fabric;14,0;S1;P09;Faldilla;NO;2,8;2,81;
PT-AU57;3421;ACTR-01900-110;2;R2 macho;PW Fabric;14,0;S1;P10;Faldilla;NO;2,8;2,77;
PT-AU57;3421;ACTR-01900-110;2;R2 macho;PW Fabric;14,0;S1;P11;Faldilla;NO;2,8;2,76;
PT-AU57;3421;ACTR-01900-110;2;R2 macho;PW Fabric;14,0;S2;P01;Faldilla;NO;2,8;2,82;
PT-AU57;3421;ACTR-01900-110;2;R2 macho;PW Fabric;14,0;S2;P02;Faldilla;NO;2,8;2,84;
PT-AU57;3421;ACTR-01900-110;2;R2 macho;PW Fabric;14,0;S2;P03;Faldilla;NO;2,8;2,86;
PT-AU57;3421;ACTR-01900-110;2;R2 macho;PW Fabric;14,0;S2;P04;Radio;NO;2,8;3,05;
PT-AU57;3421;ACTR-01900-110;2;R2 macho;PW Fabric;14,0;S2;P05;Alma;NO;2,8;2,86;
PT-AU57;3421;ACTR-01900-110;2;R2 macho;PW Fabric;14,0;S2;P06;Alma;NO;2,8;2,78;
PT-AU57;3421;ACTR-01900-110;2;R2 macho;PW Fabric;14,0;S2;P07;Alma;NO;2,8;2,77;
PT-AU57;3421;ACTR-01900-110;2;R2 macho;PW Fabric;14,0;S2;P08;Radio;NO;2,8;3,13;
PT-AU57;3421;ACTR-01900-110;2;R2 macho;PW Fabric;14,0;S2;P09;Faldilla;NO;2,8;2,77;
PT-AU57;3421;ACTR-01900-110;2;R2 macho;PW Fabric;14,0;S2;P10;Faldilla;NO;2,8;2,85;
PT-AU57;3421;ACTR-01900-110;2;R2 macho;PW Fabric;14,0;S2;P11;Faldilla;NO;2,8;2,78;
PT-AU57;3421;ACTR-01900-110;2;R2 macho;PW Fabric;14,0;S3;P01;Faldilla;NO;2,8;2,91;
PT-AU57;3421;ACTR-01900-110;2;R2 macho;PW Fabric;14,0;S3;P02;Faldilla;NO;2,8;2,81;
PT-AU57;3421;ACTR-01900-110;2;R2 macho;PW Fabric;14,0;S3;P03;Faldilla;NO;2,8;2,83;
PT-AU57;3421;ACTR-01900-110;2;R2 macho;PW Fabric;14,0;S3;P04;Radio;NO;2,8;3,18;
PT-AU57;3421;ACTR-01900-110;2;R2 macho;PW Fabric;14,0;S3;P05;Alma;NO;2,8;2,78;
PT-AU57;3421;ACTR-01900-110;2;R2 macho;PW Fabric;14,0;S3;P06;Alma;NO;2,8;2,86;
PT-AU57;3421;ACTR-01900-110;2;R2 macho;PW Fabric;14,0;S3;P07;Alma;NO;2,8;2,82;
PT-AU57;3421;ACTR-01900-110;2;R2 macho;PW Fabric;14,0;S3;P08;Radio;NO;2,8;3,0;
PT-AU57;3421;ACTR-01900-110;2;R2 macho;PW Fabric;14,0;S3;P09;Faldilla;NO;2,8;2,87;
PT-AU57;3421;ACTR-01900-110;2;R2 macho;PW Fabric;14,0;S3;P10;Faldilla;NO;2,8;2,79;
PT-AU57;3421;ACTR-01900-110;2;R2 macho;PW Fabric;14,0;S3;P11;Faldilla;NO;2,8;2,78;
PT-AU57;3421;ACTR-01900-110;2;R2 macho;PW Fabric;14,0;S4;P01;Faldilla;NO;2,8;2,78;
PT-AU57;3421;ACTR-01900-110;2;R2 macho;PW Fabric;14,0;S4;P02;Faldilla;NO;2,8;2,81;
PT-AU57;3421;ACTR-01900-110;2;R2 macho;PW Fabric;14,0;S4;P03;Faldilla;NO;2,8;2,82;
PT-AU57;3421;ACTR-01900-110;2;R2 macho;PW Fabric;14,0;S4;P04;Radio;NO;2,8;3,1;
PT-AU57;3421;ACTR-01900-110;2;R2 macho;PW Fabric;14,0;S4;P05;Alma;NO;2,8;2,78;
PT-AU57;3421;ACTR-01900-110;2;R2 macho;PW Fabric;14,0;S4;P06;Alma;NO;2,8;2,84;
PT-AU57;3421;ACTR-01900-110;2;R2 macho;PW Fabric;14,0;S4;P07;Alma;NO;2,8;2,8;
PT-AU57;3421;ACTR-01900-110;2;R2 macho;PW Fabric;14,0;S4;P08;Radio;NO;2,8;3,02;
PT-AU57;3421;ACTR-01900-110;2;R2 macho;PW Fabric;14,0;S4;P09;Faldilla;NO;2,8;2,81;
PT-AU57;3421;ACTR-01900-110;2;R2 macho;PW Fabric;14,0;S4;P10;Faldilla;NO;2,8;2,79;
PT-AU57;3421;ACTR-01900-110;2;R2 macho;PW Fabric;14,0;S4;P11;Faldilla;NO;2,8;2,84;
PT-AU57;3421;ACTR-01900-110;2;R2 macho;PW Fabric;14,0;S5;P01;Faldilla;NO;2,8;2,8;
PT-AU57;3421;ACTR-01900-110;2;R2 macho;PW Fabric;14,0;S5;P02;Faldilla;NO;2,8;2,86;
PT-AU57;3421;ACTR-01900-110;2;R2 macho;PW Fabric;14,0;S5;P03;Faldilla;NO;2,8;2,83;
PT-AU57;3421;ACTR-01900-110;2;R2 macho;PW Fabric;14,0;S5;P04;Radio;NO;2,8;3,14;
PT-AU57;3421;ACTR-01900-110;2;R2 macho;PW Fabric;14,0;S5;P05;Alma;NO;2,8;2,82;
PT-AU57;3421;ACTR-01900-110;2;R2 macho;PW Fabric;14,0;S5;P06;Alma;NO;2,8;2,88;
PT-AU57;3421;ACTR-01900-110;2;R2 macho;PW Fabric;14,0;S5;P07;Alma;NO;2,8;2,78;
PT-AU57;3421;ACTR-01900-110;2;R2 macho;PW Fabric;14,0;S5;P08;Radio;NO;2,8;3,12;
PT-AU57;3421;ACTR-01900-110;2;R2 macho;PW Fabric;14,0;S5;P09;Faldilla;NO;2,8;2,86;
PT-AU57;3421;ACTR-01900-110;2;R2 macho;PW Fabric;14,0;S5;P10;Faldilla;NO;2,8;2,89;
PT-AU57;3421;ACTR-01900-110;2;R2 macho;PW Fabric;14,0;S5;P11;Faldilla;NO;2,8;2,83;
PT-AU57;3421;ACTR-01900-110;2;R2 macho;PW Fabric;14,0;S6;P01;Faldilla;NO;2,8;2,86;
PT-AU57;3421;ACTR-01900-110;2;R2 macho;PW Fabric;14,0;S6;P02;Faldilla;NO;2,8;2,8;
PT-AU57;3421;ACTR-01900-110;2;R2 macho;PW Fabric;14,0;S6;P03;Faldilla;NO;2,8;2,81;
PT-AU57;3421;ACTR-01900-110;2;R2 macho;PW Fabric;14,0;S6;P04;Radio;NO;2,8;3,08;
PT-AU57;3421;ACTR-01900-110;2;R2 macho;PW Fabric;14,0;S6;P05;Alma;NO;2,8;2,81;
PT-AU57;3421;ACTR-01900-110;2;R2 macho;PW Fabric;14,0;S6;P06;Alma;NO;2,8;2,8;
PT-AU57;3421;ACTR-01900-110;2;R2 macho;PW Fabric;14,0;S6;P07;Alma;NO;2,8;2,81;
PT-AU57;3421;ACTR-01900-110;2;R2 macho;PW Fabric;14,0;S6;P08;Radio;NO;2,8;3,16;
PT-AU57;3421;ACTR-01900-110;2;R2 macho;PW Fabric;14,0;S6;P09;Faldilla;NO;2,8;2,82;
PT-AU57;3421;ACTR-01900-110;2;R2 macho;PW Fabric;14,0;S6;P10;Faldilla;NO;2,8;2,86;
PT-AU57;3421;ACTR-01900-110;2;R2 macho;PW Fabric;14,0;S6;P11;Faldilla;NO;2,8;2,78;
PT-AU57;3421;ACTR-01900-110;2;R2 macho;PW Fabric;14,0;S7;P01;Faldilla;NO;2,8;2,78;
PT-AU57;3421;ACTR-01900-110;2;R2 macho;PW Fabric;14,0;S7;P02;Faldilla;NO;2,8;2,85;
PT-AU57;3421;ACTR-01900-110;2;R2 macho;PW Fabric;14,0;S7;P03;Faldilla;NO;2,8;2,79;
PT-AU57;3421;ACTR-01900-110;2;R2 macho;PW Fabric;14,0;S7;P04;Radio;NO;2,8;3,06;
PT-AU57;3421;ACTR-01900-110;2;R2 macho;PW Fabric;14,0;S7;P05;Alma;NO;2,8;2,79;
PT-AU57;3421;ACTR-01900-110;2;R2 macho;PW Fabric;14,0;S7;P06;Alma;NO;2,8;2,84;
PT-AU57;3421;ACTR-01900-110;2;R2 macho;PW Fabric;14,0;S7;P07;Alma;NO;2,8;2,76;
PT-AU57;3421;ACTR-01900-110;2;R2 macho;PW Fabric;14,0;S7;P08;Radio;NO;2,8;3,17;
PT-AU57;3421;ACTR-01900-110;2;R2 macho;PW Fabric;14,0;S7;P09;Faldilla;NO;2,8;2,82;
PT-AU57;3421;ACTR-01900-110;2;R2 macho;PW Fabric;14,0;S7;P10;Faldilla;NO;2,8;2,83;
PT-AU57;3421;ACTR-01900-110;2;R2 macho;PW Fabric;14,0;S7;P11;Faldilla;NO;2,8;2,79;
PT-AU57;3421;ACTR-01900-108;1;R2 macho;PW Fabric;4,0;S1;P01;Faldilla;NO;0,8;0,79;
PT-AU57;3421;ACTR-01900-108;1;R2 macho;PW Fabric;4,0;S1;P02;Faldilla;NO;0,8;0,81;
PT-AU57;3421;ACTR-01900-108;1;R2 macho;PW Fabric;4,0;S1;P03;Faldilla;NO;0,8;0,83;
PT-AU57;3421;ACTR-01900-108;1;R2 macho;PW Fabric;4,0;S1;P04;Radio;NO;0,8;0,76;
PT-AU57;3421;ACTR-01900-108;1;R2 macho;PW Fabric;4,0;S1;P05;Alma;NO;0,8;0,81;
PT-AU57;3421;ACTR-01900-108;1;R2 macho;PW Fabric;4,0;S1;P06;Alma;NO;0,8;0,81;
PT-AU57;3421;ACTR-01900-108;1;R2 macho;PW Fabric;4,0;S1;P07;Alma;NO;0,8;0,8;
PT-AU57;3421;ACTR-01900-108;1;R2 macho;PW Fabric;4,0;S1;P08;Radio;NO;0,8;0,86;
PT-AU57;3421;ACTR-01900-108;1;R2 macho;PW Fabric;4,0;S1;P09;Faldilla;NO;0,8;0,73;
PT-AU57;3421;ACTR-01900-108;1;R2 macho;PW Fabric;4,0;S1;P10;Faldilla;NO;0,8;0,8;
PT-AU57;3421;ACTR-01900-108;1;R2 macho;PW Fabric;4,0;S1;P11;Faldilla;NO;0,8;0,73;
PT-AU57;3421;ACTR-01900-108;1;R2 macho;PW Fabric;4,0;S2;P01;Faldilla;NO;0,8;0,8;
PT-AU57;3421;ACTR-01900-108;1;R2 macho;PW Fabric;4,0;S2;P02;Faldilla;NO;0,8;0,83;
PT-AU57;3421;ACTR-01900-108;1;R2 macho;PW Fabric;4,0;S2;P03;Faldilla;NO;0,8;0,8;
PT-AU57;3421;ACTR-01900-108;1;R2 macho;PW Fabric;4,0;S2;P04;Radio;NO;0,8;0,85;
PT-AU57;3421;ACTR-01900-108;1;R2 macho;PW Fabric;4,0;S2;P05;Alma;NO;0,8;0,81;
PT-AU57;3421;ACTR-01900-108;1;R2 macho;PW Fabric;4,0;S2;P06;Alma;NO;0,8;0,85;
PT-AU57;3421;ACTR-01900-108;1;R2 macho;PW Fabric;4,0;S2;P07;Alma;NO;0,8;0,85;
PT-AU57;3421;ACTR-01900-108;1;R2 macho;PW Fabric;4,0;S2;P08;Radio;NO;0,8;0,75;
PT-AU57;3421;ACTR-01900-108;1;R2 macho;PW Fabric;4,0;S2;P09;Faldilla;NO;0,8;0,8;
PT-AU57;3421;ACTR-01900-108;1;R2 macho;PW Fabric;4,0;S2;P10;Faldilla;NO;0,8;0,82;
PT-AU57;3421;ACTR-01900-108;1;R2 macho;PW Fabric;4,0;S2;P11;Faldilla;NO;0,8;0,72;
PT-AU57;3421;ACTR-01900-108;1;R2 macho;PW Fabric;4,0;S3;P01;Faldilla;NO;0,8;0,78;
PT-AU57;3421;ACTR-01900-108;1;R2 macho;PW Fabric;4,0;S3;P02;Faldilla;NO;0,8;0,78;
PT-AU57;3421;ACTR-01900-108;1;R2 macho;PW Fabric;4,0;S3;P03;Faldilla;NO;0,8;0,89;
PT-AU57;3421;ACTR-01900-108;1;R2 macho;PW Fabric;4,0;S3;P04;Radio;NO;0,8;0,8;
PT-AU57;3421;ACTR-01900-108;1;R2 macho;PW Fabric;4,0;S3;P05;Alma;NO;0,8;0,78;
PT-AU57;3421;ACTR-01900-108;1;R2 macho;PW Fabric;4,0;S3;P06;Alma;NO;0,8;0,8;
PT-AU57;3421;ACTR-01900-108;1;R2 macho;PW Fabric;4,0;S3;P07;Alma;NO;0,8;0,78;
PT-AU57;3421;ACTR-01900-108;1;R2 macho;PW Fabric;4,0;S3;P08;Radio;NO;0,8;0,8;
PT-AU57;3421;ACTR-01900-108;1;R2 macho;PW Fabric;4,0;S3;P09;Faldilla;NO;0,8;0,85;
PT-AU57;3421;ACTR-01900-108;1;R2 macho;PW Fabric;4,0;S3;P10;Faldilla;NO;0,8;0,82;
PT-AU57;3421;ACTR-01900-108;1;R2 macho;PW Fabric;4,0;S3;P11;Faldilla;NO;0,8;0,74;
PT-AU57;3421;ACTR-01900-108;1;R2 macho;PW Fabric;4,0;S4;P01;Faldilla;NO;0,8;0,83;
PT-AU57;3421;ACTR-01900-108;1;R2 macho;PW Fabric;4,0;S4;P02;Faldilla;NO;0,8;0,81;
PT-AU57;3421;ACTR-01900-108;1;R2 macho;PW Fabric;4,0;S4;P03;Faldilla;NO;0,8;0,78;
PT-AU57;3421;ACTR-01900-108;1;R2 macho;PW Fabric;4,0;S4;P04;Radio;NO;0,8;0,82;
PT-AU57;3421;ACTR-01900-108;1;R2 macho;PW Fabric;4,0;S4;P05;Alma;NO;0,8;0,86;
PT-AU57;3421;ACTR-01900-108;1;R2 macho;PW Fabric;4,0;S4;P06;Alma;NO;0,8;0,82;
PT-AU57;3421;ACTR-01900-108;1;R2 macho;PW Fabric;4,0;S4;P07;Alma;NO;0,8;0,84;
PT-AU57;3421;ACTR-01900-108;1;R2 macho;PW Fabric;4,0;S4;P08;Radio;NO;0,8;0,86;
PT-AU57;3421;ACTR-01900-108;1;R2 macho;PW Fabric;4,0;S4;P09;Faldilla;NO;0,8;0,83;
PT-AU57;3421;ACTR-01900-108;1;R2 macho;PW Fabric;4,0;S4;P10;Faldilla;NO;0,8;0,84;
PT-AU57;3421;ACTR-01900-108;1;R2 macho;PW Fabric;4,0;S4;P11;Faldilla;NO;0,8;0,83;
PT-AU57;3421;ACTR-01900-108;1;R2 macho;PW Fabric;4,0;S5;P01;Faldilla;NO;0,8;0,77;
PT-AU57;3421;ACTR-01900-108;1;R2 macho;PW Fabric;4,0;S5;P02;Faldilla;NO;0,8;0,83;
PT-AU57;3421;ACTR-01900-108;1;R2 macho;PW Fabric;4,0;S5;P03;Faldilla;NO;0,8;0,81;
PT-AU57;3421;ACTR-01900-108;1;R2 macho;PW Fabric;4,0;S5;P04;Radio;NO;0,8;0,84;
PT-AU57;3421;ACTR-01900-108;1;R2 macho;PW Fabric;4,0;S5;P05;Alma;NO;0,8;0,8;
PT-AU57;3421;ACTR-01900-108;1;R2 macho;PW Fabric;4,0;S5;P06;Alma;NO;0,8;0,84;
PT-AU57;3421;ACTR-01900-108;1;R2 macho;PW Fabric;4,0;S5;P07;Alma;NO;0,8;0,82;
PT-AU57;3421;ACTR-01900-108;1;R2 macho;PW Fabric;4,0;S5;P08;Radio;NO;0,8;0,8;
PT-AU57;3421;ACTR-01900-108;1;R2 macho;PW Fabric;4,0;S5;P09;Faldilla;NO;0,8;0,75;
PT-AU57;3421;ACTR-01900-108;1;R2 macho;PW Fabric;4,0;S5;P10;Faldilla;NO;0,8;0,85;
PT-AU57;3421;ACTR-01900-108;1;R2 macho;PW Fabric;4,0;S5;P11;Faldilla;NO;0,8;0,85;
PT-AU57;3421;ACTR-01900-108;1;R2 macho;PW Fabric;4,0;S6;P01;Faldilla;NO;0,8;0,73;
PT-AU57;3421;ACTR-01900-108;1;R2 macho;PW Fabric;4,0;S6;P02;Faldilla;NO;0,8;0,78;
PT-AU57;3421;ACTR-01900-108;1;R2 macho;PW Fabric;4,0;S6;P03;Faldilla;NO;0,8;0,79;
PT-AU57;3421;ACTR-01900-108;1;R2 macho;PW Fabric;4,0;S6;P04;Radio;NO;0,8;0,81;
PT-AU57;3421;ACTR-01900-108;1;R2 macho;PW Fabric;4,0;S6;P05;Alma;NO;0,8;0,86;
PT-AU57;3421;ACTR-01900-108;1;R2 macho;PW Fabric;4,0;S6;P06;Alma;NO;0,8;0,82;
PT-AU57;3421;ACTR-01900-108;1;R2 macho;PW Fabric;4,0;S6;P07;Alma;NO;0,8;0,8;
PT-AU57;3421;ACTR-01900-108;1;R2 macho;PW Fabric;4,0;S6;P08;Radio;NO;0,8;0,84;
PT-AU57;3421;ACTR-01900-108;1;R2 macho;PW Fabric;4,0;S6;P09;Faldilla;NO;0,8;0,81;
PT-AU57;3421;ACTR-01900-108;1;R2 macho;PW Fabric;4,0;S6;P10;Faldilla;NO;0,8;0,85;
PT-AU57;3421;ACTR-01900-108;1;R2 macho;PW Fabric;4,0;S6;P11;Faldilla;NO;0,8;0,78;
PT-AU57;3421;ACTR-01900-108;1;R2 macho;PW Fabric;4,0;S7;P01;Faldilla;NO;0,8;0,79;
PT-AU57;3421;ACTR-01900-108;1;R2 macho;PW Fabric;4,0;S7;P02;Faldilla;NO;0,8;0,85;
PT-AU57;3421;ACTR-01900-108;1;R2 macho;PW Fabric;4,0;S7;P03;Faldilla;NO;0,8;0,78;
PT-AU57;3421;ACTR-01900-108;1;R2 macho;PW Fabric;4,0;S7;P04;Radio;NO;0,8;0,81;
PT-AU57;3421;ACTR-01900-108;1;R2 macho;PW Fabric;4,0;S7;P05;Alma;NO;0,8;0,85;
PT-AU57;3421;ACTR-01900-108;1;R2 macho;PW Fabric;4,0;S7;P06;Alma;NO;0,8;0,8;
PT-AU57;3421;ACTR-01900-108;1;R2 macho;PW Fabric;4,0;S7;P07;Alma;NO;0,8;0,83;
PT-AU57;3421;ACTR-01900-108;1;R2 macho;PW Fabric;4,0;S7;P08;Radio;NO;0,8;0,87;
PT-AU57;3421;ACTR-01900-108;1;R2 macho;PW Fabric;4,0;S7;P09;Faldilla;NO;0,8;0,78;
PT-AU57;3421;ACTR-01900-108;1;R2 macho;PW Fabric;4,0;S7;P10;Faldilla;NO;0,8;0,81;
PT-AU57;3421;ACTR-01900-108;1;R2 macho;PW Fabric;4,0;S7;P11;Faldilla;NO;0,8;0,8;
PT-AU88;11203;ACTR-01900-100;2;R2 macho;UD Tape;8,0;S1;P01;Faldilla;NO;1,152;1,21;
PT-AU88;11203;ACTR-01900-100;2;R2 macho;UD Tape;8,0;S1;P02;Faldilla;NO;1,152;1,19;
PT-AU88;11203;ACTR-01900-100;2;R2 macho;UD Tape;8,0;S1;P03;Faldilla;NO;1,152;1,2;
PT-AU88;11203;ACTR-01900-100;2;R2 macho;UD Tape;8,0;S1;P04;Radio;NO;1,152;1,2;
PT-AU88;11203;ACTR-01900-100;2;R2 macho;UD Tape;8,0;S1;P05;Alma;NO;1,152;1,2;
PT-AU88;11203;ACTR-01900-100;2;R2 macho;UD Tape;8,0;S1;P06;Alma;NO;1,152;1,21;
PT-AU88;11203;ACTR-01900-100;2;R2 macho;UD Tape;8,0;S1;P07;Alma;NO;1,152;1,25;
PT-AU88;11203;ACTR-01900-100;2;R2 macho;UD Tape;8,0;S1;P08;Radio;NO;1,152;1,17;
PT-AU88;11203;ACTR-01900-100;2;R2 macho;UD Tape;8,0;S1;P09;Faldilla;NO;1,152;1,21;
PT-AU88;11203;ACTR-01900-100;2;R2 macho;UD Tape;8,0;S1;P10;Faldilla;NO;1,152;1,2;
PT-AU88;11203;ACTR-01900-100;2;R2 macho;UD Tape;8,0;S1;P11;Faldilla;NO;1,152;1,18;
PT-AU88;11203;ACTR-01900-100;2;R2 macho;UD Tape;8,0;S2;P01;Faldilla;NO;1,152;1,21;
PT-AU88;11203;ACTR-01900-100;2;R2 macho;UD Tape;8,0;S2;P02;Faldilla;NO;1,152;1,2;
PT-AU88;11203;ACTR-01900-100;2;R2 macho;UD Tape;8,0;S2;P03;Faldilla;NO;1,152;1,23;
PT-AU88;11203;ACTR-01900-100;2;R2 macho;UD Tape;8,0;S2;P04;Radio;NO;1,152;1,19;
PT-AU88;11203;ACTR-01900-100;2;R2 macho;UD Tape;8,0;S2;P05;Alma;NO;1,152;1,2;
PT-AU88;11203;ACTR-01900-100;2;R2 macho;UD Tape;8,0;S2;P06;Alma;NO;1,152;1,2;
PT-AU88;11203;ACTR-01900-100;2;R2 macho;UD Tape;8,0;S2;P07;Alma;NO;1,152;1,23;
PT-AU88;11203;ACTR-01900-100;2;R2 macho;UD Tape;8,0;S2;P08;Radio;NO;1,152;1,25;
PT-AU88;11203;ACTR-01900-100;2;R2 macho;UD Tape;8,0;S2;P09;Faldilla;NO;1,152;1,23;
PT-AU88;11203;ACTR-01900-100;2;R2 macho;UD Tape;8,0;S2;P10;Faldilla;NO;1,152;1,2;
PT-AU88;11203;ACTR-01900-100;2;R2 macho;UD Tape;8,0;S2;P11;Faldilla;NO;1,152;1,22;
PT-AU88;11203;ACTR-01900-100;2;R2 macho;UD Tape;8,0;S3;P01;Faldilla;NO;1,152;1,2;
PT-AU88;11203;ACTR-01900-100;2;R2 macho;UD Tape;8,0;S3;P02;Faldilla;NO;1,152;1,2;
PT-AU88;11203;ACTR-01900-100;2;R2 macho;UD Tape;8,0;S3;P03;Faldilla;NO;1,152;1,22;
PT-AU88;11203;ACTR-01900-100;2;R2 macho;UD Tape;8,0;S3;P04;Radio;NO;1,152;1,24;
PT-AU88;11203;ACTR-01900-100;2;R2 macho;UD Tape;8,0;S3;P05;Alma;NO;1,152;1,18;
PT-AU88;11203;ACTR-01900-100;2;R2 macho;UD Tape;8,0;S3;P06;Alma;NO;1,152;1,2;
PT-AU88;11203;ACTR-01900-100;2;R2 macho;UD Tape;8,0;S3;P07;Alma;NO;1,152;1,26;
PT-AU88;11203;ACTR-01900-100;2;R2 macho;UD Tape;8,0;S3;P08;Radio;NO;1,152;1,24;
PT-AU88;11203;ACTR-01900-100;2;R2 macho;UD Tape;8,0;S3;P09;Faldilla;NO;1,152;1,19;
PT-AU88;11203;ACTR-01900-100;2;R2 macho;UD Tape;8,0;S3;P10;Faldilla;NO;1,152;1,23;
PT-AU88;11203;ACTR-01900-100;2;R2 macho;UD Tape;8,0;S3;P11;Faldilla;NO;1,152;1,24;
PT-AU88;11203;ACTR-01900-100;2;R2 macho;UD Tape;8,0;S4;P01;Faldilla;NO;1,152;1,2;
PT-AU88;11203;ACTR-01900-100;2;R2 macho;UD Tape;8,0;S4;P02;Faldilla;NO;1,152;1,22;
PT-AU88;11203;ACTR-01900-100;2;R2 macho;UD Tape;8,0;S4;P03;Faldilla;NO;1,152;1,23;
PT-AU88;11203;ACTR-01900-100;2;R2 macho;UD Tape;8,0;S4;P04;Radio;NO;1,152;1,22;
PT-AU88;11203;ACTR-01900-100;2;R2 macho;UD Tape;8,0;S4;P05;Alma;NO;1,152;1,2;
PT-AU88;11203;ACTR-01900-100;2;R2 macho;UD Tape;8,0;S4;P06;Alma;NO;1,152;1,24;
PT-AU88;11203;ACTR-01900-100;2;R2 macho;UD Tape;8,0;S4;P07;Alma;NO;1,152;1,24;
PT-AU88;11203;ACTR-01900-100;2;R2 macho;UD Tape;8,0;S4;P08;Radio;NO;1,152;1,22;
PT-AU88;11203;ACTR-01900-100;2;R2 macho;UD Tape;8,0;S4;P09;Faldilla;NO;1,152;1,19;
PT-AU88;11203;ACTR-01900-100;2;R2 macho;UD Tape;8,0;S4;P10;Faldilla;NO;1,152;1,2;
PT-AU88;11203;ACTR-01900-100;2;R2 macho;UD Tape;8,0;S4;P11;Faldilla;NO;1,152;1,21;
PT-AU88;11203;ACTR-01900-100;2;R2 macho;UD Tape;8,0;S5;P01;Faldilla;NO;1,152;1,21;
PT-AU88;11203;ACTR-01900-100;2;R2 macho;UD Tape;8,0;S5;P02;Faldilla;NO;1,152;1,2;
PT-AU88;11203;ACTR-01900-100;2;R2 macho;UD Tape;8,0;S5;P03;Faldilla;NO;1,152;1,24;
PT-AU88;11203;ACTR-01900-100;2;R2 macho;UD Tape;8,0;S5;P04;Radio;NO;1,152;1,24;
PT-AU88;11203;ACTR-01900-100;2;R2 macho;UD Tape;8,0;S5;P05;Alma;NO;1,152;1,24;
PT-AU88;11203;ACTR-01900-100;2;R2 macho;UD Tape;8,0;S5;P06;Alma;NO;1,152;1,2;
PT-AU88;11203;ACTR-01900-100;2;R2 macho;UD Tape;8,0;S5;P07;Alma;NO;1,152;1,18;
PT-AU88;11203;ACTR-01900-100;2;R2 macho;UD Tape;8,0;S5;P08;Radio;NO;1,152;1,24;
PT-AU88;11203;ACTR-01900-100;2;R2 macho;UD Tape;8,0;S5;P09;Faldilla;NO;1,152;1,21;
PT-AU88;11203;ACTR-01900-100;2;R2 macho;UD Tape;8,0;S5;P10;Faldilla;NO;1,152;1,22;
PT-AU88;11203;ACTR-01900-100;2;R2 macho;UD Tape;8,0;S5;P11;Faldilla;NO;1,152;1,22;
PT-AU88;11203;ACTR-01900-100;2;R2 macho;UD Tape;8,0;S6;P01;Faldilla;NO;1,152;1,2;
PT-AU88;11203;ACTR-01900-100;2;R2 macho;UD Tape;8,0;S6;P02;Faldilla;NO;1,152;1,19;
PT-AU88;11203;ACTR-01900-100;2;R2 macho;UD Tape;8,0;S6;P03;Faldilla;NO;1,152;1,21;
PT-AU88;11203;ACTR-01900-100;2;R2 macho;UD Tape;8,0;S6;P04;Radio;NO;1,152;1,2;
PT-AU88;11203;ACTR-01900-100;2;R2 macho;UD Tape;8,0;S6;P05;Alma;NO;1,152;1,21;
PT-AU88;11203;ACTR-01900-100;2;R2 macho;UD Tape;8,0;S6;P06;Alma;NO;1,152;1,22;
PT-AU88;11203;ACTR-01900-100;2;R2 macho;UD Tape;8,0;S6;P07;Alma;NO;1,152;1,21;
PT-AU88;11203;ACTR-01900-100;2;R2 macho;UD Tape;8,0;S6;P08;Radio;NO;1,152;1,19;
PT-AU88;11203;ACTR-01900-100;2;R2 macho;UD Tape;8,0;S6;P09;Faldilla;NO;1,152;1,19;
PT-AU88;11203;ACTR-01900-100;2;R2 macho;UD Tape;8,0;S6;P10;Faldilla;NO;1,152;1,19;
PT-AU88;11203;ACTR-01900-100;2;R2 macho;UD Tape;8,0;S6;P11;Faldilla;NO;1,152;1,21;
PT-AU88;11203;ACTR-01900-100;2;R2 macho;UD Tape;8,0;S7;P01;Faldilla;NO;1,152;1,18;
PT-AU88;11203;ACTR-01900-100;2;R2 macho;UD Tape;8,0;S7;P02;Faldilla;NO;1,152;1,22;
PT-AU88;11203;ACTR-01900-100;2;R2 macho;UD Tape;8,0;S7;P03;Faldilla;NO;1,152;1,21;
PT-AU88;11203;ACTR-01900-100;2;R2 macho;UD Tape;8,0;S7;P04;Radio;NO;1,152;1,21;
PT-AU88;11203;ACTR-01900-100;2;R2 macho;UD Tape;8,0;S7;P05;Alma;NO;1,152;1,21;
PT-AU88;11203;ACTR-01900-100;2;R2 macho;UD Tape;8,0;S7;P06;Alma;NO;1,152;1,21;
PT-AU88;11203;ACTR-01900-100;2;R2 macho;UD Tape;8,0;S7;P07;Alma;NO;1,152;1,2;
PT-AU88;11203;ACTR-01900-100;2;R2 macho;UD Tape;8,0;S7;P08;Radio;NO;1,152;1,12;
PT-AU88;11203;ACTR-01900-100;2;R2 macho;UD Tape;8,0;S7;P09;Faldilla;NO;1,152;1,24;
PT-AU88;11203;ACTR-01900-100;2;R2 macho;UD Tape;8,0;S7;P10;Faldilla;NO;1,152;1,17;
PT-AU88;11203;ACTR-01900-100;2;R2 macho;UD Tape;8,0;S7;P11;Faldilla;NO;1,152;1,19;
PT-AU57;3442;ACTR-01900-100;2;R2 macho;UD Tape;8,0;S1;P01;Faldilla;NO;1,152;1,12;
PT-AU57;3442;ACTR-01900-100;2;R2 macho;UD Tape;8,0;S1;P02;Faldilla;NO;1,152;1,13;
PT-AU57;3442;ACTR-01900-100;2;R2 macho;UD Tape;8,0;S1;P03;Faldilla;NO;1,152;1,17;
PT-AU57;3442;ACTR-01900-100;2;R2 macho;UD Tape;8,0;S1;P04;Radio;NO;1,152;1,1;
PT-AU57;3442;ACTR-01900-100;2;R2 macho;UD Tape;8,0;S1;P05;Alma;NO;1,152;1,21;
PT-AU57;3442;ACTR-01900-100;2;R2 macho;UD Tape;8,0;S1;P06;Alma;NO;1,152;1,17;
PT-AU57;3442;ACTR-01900-100;2;R2 macho;UD Tape;8,0;S1;P07;Alma;NO;1,152;1,12;
PT-AU57;3442;ACTR-01900-100;2;R2 macho;UD Tape;8,0;S1;P08;Radio;NO;1,152;1,08;
PT-AU57;3442;ACTR-01900-100;2;R2 macho;UD Tape;8,0;S1;P09;Faldilla;NO;1,152;1,15;
PT-AU57;3442;ACTR-01900-100;2;R2 macho;UD Tape;8,0;S1;P10;Faldilla;NO;1,152;1,16;
PT-AU57;3442;ACTR-01900-100;2;R2 macho;UD Tape;8,0;S1;P11;Faldilla;NO;1,152;1,13;
PT-AU57;3442;ACTR-01900-100;2;R2 macho;UD Tape;8,0;S2;P01;Faldilla;NO;1,152;1,07;
PT-AU57;3442;ACTR-01900-100;2;R2 macho;UD Tape;8,0;S2;P02;Faldilla;NO;1,152;1,1;
PT-AU57;3442;ACTR-01900-100;2;R2 macho;UD Tape;8,0;S2;P03;Faldilla;NO;1,152;1,1;
PT-AU57;3442;ACTR-01900-100;2;R2 macho;UD Tape;8,0;S2;P04;Radio;NO;1,152;1,12;
PT-AU57;3442;ACTR-01900-100;2;R2 macho;UD Tape;8,0;S2;P05;Alma;NO;1,152;1,15;
PT-AU57;3442;ACTR-01900-100;2;R2 macho;UD Tape;8,0;S2;P06;Alma;NO;1,152;1,16;
PT-AU57;3442;ACTR-01900-100;2;R2 macho;UD Tape;8,0;S2;P07;Alma;NO;1,152;1,14;
PT-AU57;3442;ACTR-01900-100;2;R2 macho;UD Tape;8,0;S2;P08;Radio;NO;1,152;1,1;
PT-AU57;3442;ACTR-01900-100;2;R2 macho;UD Tape;8,0;S2;P09;Faldilla;NO;1,152;1,16;
PT-AU57;3442;ACTR-01900-100;2;R2 macho;UD Tape;8,0;S2;P10;Faldilla;NO;1,152;1,18;
PT-AU57;3442;ACTR-01900-100;2;R2 macho;UD Tape;8,0;S2;P11;Faldilla;NO;1,152;1,1;
PT-AU57;3442;ACTR-01900-100;2;R2 macho;UD Tape;8,0;S3;P01;Faldilla;NO;1,152;1,07;
PT-AU57;3442;ACTR-01900-100;2;R2 macho;UD Tape;8,0;S3;P02;Faldilla;NO;1,152;1,13;
PT-AU57;3442;ACTR-01900-100;2;R2 macho;UD Tape;8,0;S3;P03;Faldilla;NO;1,152;1,14;
PT-AU57;3442;ACTR-01900-100;2;R2 macho;UD Tape;8,0;S3;P04;Radio;NO;1,152;1,16;
PT-AU57;3442;ACTR-01900-100;2;R2 macho;UD Tape;8,0;S3;P05;Alma;NO;1,152;1,16;
PT-AU57;3442;ACTR-01900-100;2;R2 macho;UD Tape;8,0;S3;P06;Alma;NO;1,152;1,18;
PT-AU57;3442;ACTR-01900-100;2;R2 macho;UD Tape;8,0;S3;P07;Alma;NO;1,152;1,18;
PT-AU57;3442;ACTR-01900-100;2;R2 macho;UD Tape;8,0;S3;P08;Radio;NO;1,152;1,14;
PT-AU57;3442;ACTR-01900-100;2;R2 macho;UD Tape;8,0;S3;P09;Faldilla;NO;1,152;1,19;
PT-AU57;3442;ACTR-01900-100;2;R2 macho;UD Tape;8,0;S3;P10;Faldilla;NO;1,152;1,13;
PT-AU57;3442;ACTR-01900-100;2;R2 macho;UD Tape;8,0;S3;P11;Faldilla;NO;1,152;1,12;
PT-AU57;3442;ACTR-01900-100;2;R2 macho;UD Tape;8,0;S4;P01;Faldilla;NO;1,152;1,09;
PT-AU57;3442;ACTR-01900-100;2;R2 macho;UD Tape;8,0;S4;P02;Faldilla;NO;1,152;1,15;
PT-AU57;3442;ACTR-01900-100;2;R2 macho;UD Tape;8,0;S4;P03;Faldilla;NO;1,152;1,13;
PT-AU57;3442;ACTR-01900-100;2;R2 macho;UD Tape;8,0;S4;P04;Radio;NO;1,152;1,16;
PT-AU57;3442;ACTR-01900-100;2;R2 macho;UD Tape;8,0;S4;P05;Alma;NO;1,152;1,14;
PT-AU57;3442;ACTR-01900-100;2;R2 macho;UD Tape;8,0;S4;P06;Alma;NO;1,152;1,16;
PT-AU57;3442;ACTR-01900-100;2;R2 macho;UD Tape;8,0;S4;P07;Alma;NO;1,152;1,18;
PT-AU57;3442;ACTR-01900-100;2;R2 macho;UD Tape;8,0;S4;P08;Radio;NO;1,152;1,14;
PT-AU57;3442;ACTR-01900-100;2;R2 macho;UD Tape;8,0;S4;P09;Faldilla;NO;1,152;1,17;
PT-AU57;3442;ACTR-01900-100;2;R2 macho;UD Tape;8,0;S4;P10;Faldilla;NO;1,152;1,15;
PT-AU57;3442;ACTR-01900-100;2;R2 macho;UD Tape;8,0;S4;P11;Faldilla;NO;1,152;1,14;
PT-AU57;3442;ACTR-01900-100;2;R2 macho;UD Tape;8,0;S5;P01;Faldilla;NO;1,152;1,14;
PT-AU57;3442;ACTR-01900-100;2;R2 macho;UD Tape;8,0;S5;P02;Faldilla;NO;1,152;1,14;
PT-AU57;3442;ACTR-01900-100;2;R2 macho;UD Tape;8,0;S5;P03;Faldilla;NO;1,152;1,14;
PT-AU57;3442;ACTR-01900-100;2;R2 macho;UD Tape;8,0;S5;P04;Radio;NO;1,152;1,18;
PT-AU57;3442;ACTR-01900-100;2;R2 macho;UD Tape;8,0;S5;P05;Alma;NO;1,152;1,16;
PT-AU57;3442;ACTR-01900-100;2;R2 macho;UD Tape;8,0;S5;P06;Alma;NO;1,152;1,18;
PT-AU57;3442;ACTR-01900-100;2;R2 macho;UD Tape;8,0;S5;P07;Alma;NO;1,152;1,18;
PT-AU57;3442;ACTR-01900-100;2;R2 macho;UD Tape;8,0;S5;P08;Radio;NO;1,152;1,16;
PT-AU57;3442;ACTR-01900-100;2;R2 macho;UD Tape;8,0;S5;P09;Faldilla;NO;1,152;1,18;
PT-AU57;3442;ACTR-01900-100;2;R2 macho;UD Tape;8,0;S5;P10;Faldilla;NO;1,152;1,17;
PT-AU57;3442;ACTR-01900-100;2;R2 macho;UD Tape;8,0;S5;P11;Faldilla;NO;1,152;1,08;
PT-AU57;3442;ACTR-01900-100;2;R2 macho;UD Tape;8,0;S6;P01;Faldilla;NO;1,152;1,09;
PT-AU57;3442;ACTR-01900-100;2;R2 macho;UD Tape;8,0;S6;P02;Faldilla;NO;1,152;1,13;
PT-AU57;3442;ACTR-01900-100;2;R2 macho;UD Tape;8,0;S6;P03;Faldilla;NO;1,152;1,14;
PT-AU57;3442;ACTR-01900-100;2;R2 macho;UD Tape;8,0;S6;P04;Radio;NO;1,152;1,11;
PT-AU57;3442;ACTR-01900-100;2;R2 macho;UD Tape;8,0;S6;P05;Alma;NO;1,152;1,15;
PT-AU57;3442;ACTR-01900-100;2;R2 macho;UD Tape;8,0;S6;P06;Alma;NO;1,152;1,14;
PT-AU57;3442;ACTR-01900-100;2;R2 macho;UD Tape;8,0;S6;P07;Alma;NO;1,152;1,15;
PT-AU57;3442;ACTR-01900-100;2;R2 macho;UD Tape;8,0;S6;P08;Radio;NO;1,152;1,1;
PT-AU57;3442;ACTR-01900-100;2;R2 macho;UD Tape;8,0;S6;P09;Faldilla;NO;1,152;1,16;
PT-AU57;3442;ACTR-01900-100;2;R2 macho;UD Tape;8,0;S6;P10;Faldilla;NO;1,152;1,15;
PT-AU57;3442;ACTR-01900-100;2;R2 macho;UD Tape;8,0;S6;P11;Faldilla;NO;1,152;1,1;
PT-AU57;3442;ACTR-01900-100;2;R2 macho;UD Tape;8,0;S7;P01;Faldilla;NO;1,152;1,11;
PT-AU57;3442;ACTR-01900-100;2;R2 macho;UD Tape;8,0;S7;P02;Faldilla;NO;1,152;1,11;
PT-AU57;3442;ACTR-01900-100;2;R2 macho;UD Tape;8,0;S7;P03;Faldilla;NO;1,152;1,14;
PT-AU57;3442;ACTR-01900-100;2;R2 macho;UD Tape;8,0;S7;P04;Radio;NO;1,152;1,04;
PT-AU57;3442;ACTR-01900-100;2;R2 macho;UD Tape;8,0;S7;P05;Alma;NO;1,152;1,18;
PT-AU57;3442;ACTR-01900-100;2;R2 macho;UD Tape;8,0;S7;P06;Alma;NO;1,152;1,17;
PT-AU57;3442;ACTR-01900-100;2;R2 macho;UD Tape;8,0;S7;P07;Alma;NO;1,152;1,12;
PT-AU57;3442;ACTR-01900-100;2;R2 macho;UD Tape;8,0;S7;P08;Radio;NO;1,152;1,09;
PT-AU57;3442;ACTR-01900-100;2;R2 macho;UD Tape;8,0;S7;P09;Faldilla;NO;1,152;1,16;
PT-AU57;3442;ACTR-01900-100;2;R2 macho;UD Tape;8,0;S7;P10;Faldilla;NO;1,152;1,12;
PT-AU57;3442;ACTR-01900-100;2;R2 macho;UD Tape;8,0;S7;P11;Faldilla;NO;1,152;1,13;
PT-AU57;3442;ACTR-01900-108;3;R2 macho;PW Fabric;4,0;S1;P01;Faldilla;NO;0,8;0,83;
PT-AU57;3442;ACTR-01900-108;3;R2 macho;PW Fabric;4,0;S1;P02;Faldilla;NO;0,8;0,81;
PT-AU57;3442;ACTR-01900-108;3;R2 macho;PW Fabric;4,0;S1;P03;Faldilla;NO;0,8;0,79;
PT-AU57;3442;ACTR-01900-108;3;R2 macho;PW Fabric;4,0;S1;P04;Radio;NO;0,8;0,81;
PT-AU57;3442;ACTR-01900-108;3;R2 macho;PW Fabric;4,0;S1;P05;Alma;NO;0,8;0,83;
PT-AU57;3442;ACTR-01900-108;3;R2 macho;PW Fabric;4,0;S1;P06;Alma;NO;0,8;0,87;
PT-AU57;3442;ACTR-01900-108;3;R2 macho;PW Fabric;4,0;S1;P07;Alma;NO;0,8;0,77;
PT-AU57;3442;ACTR-01900-108;3;R2 macho;PW Fabric;4,0;S1;P08;Radio;NO;0,8;0,82;
PT-AU57;3442;ACTR-01900-108;3;R2 macho;PW Fabric;4,0;S1;P09;Faldilla;NO;0,8;0,8;
PT-AU57;3442;ACTR-01900-108;3;R2 macho;PW Fabric;4,0;S1;P10;Faldilla;NO;0,8;0,8;
PT-AU57;3442;ACTR-01900-108;3;R2 macho;PW Fabric;4,0;S1;P11;Faldilla;NO;0,8;0,81;
PT-AU57;3442;ACTR-01900-108;3;R2 macho;PW Fabric;4,0;S2;P01;Faldilla;NO;0,8;0,72;
PT-AU57;3442;ACTR-01900-108;3;R2 macho;PW Fabric;4,0;S2;P02;Faldilla;NO;0,8;0,85;
PT-AU57;3442;ACTR-01900-108;3;R2 macho;PW Fabric;4,0;S2;P03;Faldilla;NO;0,8;0,81;
PT-AU57;3442;ACTR-01900-108;3;R2 macho;PW Fabric;4,0;S2;P04;Radio;NO;0,8;0,81;
PT-AU57;3442;ACTR-01900-108;3;R2 macho;PW Fabric;4,0;S2;P05;Alma;NO;0,8;0,84;
PT-AU57;3442;ACTR-01900-108;3;R2 macho;PW Fabric;4,0;S2;P06;Alma;NO;0,8;0,8;
PT-AU57;3442;ACTR-01900-108;3;R2 macho;PW Fabric;4,0;S2;P07;Alma;NO;0,8;0,83;
PT-AU57;3442;ACTR-01900-108;3;R2 macho;PW Fabric;4,0;S2;P08;Radio;NO;0,8;0,78;
PT-AU57;3442;ACTR-01900-108;3;R2 macho;PW Fabric;4,0;S2;P09;Faldilla;NO;0,8;0,78;
PT-AU57;3442;ACTR-01900-108;3;R2 macho;PW Fabric;4,0;S2;P10;Faldilla;NO;0,8;0,79;
PT-AU57;3442;ACTR-01900-108;3;R2 macho;PW Fabric;4,0;S2;P11;Faldilla;NO;0,8;0,8;
PT-AU57;3442;ACTR-01900-108;3;R2 macho;PW Fabric;4,0;S3;P01;Faldilla;NO;0,8;0,82;
PT-AU57;3442;ACTR-01900-108;3;R2 macho;PW Fabric;4,0;S3;P02;Faldilla;NO;0,8;0,85;
PT-AU57;3442;ACTR-01900-108;3;R2 macho;PW Fabric;4,0;S3;P03;Faldilla;NO;0,8;0,82;
PT-AU57;3442;ACTR-01900-108;3;R2 macho;PW Fabric;4,0;S3;P04;Radio;NO;0,8;0,86;
PT-AU57;3442;ACTR-01900-108;3;R2 macho;PW Fabric;4,0;S3;P05;Alma;NO;0,8;0,78;
PT-AU57;3442;ACTR-01900-108;3;R2 macho;PW Fabric;4,0;S3;P06;Alma;NO;0,8;0,86;
PT-AU57;3442;ACTR-01900-108;3;R2 macho;PW Fabric;4,0;S3;P07;Alma;NO;0,8;0,8;
PT-AU57;3442;ACTR-01900-108;3;R2 macho;PW Fabric;4,0;S3;P08;Radio;NO;0,8;0,82;
PT-AU57;3442;ACTR-01900-108;3;R2 macho;PW Fabric;4,0;S3;P09;Faldilla;NO;0,8;0,76;
PT-AU57;3442;ACTR-01900-108;3;R2 macho;PW Fabric;4,0;S3;P10;Faldilla;NO;0,8;0,76;
PT-AU57;3442;ACTR-01900-108;3;R2 macho;PW Fabric;4,0;S3;P11;Faldilla;NO;0,8;0,85;
PT-AU57;3442;ACTR-01900-108;3;R2 macho;PW Fabric;4,0;S4;P01;Faldilla;NO;0,8;0,75;
PT-AU57;3442;ACTR-01900-108;3;R2 macho;PW Fabric;4,0;S4;P02;Faldilla;NO;0,8;0,85;
PT-AU57;3442;ACTR-01900-108;3;R2 macho;PW Fabric;4,0;S4;P03;Faldilla;NO;0,8;0,8;
PT-AU57;3442;ACTR-01900-108;3;R2 macho;PW Fabric;4,0;S4;P04;Radio;NO;0,8;0,84;
PT-AU57;3442;ACTR-01900-108;3;R2 macho;PW Fabric;4,0;S4;P05;Alma;NO;0,8;0,82;
PT-AU57;3442;ACTR-01900-108;3;R2 macho;PW Fabric;4,0;S4;P06;Alma;NO;0,8;0,8;
PT-AU57;3442;ACTR-01900-108;3;R2 macho;PW Fabric;4,0;S4;P07;Alma;NO;0,8;0,84;
PT-AU57;3442;ACTR-01900-108;3;R2 macho;PW Fabric;4,0;S4;P08;Radio;NO;0,8;0,86;
PT-AU57;3442;ACTR-01900-108;3;R2 macho;PW Fabric;4,0;S4;P09;Faldilla;NO;0,8;0,86;
PT-AU57;3442;ACTR-01900-108;3;R2 macho;PW Fabric;4,0;S4;P10;Faldilla;NO;0,8;0,83;
PT-AU57;3442;ACTR-01900-108;3;R2 macho;PW Fabric;4,0;S4;P11;Faldilla;NO;0,8;0,82;
PT-AU57;3442;ACTR-01900-108;3;R2 macho;PW Fabric;4,0;S5;P01;Faldilla;NO;0,8;0,75;
PT-AU57;3442;ACTR-01900-108;3;R2 macho;PW Fabric;4,0;S5;P02;Faldilla;NO;0,8;0,8;
PT-AU57;3442;ACTR-01900-108;3;R2 macho;PW Fabric;4,0;S5;P03;Faldilla;NO;0,8;0,86;
PT-AU57;3442;ACTR-01900-108;3;R2 macho;PW Fabric;4,0;S5;P04;Radio;NO;0,8;0,8;
PT-AU57;3442;ACTR-01900-108;3;R2 macho;PW Fabric;4,0;S5;P05;Alma;NO;0,8;0,8;
PT-AU57;3442;ACTR-01900-108;3;R2 macho;PW Fabric;4,0;S5;P06;Alma;NO;0,8;0,8;
PT-AU57;3442;ACTR-01900-108;3;R2 macho;PW Fabric;4,0;S5;P07;Alma;NO;0,8;0,78;
PT-AU57;3442;ACTR-01900-108;3;R2 macho;PW Fabric;4,0;S5;P08;Radio;NO;0,8;0,84;
PT-AU57;3442;ACTR-01900-108;3;R2 macho;PW Fabric;4,0;S5;P09;Faldilla;NO;0,8;0,82;
PT-AU57;3442;ACTR-01900-108;3;R2 macho;PW Fabric;4,0;S5;P10;Faldilla;NO;0,8;0,83;
PT-AU57;3442;ACTR-01900-108;3;R2 macho;PW Fabric;4,0;S5;P11;Faldilla;NO;0,8;0,77;
PT-AU57;3442;ACTR-01900-108;3;R2 macho;PW Fabric;4,0;S6;P01;Faldilla;NO;0,8;0,8;
PT-AU57;3442;ACTR-01900-108;3;R2 macho;PW Fabric;4,0;S6;P02;Faldilla;NO;0,8;0,81;
PT-AU57;3442;ACTR-01900-108;3;R2 macho;PW Fabric;4,0;S6;P03;Faldilla;NO;0,8;0,8;
PT-AU57;3442;ACTR-01900-108;3;R2 macho;PW Fabric;4,0;S6;P04;Radio;NO;0,8;0,75;
PT-AU57;3442;ACTR-01900-108;3;R2 macho;PW Fabric;4,0;S6;P05;Alma;NO;0,8;0,82;
PT-AU57;3442;ACTR-01900-108;3;R2 macho;PW Fabric;4,0;S6;P06;Alma;NO;0,8;0,84;
PT-AU57;3442;ACTR-01900-108;3;R2 macho;PW Fabric;4,0;S6;P07;Alma;NO;0,8;0,77;
PT-AU57;3442;ACTR-01900-108;3;R2 macho;PW Fabric;4,0;S6;P08;Radio;NO;0,8;0,75;
PT-AU57;3442;ACTR-01900-108;3;R2 macho;PW Fabric;4,0;S6;P09;Faldilla;NO;0,8;0,79;
PT-AU57;3442;ACTR-01900-108;3;R2 macho;PW Fabric;4,0;S6;P10;Faldilla;NO;0,8;0,82;
PT-AU57;3442;ACTR-01900-108;3;R2 macho;PW Fabric;4,0;S6;P11;Faldilla;NO;0,8;0,77;
PT-AU57;3442;ACTR-01900-108;3;R2 macho;PW Fabric;4,0;S7;P01;Faldilla;NO;0,8;0,82;
PT-AU57;3442;ACTR-01900-108;3;R2 macho;PW Fabric;4,0;S7;P02;Faldilla;NO;0,8;0,78;
PT-AU57;3442;ACTR-01900-108;3;R2 macho;PW Fabric;4,0;S7;P03;Faldilla;NO;0,8;0,84;
PT-AU57;3442;ACTR-01900-108;3;R2 macho;PW Fabric;4,0;S7;P04;Radio;NO;0,8;0,78;
PT-AU57;3442;ACTR-01900-108;3;R2 macho;PW Fabric;4,0;S7;P05;Alma;NO;0,8;0,79;
PT-AU57;3442;ACTR-01900-108;3;R2 macho;PW Fabric;4,0;S7;P06;Alma;NO;0,8;0,81;
PT-AU57;3442;ACTR-01900-108;3;R2 macho;PW Fabric;4,0;S7;P07;Alma;NO;0,8;0,84;
PT-AU57;3442;ACTR-01900-108;3;R2 macho;PW Fabric;4,0;S7;P08;Radio;NO;0,8;0,81;
PT-AU57;3442;ACTR-01900-108;3;R2 macho;PW Fabric;4,0;S7;P09;Faldilla;NO;0,8;0,77;
PT-AU57;3442;ACTR-01900-108;3;R2 macho;PW Fabric;4,0;S7;P10;Faldilla;NO;0,8;0,8;
PT-AU57;3442;ACTR-01900-108;3;R2 macho;PW Fabric;4,0;S7;P11;Faldilla;NO;0,8;0,79;
PT-AU57;3442;ACTR-01900-112;1;R2 macho;PW Fabric;22,0;S1;P01;Faldilla;NO;4,4;4,45;
PT-AU57;3442;ACTR-01900-112;1;R2 macho;PW Fabric;22,0;S1;P02;Faldilla;NO;4,4;4,45;
PT-AU57;3442;ACTR-01900-112;1;R2 macho;PW Fabric;22,0;S1;P03;Faldilla;NO;4,4;4,35;
PT-AU57;3442;ACTR-01900-112;1;R2 macho;PW Fabric;22,0;S1;P04;Radio;NO;4,4;4,61;
PT-AU57;3442;ACTR-01900-112;1;R2 macho;PW Fabric;22,0;S1;P05;Alma;NO;4,4;4,37;
PT-AU57;3442;ACTR-01900-112;1;R2 macho;PW Fabric;22,0;S1;P06;Alma;NO;4,4;4,38;
PT-AU57;3442;ACTR-01900-112;1;R2 macho;PW Fabric;22,0;S1;P07;Alma;NO;4,4;4,43;
PT-AU57;3442;ACTR-01900-112;1;R2 macho;PW Fabric;22,0;S1;P08;Radio;NO;4,4;4,55;
PT-AU57;3442;ACTR-01900-112;1;R2 macho;PW Fabric;22,0;S1;P09;Faldilla;NO;4,4;4,49;
PT-AU57;3442;ACTR-01900-112;1;R2 macho;PW Fabric;22,0;S1;P10;Faldilla;NO;4,4;4,4;
PT-AU57;3442;ACTR-01900-112;1;R2 macho;PW Fabric;22,0;S1;P11;Faldilla;NO;4,4;4,44;
PT-AU57;3442;ACTR-01900-112;1;R2 macho;PW Fabric;22,0;S2;P01;Faldilla;NO;4,4;4,39;
PT-AU57;3442;ACTR-01900-112;1;R2 macho;PW Fabric;22,0;S2;P02;Faldilla;NO;4,4;4,42;
PT-AU57;3442;ACTR-01900-112;1;R2 macho;PW Fabric;22,0;S2;P03;Faldilla;NO;4,4;4,4;
PT-AU57;3442;ACTR-01900-112;1;R2 macho;PW Fabric;22,0;S2;P04;Radio;NO;4,4;4,57;
PT-AU57;3442;ACTR-01900-112;1;R2 macho;PW Fabric;22,0;S2;P05;Alma;NO;4,4;4,38;
PT-AU57;3442;ACTR-01900-112;1;R2 macho;PW Fabric;22,0;S2;P06;Alma;NO;4,4;4,47;
PT-AU57;3442;ACTR-01900-112;1;R2 macho;PW Fabric;22,0;S2;P07;Alma;NO;4,4;4,49;
PT-AU57;3442;ACTR-01900-112;1;R2 macho;PW Fabric;22,0;S2;P08;Radio;NO;4,4;4,53;
PT-AU57;3442;ACTR-01900-112;1;R2 macho;PW Fabric;22,0;S2;P09;Faldilla;NO;4,4;4,45;
PT-AU57;3442;ACTR-01900-112;1;R2 macho;PW Fabric;22,0;S2;P10;Faldilla;NO;4,4;4,46;
PT-AU57;3442;ACTR-01900-112;1;R2 macho;PW Fabric;22,0;S2;P11;Faldilla;NO;4,4;4,41;
PT-AU57;3442;ACTR-01900-112;1;R2 macho;PW Fabric;22,0;S3;P01;Faldilla;NO;4,4;4,36;
PT-AU57;3442;ACTR-01900-112;1;R2 macho;PW Fabric;22,0;S3;P02;Faldilla;NO;4,4;4,46;
PT-AU57;3442;ACTR-01900-112;1;R2 macho;PW Fabric;22,0;S3;P03;Faldilla;NO;4,4;4,41;
PT-AU57;3442;ACTR-01900-112;1;R2 macho;PW Fabric;22,0;S3;P04;Radio;NO;4,4;4,56;
PT-AU57;3442;ACTR-01900-112;1;R2 macho;PW Fabric;22,0;S3;P05;Alma;NO;4,4;4,5;
PT-AU57;3442;ACTR-01900-112;1;R2 macho;PW Fabric;22,0;S3;P06;Alma;NO;4,4;4,5;
PT-AU57;3442;ACTR-01900-112;1;R2 macho;PW Fabric;22,0;S3;P07;Alma;NO;4,4;4,42;
PT-AU57;3442;ACTR-01900-112;1;R2 macho;PW Fabric;22,0;S3;P08;Radio;NO;4,4;4,6;
PT-AU57;3442;ACTR-01900-112;1;R2 macho;PW Fabric;22,0;S3;P09;Faldilla;NO;4,4;4,46;
PT-AU57;3442;ACTR-01900-112;1;R2 macho;PW Fabric;22,0;S3;P10;Faldilla;NO;4,4;4,42;
PT-AU57;3442;ACTR-01900-112;1;R2 macho;PW Fabric;22,0;S3;P11;Faldilla;NO;4,4;4,42;
PT-AU57;3442;ACTR-01900-112;1;R2 macho;PW Fabric;22,0;S4;P01;Faldilla;NO;4,4;4,43;
PT-AU57;3442;ACTR-01900-112;1;R2 macho;PW Fabric;22,0;S4;P02;Faldilla;NO;4,4;4,5;
PT-AU57;3442;ACTR-01900-112;1;R2 macho;PW Fabric;22,0;S4;P03;Faldilla;NO;4,4;4,44;
PT-AU57;3442;ACTR-01900-112;1;R2 macho;PW Fabric;22,0;S4;P04;Radio;NO;4,4;4,7;
PT-AU57;3442;ACTR-01900-112;1;R2 macho;PW Fabric;22,0;S4;P05;Alma;NO;4,4;4,46;
PT-AU57;3442;ACTR-01900-112;1;R2 macho;PW Fabric;22,0;S4;P06;Alma;NO;4,4;4,52;
PT-AU57;3442;ACTR-01900-112;1;R2 macho;PW Fabric;22,0;S4;P07;Alma;NO;4,4;4,5;
PT-AU57;3442;ACTR-01900-112;1;R2 macho;PW Fabric;22,0;S4;P08;Radio;NO;4,4;4,6;
PT-AU57;3442;ACTR-01900-112;1;R2 macho;PW Fabric;22,0;S4;P09;Faldilla;NO;4,4;4,46;
PT-AU57;3442;ACTR-01900-112;1;R2 macho;PW Fabric;22,0;S4;P10;Faldilla;NO;4,4;4,4;
PT-AU57;3442;ACTR-01900-112;1;R2 macho;PW Fabric;22,0;S4;P11;Faldilla;NO;4,4;4,39;
PT-AU57;3442;ACTR-01900-112;1;R2 macho;PW Fabric;22,0;S5;P01;Faldilla;NO;4,4;4,4;
PT-AU57;3442;ACTR-01900-112;1;R2 macho;PW Fabric;22,0;S5;P02;Faldilla;NO;4,4;4,48;
PT-AU57;3442;ACTR-01900-112;1;R2 macho;PW Fabric;22,0;S5;P03;Faldilla;NO;4,4;4,49;
PT-AU57;3442;ACTR-01900-112;1;R2 macho;PW Fabric;22,0;S5;P04;Radio;NO;4,4;4,58;
PT-AU57;3442;ACTR-01900-112;1;R2 macho;PW Fabric;22,0;S5;P05;Alma;NO;4,4;4,5;
PT-AU57;3442;ACTR-01900-112;1;R2 macho;PW Fabric;22,0;S5;P06;Alma;NO;4,4;4,5;
PT-AU57;3442;ACTR-01900-112;1;R2 macho;PW Fabric;22,0;S5;P07;Alma;NO;4,4;4,48;
PT-AU57;3442;ACTR-01900-112;1;R2 macho;PW Fabric;22,0;S5;P08;Radio;NO;4,4;4,64;
PT-AU57;3442;ACTR-01900-112;1;R2 macho;PW Fabric;22,0;S5;P09;Faldilla;NO;4,4;4,4;
PT-AU57;3442;ACTR-01900-112;1;R2 macho;PW Fabric;22,0;S5;P10;Faldilla;NO;4,4;4,48;
PT-AU57;3442;ACTR-01900-112;1;R2 macho;PW Fabric;22,0;S5;P11;Faldilla;NO;4,4;4,42;
PT-AU57;3442;ACTR-01900-112;1;R2 macho;PW Fabric;22,0;S6;P01;Faldilla;NO;4,4;4,4;
PT-AU57;3442;ACTR-01900-112;1;R2 macho;PW Fabric;22,0;S6;P02;Faldilla;NO;4,4;4,42;
PT-AU57;3442;ACTR-01900-112;1;R2 macho;PW Fabric;22,0;S6;P03;Faldilla;NO;4,4;4,48;
PT-AU57;3442;ACTR-01900-112;1;R2 macho;PW Fabric;22,0;S6;P04;Radio;NO;4,4;4,53;
PT-AU57;3442;ACTR-01900-112;1;R2 macho;PW Fabric;22,0;S6;P05;Alma;NO;4,4;4,42;
PT-AU57;3442;ACTR-01900-112;1;R2 macho;PW Fabric;22,0;S6;P06;Alma;NO;4,4;4,38;
PT-AU57;3442;ACTR-01900-112;1;R2 macho;PW Fabric;22,0;S6;P07;Alma;NO;4,4;4,41;
PT-AU57;3442;ACTR-01900-112;1;R2 macho;PW Fabric;22,0;S6;P08;Radio;NO;4,4;4,68;
PT-AU57;3442;ACTR-01900-112;1;R2 macho;PW Fabric;22,0;S6;P09;Faldilla;NO;4,4;4,39;
PT-AU57;3442;ACTR-01900-112;1;R2 macho;PW Fabric;22,0;S6;P10;Faldilla;NO;4,4;4,39;
PT-AU57;3442;ACTR-01900-112;1;R2 macho;PW Fabric;22,0;S6;P11;Faldilla;NO;4,4;4,4;
PT-AU57;3442;ACTR-01900-112;1;R2 macho;PW Fabric;22,0;S7;P01;Faldilla;NO;4,4;4,36;
PT-AU57;3442;ACTR-01900-112;1;R2 macho;PW Fabric;22,0;S7;P02;Faldilla;NO;4,4;4,39;
PT-AU57;3442;ACTR-01900-112;1;R2 macho;PW Fabric;22,0;S7;P03;Faldilla;NO;4,4;4,43;
PT-AU57;3442;ACTR-01900-112;1;R2 macho;PW Fabric;22,0;S7;P04;Radio;NO;4,4;4,54;
PT-AU57;3442;ACTR-01900-112;1;R2 macho;PW Fabric;22,0;S7;P05;Alma;NO;4,4;4,44;
PT-AU57;3442;ACTR-01900-112;1;R2 macho;PW Fabric;22,0;S7;P06;Alma;NO;4,4;4,43;
PT-AU57;3442;ACTR-01900-112;1;R2 macho;PW Fabric;22,0;S7;P07;Alma;NO;4,4;4,46;
PT-AU57;3442;ACTR-01900-112;1;R2 macho;PW Fabric;22,0;S7;P08;Radio;NO;4,4;4,54;
PT-AU57;3442;ACTR-01900-112;1;R2 macho;PW Fabric;22,0;S7;P09;Faldilla;NO;4,4;4,42;
PT-AU57;3442;ACTR-01900-112;1;R2 macho;PW Fabric;22,0;S7;P10;Faldilla;NO;4,4;4,41;
PT-AU57;3442;ACTR-01900-112;1;R2 macho;PW Fabric;22,0;S7;P11;Faldilla;NO;4,4;4,4;
PT-AU57;3442;ACTR-01900-112;3;R2 macho;PW Fabric;22,0;S1;P01;Faldilla;NO;4,4;4,34;
PT-AU57;3442;ACTR-01900-112;3;R2 macho;PW Fabric;22,0;S1;P02;Faldilla;NO;4,4;4,35;
PT-AU57;3442;ACTR-01900-112;3;R2 macho;PW Fabric;22,0;S1;P03;Faldilla;NO;4,4;4,47;
PT-AU57;3442;ACTR-01900-112;3;R2 macho;PW Fabric;22,0;S1;P04;Radio;NO;4,4;4,36;
PT-AU57;3442;ACTR-01900-112;3;R2 macho;PW Fabric;22,0;S1;P05;Alma;NO;4,4;4,45;
PT-AU57;3442;ACTR-01900-112;3;R2 macho;PW Fabric;22,0;S1;P06;Alma;NO;4,4;4,5;
PT-AU57;3442;ACTR-01900-112;3;R2 macho;PW Fabric;22,0;S1;P07;Alma;NO;4,4;4,36;
PT-AU57;3442;ACTR-01900-112;3;R2 macho;PW Fabric;22,0;S1;P08;Radio;NO;4,4;4,42;
PT-AU57;3442;ACTR-01900-112;3;R2 macho;PW Fabric;22,0;S1;P09;Faldilla;NO;4,4;4,52;
PT-AU57;3442;ACTR-01900-112;3;R2 macho;PW Fabric;22,0;S1;P10;Faldilla;NO;4,4;4,46;
PT-AU57;3442;ACTR-01900-112;3;R2 macho;PW Fabric;22,0;S1;P11;Faldilla;NO;4,4;4,37;
PT-AU57;3442;ACTR-01900-112;3;R2 macho;PW Fabric;22,0;S2;P01;Faldilla;NO;4,4;4,38;
PT-AU57;3442;ACTR-01900-112;3;R2 macho;PW Fabric;22,0;S2;P02;Faldilla;NO;4,4;4,4;
PT-AU57;3442;ACTR-01900-112;3;R2 macho;PW Fabric;22,0;S2;P03;Faldilla;NO;4,4;4,46;
PT-AU57;3442;ACTR-01900-112;3;R2 macho;PW Fabric;22,0;S2;P04;Radio;NO;4,4;4,53;
PT-AU57;3442;ACTR-01900-112;3;R2 macho;PW Fabric;22,0;S2;P05;Alma;NO;4,4;4,47;
PT-AU57;3442;ACTR-01900-112;3;R2 macho;PW Fabric;22,0;S2;P06;Alma;NO;4,4;4,41;
PT-AU57;3442;ACTR-01900-112;3;R2 macho;PW Fabric;22,0;S2;P07;Alma;NO;4,4;4,42;
PT-AU57;3442;ACTR-01900-112;3;R2 macho;PW Fabric;22,0;S2;P08;Radio;NO;4,4;4,62;
PT-AU57;3442;ACTR-01900-112;3;R2 macho;PW Fabric;22,0;S2;P09;Faldilla;NO;4,4;4,45;
PT-AU57;3442;ACTR-01900-112;3;R2 macho;PW Fabric;22,0;S2;P10;Faldilla;NO;4,4;4,41;
PT-AU57;3442;ACTR-01900-112;3;R2 macho;PW Fabric;22,0;S2;P11;Faldilla;NO;4,4;4,37;
PT-AU57;3442;ACTR-01900-112;3;R2 macho;PW Fabric;22,0;S3;P01;Faldilla;NO;4,4;4,42;
PT-AU57;3442;ACTR-01900-112;3;R2 macho;PW Fabric;22,0;S3;P02;Faldilla;NO;4,4;4,4;
PT-AU57;3442;ACTR-01900-112;3;R2 macho;PW Fabric;22,0;S3;P03;Faldilla;NO;4,4;4,45;
PT-AU57;3442;ACTR-01900-112;3;R2 macho;PW Fabric;22,0;S3;P04;Radio;NO;4,4;4,5;
PT-AU57;3442;ACTR-01900-112;3;R2 macho;PW Fabric;22,0;S3;P05;Alma;NO;4,4;4,56;
PT-AU57;3442;ACTR-01900-112;3;R2 macho;PW Fabric;22,0;S3;P06;Alma;NO;4,4;4,54;
PT-AU57;3442;ACTR-01900-112;3;R2 macho;PW Fabric;22,0;S3;P07;Alma;NO;4,4;4,54;
PT-AU57;3442;ACTR-01900-112;3;R2 macho;PW Fabric;22,0;S3;P08;Radio;NO;4,4;4,62;
PT-AU57;3442;ACTR-01900-112;3;R2 macho;PW Fabric;22,0;S3;P09;Faldilla;NO;4,4;4,54;
PT-AU57;3442;ACTR-01900-112;3;R2 macho;PW Fabric;22,0;S3;P10;Faldilla;NO;4,4;4,5;
PT-AU57;3442;ACTR-01900-112;3;R2 macho;PW Fabric;22,0;S3;P11;Faldilla;NO;4,4;4,39;
PT-AU57;3442;ACTR-01900-112;3;R2 macho;PW Fabric;22,0;S4;P01;Faldilla;NO;4,4;4,37;
PT-AU57;3442;ACTR-01900-112;3;R2 macho;PW Fabric;22,0;S4;P02;Faldilla;NO;4,4;4,45;
PT-AU57;3442;ACTR-01900-112;3;R2 macho;PW Fabric;22,0;S4;P03;Faldilla;NO;4,4;4,44;
PT-AU57;3442;ACTR-01900-112;3;R2 macho;PW Fabric;22,0;S4;P04;Radio;NO;4,4;4,56;
PT-AU57;3442;ACTR-01900-112;3;R2 macho;PW Fabric;22,0;S4;P05;Alma;NO;4,4;4,52;
PT-AU57;3442;ACTR-01900-112;3;R2 macho;PW Fabric;22,0;S4;P06;Alma;NO;4,4;4,48;
PT-AU57;3442;ACTR-01900-112;3;R2 macho;PW Fabric;22,0;S4;P07;Alma;NO;4,4;4,46;
PT-AU57;3442;ACTR-01900-112;3;R2 macho;PW Fabric;22,0;S4;P08;Radio;NO;4,4;4,64;
PT-AU57;3442;ACTR-01900-112;3;R2 macho;PW Fabric;22,0;S4;P09;Faldilla;NO;4,4;4,49;
PT-AU57;3442;ACTR-01900-112;3;R2 macho;PW Fabric;22,0;S4;P10;Faldilla;NO;4,4;4,44;
PT-AU57;3442;ACTR-01900-112;3;R2 macho;PW Fabric;22,0;S4;P11;Faldilla;NO;4,4;4,46;
PT-AU57;3442;ACTR-01900-112;3;R2 macho;PW Fabric;22,0;S5;P01;Faldilla;NO;4,4;4,42;
PT-AU57;3442;ACTR-01900-112;3;R2 macho;PW Fabric;22,0;S5;P02;Faldilla;NO;4,4;4,43;
PT-AU57;3442;ACTR-01900-112;3;R2 macho;PW Fabric;22,0;S5;P03;Faldilla;NO;4,4;4,46;
PT-AU57;3442;ACTR-01900-112;3;R2 macho;PW Fabric;22,0;S5;P04;Radio;NO;4,4;4,46;
PT-AU57;3442;ACTR-01900-112;3;R2 macho;PW Fabric;22,0;S5;P05;Alma;NO;4,4;4,46;
PT-AU57;3442;ACTR-01900-112;3;R2 macho;PW Fabric;22,0;S5;P06;Alma;NO;4,4;4,48;
PT-AU57;3442;ACTR-01900-112;3;R2 macho;PW Fabric;22,0;S5;P07;Alma;NO;4,4;4,5;
PT-AU57;3442;ACTR-01900-112;3;R2 macho;PW Fabric;22,0;S5;P08;Radio;NO;4,4;4,58;
PT-AU57;3442;ACTR-01900-112;3;R2 macho;PW Fabric;22,0;S5;P09;Faldilla;NO;4,4;4,53;
PT-AU57;3442;ACTR-01900-112;3;R2 macho;PW Fabric;22,0;S5;P10;Faldilla;NO;4,4;4,42;
PT-AU57;3442;ACTR-01900-112;3;R2 macho;PW Fabric;22,0;S5;P11;Faldilla;NO;4,4;4,38;
PT-AU57;3442;ACTR-01900-112;3;R2 macho;PW Fabric;22,0;S6;P01;Faldilla;NO;4,4;4,3;
PT-AU57;3442;ACTR-01900-112;3;R2 macho;PW Fabric;22,0;S6;P02;Faldilla;NO;4,4;4,41;
PT-AU57;3442;ACTR-01900-112;3;R2 macho;PW Fabric;22,0;S6;P03;Faldilla;NO;4,4;4,48;
PT-AU57;3442;ACTR-01900-112;3;R2 macho;PW Fabric;22,0;S6;P04;Radio;NO;4,4;4,55;
PT-AU57;3442;ACTR-01900-112;3;R2 macho;PW Fabric;22,0;S6;P05;Alma;NO;4,4;4,47;
PT-AU57;3442;ACTR-01900-112;3;R2 macho;PW Fabric;22,0;S6;P06;Alma;NO;4,4;4,41;
PT-AU57;3442;ACTR-01900-112;3;R2 macho;PW Fabric;22,0;S6;P07;Alma;NO;4,4;4,47;
PT-AU57;3442;ACTR-01900-112;3;R2 macho;PW Fabric;22,0;S6;P08;Radio;NO;4,4;4,64;
PT-AU57;3442;ACTR-01900-112;3;R2 macho;PW Fabric;22,0;S6;P09;Faldilla;NO;4,4;4,42;
PT-AU57;3442;ACTR-01900-112;3;R2 macho;PW Fabric;22,0;S6;P10;Faldilla;NO;4,4;4,49;
PT-AU57;3442;ACTR-01900-112;3;R2 macho;PW Fabric;22,0;S6;P11;Faldilla;NO;4,4;4,4;
PT-AU57;3442;ACTR-01900-112;3;R2 macho;PW Fabric;22,0;S7;P01;Faldilla;NO;4,4;4,37;
PT-AU57;3442;ACTR-01900-112;3;R2 macho;PW Fabric;22,0;S7;P02;Faldilla;NO;4,4;4,34;
PT-AU57;3442;ACTR-01900-112;3;R2 macho;PW Fabric;22,0;S7;P03;Faldilla;NO;4,4;4,43;
PT-AU57;3442;ACTR-01900-112;3;R2 macho;PW Fabric;22,0;S7;P04;Radio;NO;4,4;4,51;
PT-AU57;3442;ACTR-01900-112;3;R2 macho;PW Fabric;22,0;S7;P05;Alma;NO;4,4;4,47;
PT-AU57;3442;ACTR-01900-112;3;R2 macho;PW Fabric;22,0;S7;P06;Alma;NO;4,4;4,41;
PT-AU57;3442;ACTR-01900-112;3;R2 macho;PW Fabric;22,0;S7;P07;Alma;NO;4,4;4,39;
PT-AU57;3442;ACTR-01900-112;3;R2 macho;PW Fabric;22,0;S7;P08;Radio;NO;4,4;4,51;
PT-AU57;3442;ACTR-01900-112;3;R2 macho;PW Fabric;22,0;S7;P09;Faldilla;NO;4,4;4,48;
PT-AU57;3442;ACTR-01900-112;3;R2 macho;PW Fabric;22,0;S7;P10;Faldilla;NO;4,4;4,41;
PT-AU57;3442;ACTR-01900-112;3;R2 macho;PW Fabric;22,0;S7;P11;Faldilla;NO;4,4;4,39;
PT-AU57;3442;ACTR-01900-110;2;R2 macho;PW Fabric;14,0;S1;P01;Faldilla;NO;2,8;2,84;
PT-AU57;3442;ACTR-01900-110;2;R2 macho;PW Fabric;14,0;S1;P02;Faldilla;NO;2,8;2,83;
PT-AU57;3442;ACTR-01900-110;2;R2 macho;PW Fabric;14,0;S1;P03;Faldilla;NO;2,8;2,83;
PT-AU57;3442;ACTR-01900-110;2;R2 macho;PW Fabric;14,0;S1;P04;Radio;NO;2,8;2,85;
PT-AU57;3442;ACTR-01900-110;2;R2 macho;PW Fabric;14,0;S1;P05;Alma;NO;2,8;2,83;
PT-AU57;3442;ACTR-01900-110;2;R2 macho;PW Fabric;14,0;S1;P06;Alma;NO;2,8;2,79;
PT-AU57;3442;ACTR-01900-110;2;R2 macho;PW Fabric;14,0;S1;P07;Alma;NO;2,8;2,79;
PT-AU57;3442;ACTR-01900-110;2;R2 macho;PW Fabric;14,0;S1;P08;Radio;NO;2,8;2,91;
PT-AU57;3442;ACTR-01900-110;2;R2 macho;PW Fabric;14,0;S1;P09;Faldilla;NO;2,8;2,82;
PT-AU57;3442;ACTR-01900-110;2;R2 macho;PW Fabric;14,0;S1;P10;Faldilla;NO;2,8;2,82;
PT-AU57;3442;ACTR-01900-110;2;R2 macho;PW Fabric;14,0;S1;P11;Faldilla;NO;2,8;2,78;
PT-AU57;3442;ACTR-01900-110;2;R2 macho;PW Fabric;14,0;S2;P01;Faldilla;NO;2,8;2,75;
PT-AU57;3442;ACTR-01900-110;2;R2 macho;PW Fabric;14,0;S2;P02;Faldilla;NO;2,8;2,83;
PT-AU57;3442;ACTR-01900-110;2;R2 macho;PW Fabric;14,0;S2;P03;Faldilla;NO;2,8;2,76;
PT-AU57;3442;ACTR-01900-110;2;R2 macho;PW Fabric;14,0;S2;P04;Radio;NO;2,8;2,89;
PT-AU57;3442;ACTR-01900-110;2;R2 macho;PW Fabric;14,0;S2;P05;Alma;NO;2,8;2,81;
PT-AU57;3442;ACTR-01900-110;2;R2 macho;PW Fabric;14,0;S2;P06;Alma;NO;2,8;2,82;
PT-AU57;3442;ACTR-01900-110;2;R2 macho;PW Fabric;14,0;S2;P07;Alma;NO;2,8;2,83;
PT-AU57;3442;ACTR-01900-110;2;R2 macho;PW Fabric;14,0;S2;P08;Radio;NO;2,8;2,96;
PT-AU57;3442;ACTR-01900-110;2;R2 macho;PW Fabric;14,0;S2;P09;Faldilla;NO;2,8;2,83;
PT-AU57;3442;ACTR-01900-110;2;R2 macho;PW Fabric;14,0;S2;P10;Faldilla;NO;2,8;2,81;
PT-AU57;3442;ACTR-01900-110;2;R2 macho;PW Fabric;14,0;S2;P11;Faldilla;NO;2,8;2,85;
PT-AU57;3442;ACTR-01900-110;2;R2 macho;PW Fabric;14,0;S3;P01;Faldilla;NO;2,8;2,8;
PT-AU57;3442;ACTR-01900-110;2;R2 macho;PW Fabric;14,0;S3;P02;Faldilla;NO;2,8;2,79;
PT-AU57;3442;ACTR-01900-110;2;R2 macho;PW Fabric;14,0;S3;P03;Faldilla;NO;2,8;2,74;
PT-AU57;3442;ACTR-01900-110;2;R2 macho;PW Fabric;14,0;S3;P04;Radio;NO;2,8;2,96;
PT-AU57;3442;ACTR-01900-110;2;R2 macho;PW Fabric;14,0;S3;P05;Alma;NO;2,8;2,82;
PT-AU57;3442;ACTR-01900-110;2;R2 macho;PW Fabric;14,0;S3;P06;Alma;NO;2,8;2,82;
PT-AU57;3442;ACTR-01900-110;2;R2 macho;PW Fabric;14,0;S3;P07;Alma;NO;2,8;2,84;
PT-AU57;3442;ACTR-01900-110;2;R2 macho;PW Fabric;14,0;S3;P08;Radio;NO;2,8;2,98;
PT-AU57;3442;ACTR-01900-110;2;R2 macho;PW Fabric;14,0;S3;P09;Faldilla;NO;2,8;2,8;
PT-AU57;3442;ACTR-01900-110;2;R2 macho;PW Fabric;14,0;S3;P10;Faldilla;NO;2,8;2,83;
PT-AU57;3442;ACTR-01900-110;2;R2 macho;PW Fabric;14,0;S3;P11;Faldilla;NO;2,8;2,81;
PT-AU57;3442;ACTR-01900-110;2;R2 macho;PW Fabric;14,0;S4;P01;Faldilla;NO;2,8;2,76;
PT-AU57;3442;ACTR-01900-110;2;R2 macho;PW Fabric;14,0;S4;P02;Faldilla;NO;2,8;2,84;
PT-AU57;3442;ACTR-01900-110;2;R2 macho;PW Fabric;14,0;S4;P03;Faldilla;NO;2,8;2,79;
PT-AU57;3442;ACTR-01900-110;2;R2 macho;PW Fabric;14,0;S4;P04;Radio;NO;2,8;2,9;
PT-AU57;3442;ACTR-01900-110;2;R2 macho;PW Fabric;14,0;S4;P05;Alma;NO;2,8;2,84;
PT-AU57;3442;ACTR-01900-110;2;R2 macho;PW Fabric;14,0;S4;P06;Alma;NO;2,8;2,82;
PT-AU57;3442;ACTR-01900-110;2;R2 macho;PW Fabric;14,0;S4;P07;Alma;NO;2,8;2,84;
PT-AU57;3442;ACTR-01900-110;2;R2 macho;PW Fabric;14,0;S4;P08;Radio;NO;2,8;2,98;
PT-AU57;3442;ACTR-01900-110;2;R2 macho;PW Fabric;14,0;S4;P09;Faldilla;NO;2,8;2,78;
PT-AU57;3442;ACTR-01900-110;2;R2 macho;PW Fabric;14,0;S4;P10;Faldilla;NO;2,8;2,8;
PT-AU57;3442;ACTR-01900-110;2;R2 macho;PW Fabric;14,0;S4;P11;Faldilla;NO;2,8;2,83;
PT-AU57;3442;ACTR-01900-110;2;R2 macho;PW Fabric;14,0;S5;P01;Faldilla;NO;2,8;2,79;
PT-AU57;3442;ACTR-01900-110;2;R2 macho;PW Fabric;14,0;S5;P02;Faldilla;NO;2,8;2,81;
PT-AU57;3442;ACTR-01900-110;2;R2 macho;PW Fabric;14,0;S5;P03;Faldilla;NO;2,8;2,83;
PT-AU57;3442;ACTR-01900-110;2;R2 macho;PW Fabric;14,0;S5;P04;Radio;NO;2,8;2,98;
PT-AU57;3442;ACTR-01900-110;2;R2 macho;PW Fabric;14,0;S5;P05;Alma;NO;2,8;2,8;
PT-AU57;3442;ACTR-01900-110;2;R2 macho;PW Fabric;14,0;S5;P06;Alma;NO;2,8;2,86;
PT-AU57;3442;ACTR-01900-110;2;R2 macho;PW Fabric;14,0;S5;P07;Alma;NO;2,8;2,84;
PT-AU57;3442;ACTR-01900-110;2;R2 macho;PW Fabric;14,0;S5;P08;Radio;NO;2,8;2,96;
PT-AU57;3442;ACTR-01900-110;2;R2 macho;PW Fabric;14,0;S5;P09;Faldilla;NO;2,8;2,82;
PT-AU57;3442;ACTR-01900-110;2;R2 macho;PW Fabric;14,0;S5;P10;Faldilla;NO;2,8;2,86;
PT-AU57;3442;ACTR-01900-110;2;R2 macho;PW Fabric;14,0;S5;P11;Faldilla;NO;2,8;2,76;
PT-AU57;3442;ACTR-01900-110;2;R2 macho;PW Fabric;14,0;S6;P01;Faldilla;NO;2,8;2,78;
PT-AU57;3442;ACTR-01900-110;2;R2 macho;PW Fabric;14,0;S6;P02;Faldilla;NO;2,8;2,73;
PT-AU57;3442;ACTR-01900-110;2;R2 macho;PW Fabric;14,0;S6;P03;Faldilla;NO;2,8;2,78;
PT-AU57;3442;ACTR-01900-110;2;R2 macho;PW Fabric;14,0;S6;P04;Radio;NO;2,8;2,92;
PT-AU57;3442;ACTR-01900-110;2;R2 macho;PW Fabric;14,0;S6;P05;Alma;NO;2,8;2,78;
PT-AU57;3442;ACTR-01900-110;2;R2 macho;PW Fabric;14,0;S6;P06;Alma;NO;2,8;2,82;
PT-AU57;3442;ACTR-01900-110;2;R2 macho;PW Fabric;14,0;S6;P07;Alma;NO;2,8;2,8;
PT-AU57;3442;ACTR-01900-110;2;R2 macho;PW Fabric;14,0;S6;P08;Radio;NO;2,8;2,93;
PT-AU57;3442;ACTR-01900-110;2;R2 macho;PW Fabric;14,0;S6;P09;Faldilla;NO;2,8;2,84;
PT-AU57;3442;ACTR-01900-110;2;R2 macho;PW Fabric;14,0;S6;P10;Faldilla;NO;2,8;2,86;
PT-AU57;3442;ACTR-01900-110;2;R2 macho;PW Fabric;14,0;S6;P11;Faldilla;NO;2,8;2,81;
PT-AU57;3442;ACTR-01900-110;2;R2 macho;PW Fabric;14,0;S7;P01;Faldilla;NO;2,8;2,73;
PT-AU57;3442;ACTR-01900-110;2;R2 macho;PW Fabric;14,0;S7;P02;Faldilla;NO;2,8;2,82;
PT-AU57;3442;ACTR-01900-110;2;R2 macho;PW Fabric;14,0;S7;P03;Faldilla;NO;2,8;2,83;
PT-AU57;3442;ACTR-01900-110;2;R2 macho;PW Fabric;14,0;S7;P04;Radio;NO;2,8;2,72;
PT-AU57;3442;ACTR-01900-110;2;R2 macho;PW Fabric;14,0;S7;P05;Alma;NO;2,8;2,84;
PT-AU57;3442;ACTR-01900-110;2;R2 macho;PW Fabric;14,0;S7;P06;Alma;NO;2,8;2,8;
PT-AU57;3442;ACTR-01900-110;2;R2 macho;PW Fabric;14,0;S7;P07;Alma;NO;2,8;2,83;
PT-AU57;3442;ACTR-01900-110;2;R2 macho;PW Fabric;14,0;S7;P08;Radio;NO;2,8;2,84;
PT-AU57;3442;ACTR-01900-110;2;R2 macho;PW Fabric;14,0;S7;P09;Faldilla;NO;2,8;2,82;
PT-AU57;3442;ACTR-01900-110;2;R2 macho;PW Fabric;14,0;S7;P10;Faldilla;NO;2,8;2,83;
PT-AU57;3442;ACTR-01900-110;2;R2 macho;PW Fabric;14,0;S7;P11;Faldilla;NO;2,8;2,84;
PT-AU89;AU3-3458;ACTR-01900-122;ARS01;R5 macho;PW Fabric;4,0;S01;P01;Alma;NO;0,8;0,81;
PT-AU89;AU3-3458;ACTR-01900-122;ARS01;R5 macho;PW Fabric;4,0;S01;P02;Alma;NO;0,8;0,79;
PT-AU89;AU3-3458;ACTR-01900-122;ARS01;R5 macho;PW Fabric;4,0;S01;P03;Alma;NO;0,8;0,79;
PT-AU89;AU3-3458;ACTR-01900-122;ARS01;R5 macho;PW Fabric;4,0;S01;P04;Radio;NO;0,8;0,89;
PT-AU89;AU3-3458;ACTR-01900-122;ARS01;R5 macho;PW Fabric;4,0;S01;P05;Faldilla;NO;0,8;0,85;
PT-AU89;AU3-3458;ACTR-01900-122;ARS01;R5 macho;PW Fabric;4,0;S01;P06;Faldilla;NO;0,8;0,87;
PT-AU89;AU3-3458;ACTR-01900-122;ARS01;R5 macho;PW Fabric;4,0;S02;P01;Alma;NO;0,8;0,77;
PT-AU89;AU3-3458;ACTR-01900-122;ARS01;R5 macho;PW Fabric;4,0;S02;P02;Alma;NO;0,8;0,79;
PT-AU89;AU3-3458;ACTR-01900-122;ARS01;R5 macho;PW Fabric;4,0;S02;P03;Alma;NO;0,8;0,81;
PT-AU89;AU3-3458;ACTR-01900-122;ARS01;R5 macho;PW Fabric;4,0;S02;P04;Radio;NO;0,8;0,77;
PT-AU89;AU3-3458;ACTR-01900-122;ARS01;R5 macho;PW Fabric;4,0;S02;P05;Faldilla;NO;0,8;0,86;
PT-AU89;AU3-3458;ACTR-01900-122;ARS01;R5 macho;PW Fabric;4,0;S02;P06;Faldilla;NO;0,8;0,83;
PT-AU89;AU3-3458;ACTR-01900-122;ARS01;R5 macho;PW Fabric;4,0;S03;P01;Alma;NO;0,8;0,84;
PT-AU89;AU3-3458;ACTR-01900-122;ARS01;R5 macho;PW Fabric;4,0;S03;P02;Alma;NO;0,8;0,8;
PT-AU89;AU3-3458;ACTR-01900-122;ARS01;R5 macho;PW Fabric;4,0;S03;P03;Alma;NO;0,8;0,76;
PT-AU89;AU3-3458;ACTR-01900-122;ARS01;R5 macho;PW Fabric;4,0;S03;P04;Radio;NO;0,8;0,77;
PT-AU89;AU3-3458;ACTR-01900-122;ARS01;R5 macho;PW Fabric;4,0;S03;P05;Faldilla;NO;0,8;0,83;
PT-AU89;AU3-3458;ACTR-01900-122;ARS01;R5 macho;PW Fabric;4,0;S03;P06;Faldilla;NO;0,8;0,86;
PT-AU89;AU3-3458;ACTR-01900-122;ARS01;R5 macho;PW Fabric;4,0;S04;P01;Alma;NO;0,8;0,81;
PT-AU89;AU3-3458;ACTR-01900-122;ARS01;R5 macho;PW Fabric;4,0;S04;P02;Alma;NO;0,8;0,81;
PT-AU89;AU3-3458;ACTR-01900-122;ARS01;R5 macho;PW Fabric;4,0;S04;P03;Alma;NO;0,8;0,82;
PT-AU89;AU3-3458;ACTR-01900-122;ARS01;R5 macho;PW Fabric;4,0;S04;P04;Radio;NO;0,8;0,8;
PT-AU89;AU3-3458;ACTR-01900-122;ARS01;R5 macho;PW Fabric;4,0;S04;P05;Faldilla;NO;0,8;0,8;
PT-AU89;AU3-3458;ACTR-01900-122;ARS01;R5 macho;PW Fabric;4,0;S04;P06;Faldilla;NO;0,8;0,73;
PT-AU89;AU3-3458;ACTR-01900-114;ARS01;R5 macho;UD Tape;8,0;S01;P01;Alma;NO;1,152;1,13;
PT-AU89;AU3-3458;ACTR-01900-114;ARS01;R5 macho;UD Tape;8,0;S01;P02;Alma;NO;1,152;1,16;
PT-AU89;AU3-3458;ACTR-01900-114;ARS01;R5 macho;UD Tape;8,0;S01;P03;Alma;NO;1,152;1,15;
PT-AU89;AU3-3458;ACTR-01900-114;ARS01;R5 macho;UD Tape;8,0;S01;P04;Radio;NO;1,152;1,22;
PT-AU89;AU3-3458;ACTR-01900-114;ARS01;R5 macho;UD Tape;8,0;S01;P05;Faldilla;NO;1,152;1,15;
PT-AU89;AU3-3458;ACTR-01900-114;ARS01;R5 macho;UD Tape;8,0;S01;P06;Faldilla;NO;1,152;1,16;
PT-AU89;AU3-3458;ACTR-01900-114;ARS01;R5 macho;UD Tape;8,0;S02;P01;Alma;NO;1,152;1,13;
PT-AU89;AU3-3458;ACTR-01900-114;ARS01;R5 macho;UD Tape;8,0;S02;P02;Alma;NO;1,152;1,19;
PT-AU89;AU3-3458;ACTR-01900-114;ARS01;R5 macho;UD Tape;8,0;S02;P03;Alma;NO;1,152;1,12;
PT-AU89;AU3-3458;ACTR-01900-114;ARS01;R5 macho;UD Tape;8,0;S02;P04;Radio;NO;1,152;1,13;
PT-AU89;AU3-3458;ACTR-01900-114;ARS01;R5 macho;UD Tape;8,0;S02;P05;Faldilla;NO;1,152;1,16;
PT-AU89;AU3-3458;ACTR-01900-114;ARS01;R5 macho;UD Tape;8,0;S02;P06;Faldilla;NO;1,152;1,13;
PT-AU89;AU3-3458;ACTR-01900-114;ARS01;R5 macho;UD Tape;8,0;S03;P01;Alma;NO;1,152;1,11;
PT-AU89;AU3-3458;ACTR-01900-114;ARS01;R5 macho;UD Tape;8,0;S03;P02;Alma;NO;1,152;1,16;
PT-AU89;AU3-3458;ACTR-01900-114;ARS01;R5 macho;UD Tape;8,0;S03;P03;Alma;NO;1,152;1,15;
PT-AU89;AU3-3458;ACTR-01900-114;ARS01;R5 macho;UD Tape;8,0;S03;P04;Radio;NO;1,152;1,14;
PT-AU89;AU3-3458;ACTR-01900-114;ARS01;R5 macho;UD Tape;8,0;S03;P05;Faldilla;NO;1,152;1,21;
PT-AU89;AU3-3458;ACTR-01900-114;ARS01;R5 macho;UD Tape;8,0;S03;P06;Faldilla;NO;1,152;1,18;
PT-AU89;AU3-3458;ACTR-01900-114;ARS01;R5 macho;UD Tape;8,0;S04;P01;Alma;NO;1,152;1,13;
PT-AU89;AU3-3458;ACTR-01900-114;ARS01;R5 macho;UD Tape;8,0;S04;P02;Alma;NO;1,152;1,18;
PT-AU89;AU3-3458;ACTR-01900-114;ARS01;R5 macho;UD Tape;8,0;S04;P03;Alma;NO;1,152;1,16;
PT-AU89;AU3-3458;ACTR-01900-114;ARS01;R5 macho;UD Tape;8,0;S04;P04;Radio;NO;1,152;1,14;
PT-AU89;AU3-3458;ACTR-01900-114;ARS01;R5 macho;UD Tape;8,0;S04;P05;Faldilla;NO;1,152;1,13;
PT-AU89;AU3-3458;ACTR-01900-114;ARS01;R5 macho;UD Tape;8,0;S04;P06;Faldilla;NO;1,152;1,08;
PT-AU89;AU3-3458;ACTR-01900-114;ARS01;R5 macho;UD Tape;8,0;S01;P01;Alma;NO;1,152;1,13;
PT-AU89;AU3-3458;ACTR-01900-114;ARS01;R5 macho;UD Tape;8,0;S01;P02;Alma;NO;1,152;1,19;
PT-AU89;AU3-3458;ACTR-01900-114;ARS01;R5 macho;UD Tape;8,0;S01;P03;Alma;NO;1,152;1,11;
PT-AU89;AU3-3458;ACTR-01900-114;ARS01;R5 macho;UD Tape;8,0;S01;P04;Radio;NO;1,152;1,16;
PT-AU89;AU3-3458;ACTR-01900-114;ARS01;R5 macho;UD Tape;8,0;S01;P05;Faldilla;NO;1,152;1,13;
PT-AU89;AU3-3458;ACTR-01900-114;ARS01;R5 macho;UD Tape;8,0;S01;P06;Faldilla;NO;1,152;1,14;
PT-AU89;AU3-3458;ACTR-01900-114;ARS01;R5 macho;UD Tape;8,0;S02;P01;Alma;NO;1,152;1,17;
PT-AU89;AU3-3458;ACTR-01900-114;ARS01;R5 macho;UD Tape;8,0;S02;P02;Alma;NO;1,152;1,17;
PT-AU89;AU3-3458;ACTR-01900-114;ARS01;R5 macho;UD Tape;8,0;S02;P03;Alma;NO;1,152;1,16;
PT-AU89;AU3-3458;ACTR-01900-114;ARS01;R5 macho;UD Tape;8,0;S02;P04;Radio;NO;1,152;1,15;
PT-AU89;AU3-3458;ACTR-01900-114;ARS01;R5 macho;UD Tape;8,0;S02;P05;Faldilla;NO;1,152;1,15;
PT-AU89;AU3-3458;ACTR-01900-114;ARS01;R5 macho;UD Tape;8,0;S02;P06;Faldilla;NO;1,152;1,16;
PT-AU89;AU3-3458;ACTR-01900-114;ARS01;R5 macho;UD Tape;8,0;S03;P01;Alma;NO;1,152;1,16;
PT-AU89;AU3-3458;ACTR-01900-114;ARS01;R5 macho;UD Tape;8,0;S03;P02;Alma;NO;1,152;1,15;
PT-AU89;AU3-3458;ACTR-01900-114;ARS01;R5 macho;UD Tape;8,0;S03;P03;Alma;NO;1,152;1,13;
PT-AU89;AU3-3458;ACTR-01900-114;ARS01;R5 macho;UD Tape;8,0;S03;P04;Radio;NO;1,152;1,17;
PT-AU89;AU3-3458;ACTR-01900-114;ARS01;R5 macho;UD Tape;8,0;S03;P05;Faldilla;NO;1,152;1,15;
PT-AU89;AU3-3458;ACTR-01900-114;ARS01;R5 macho;UD Tape;8,0;S03;P06;Faldilla;NO;1,152;1,17;
PT-AU89;AU3-3458;ACTR-01900-114;ARS01;R5 macho;UD Tape;8,0;S04;P01;Alma;NO;1,152;1,1;
PT-AU89;AU3-3458;ACTR-01900-114;ARS01;R5 macho;UD Tape;8,0;S04;P02;Alma;NO;1,152;1,12;
PT-AU89;AU3-3458;ACTR-01900-114;ARS01;R5 macho;UD Tape;8,0;S04;P03;Alma;NO;1,152;1,11;
PT-AU89;AU3-3458;ACTR-01900-114;ARS01;R5 macho;UD Tape;8,0;S04;P04;Radio;NO;1,152;1,15;
PT-AU89;AU3-3458;ACTR-01900-114;ARS01;R5 macho;UD Tape;8,0;S04;P05;Faldilla;NO;1,152;1,16;
PT-AU89;AU3-3458;ACTR-01900-114;ARS01;R5 macho;UD Tape;8,0;S04;P06;Faldilla;NO;1,152;1,15;
PT-AU89;AU3-3458;ACTR-01900-122;ARS01;R5 macho;PW Fabric;4,0;S01;P01;Alma;NO;0,8;0,83;
PT-AU89;AU3-3458;ACTR-01900-122;ARS01;R5 macho;PW Fabric;4,0;S01;P02;Alma;NO;0,8;0,8;
PT-AU89;AU3-3458;ACTR-01900-122;ARS01;R5 macho;PW Fabric;4,0;S01;P03;Alma;NO;0,8;0,81;
PT-AU89;AU3-3458;ACTR-01900-122;ARS01;R5 macho;PW Fabric;4,0;S01;P04;Radio;NO;0,8;0,85;
PT-AU89;AU3-3458;ACTR-01900-122;ARS01;R5 macho;PW Fabric;4,0;S01;P05;Faldilla;NO;0,8;0,84;
PT-AU89;AU3-3458;ACTR-01900-122;ARS01;R5 macho;PW Fabric;4,0;S01;P06;Faldilla;NO;0,8;0,82;
PT-AU89;AU3-3458;ACTR-01900-122;ARS01;R5 macho;PW Fabric;4,0;S02;P01;Alma;NO;0,8;0,81;
PT-AU89;AU3-3458;ACTR-01900-122;ARS01;R5 macho;PW Fabric;4,0;S02;P02;Alma;NO;0,8;0,8;
PT-AU89;AU3-3458;ACTR-01900-122;ARS01;R5 macho;PW Fabric;4,0;S02;P03;Alma;NO;0,8;0,8;
PT-AU89;AU3-3458;ACTR-01900-122;ARS01;R5 macho;PW Fabric;4,0;S02;P04;Radio;NO;0,8;0,78;
PT-AU89;AU3-3458;ACTR-01900-122;ARS01;R5 macho;PW Fabric;4,0;S02;P05;Faldilla;NO;0,8;0,82;
PT-AU89;AU3-3458;ACTR-01900-122;ARS01;R5 macho;PW Fabric;4,0;S02;P06;Faldilla;NO;0,8;0,78;
PT-AU89;AU3-3458;ACTR-01900-122;ARS01;R5 macho;PW Fabric;4,0;S03;P01;Alma;NO;0,8;0,82;
PT-AU89;AU3-3458;ACTR-01900-122;ARS01;R5 macho;PW Fabric;4,0;S03;P02;Alma;NO;0,8;0,81;
PT-AU89;AU3-3458;ACTR-01900-122;ARS01;R5 macho;PW Fabric;4,0;S03;P03;Alma;NO;0,8;0,84;
PT-AU89;AU3-3458;ACTR-01900-122;ARS01;R5 macho;PW Fabric;4,0;S03;P04;Radio;NO;0,8;0,8;
PT-AU89;AU3-3458;ACTR-01900-122;ARS01;R5 macho;PW Fabric;4,0;S03;P05;Faldilla;NO;0,8;0,8;
PT-AU89;AU3-3458;ACTR-01900-122;ARS01;R5 macho;PW Fabric;4,0;S03;P06;Faldilla;NO;0,8;0,77;
PT-AU89;AU3-3458;ACTR-01900-122;ARS01;R5 macho;PW Fabric;4,0;S04;P01;Alma;NO;0,8;0,81;
PT-AU89;AU3-3458;ACTR-01900-122;ARS01;R5 macho;PW Fabric;4,0;S04;P02;Alma;NO;0,8;0,77;
PT-AU89;AU3-3458;ACTR-01900-122;ARS01;R5 macho;PW Fabric;4,0;S04;P03;Alma;NO;0,8;0,84;
PT-AU89;AU3-3458;ACTR-01900-122;ARS01;R5 macho;PW Fabric;4,0;S04;P04;Radio;NO;0,8;0,76;
PT-AU89;AU3-3458;ACTR-01900-122;ARS01;R5 macho;PW Fabric;4,0;S04;P05;Faldilla;NO;0,8;0,84;
PT-AU89;AU3-3458;ACTR-01900-122;ARS01;R5 macho;PW Fabric;4,0;S04;P06;Faldilla;NO;0,8;0,79;
PT-AU89;AU3-3458;ACTR-01900-126;ARS01;R5 macho;PW Fabric;22,0;S01;P01;Alma;NO;4,4;4,41;
PT-AU89;AU3-3458;ACTR-01900-126;ARS01;R5 macho;PW Fabric;22,0;S01;P02;Alma;NO;4,4;4,47;
PT-AU89;AU3-3458;ACTR-01900-126;ARS01;R5 macho;PW Fabric;22,0;S01;P03;Alma;NO;4,4;4,47;
PT-AU89;AU3-3458;ACTR-01900-126;ARS01;R5 macho;PW Fabric;22,0;S01;P04;Radio;NO;4,4;4,56;
PT-AU89;AU3-3458;ACTR-01900-126;ARS01;R5 macho;PW Fabric;22,0;S01;P05;Faldilla;NO;4,4;4,42;
PT-AU89;AU3-3458;ACTR-01900-126;ARS01;R5 macho;PW Fabric;22,0;S01;P06;Faldilla;NO;4,4;4,38;
PT-AU89;AU3-3458;ACTR-01900-126;ARS01;R5 macho;PW Fabric;22,0;S02;P01;Alma;NO;4,4;4,4;
PT-AU89;AU3-3458;ACTR-01900-126;ARS01;R5 macho;PW Fabric;22,0;S02;P02;Alma;NO;4,4;4,42;
PT-AU89;AU3-3458;ACTR-01900-126;ARS01;R5 macho;PW Fabric;22,0;S02;P03;Alma;NO;4,4;4,46;
PT-AU89;AU3-3458;ACTR-01900-126;ARS01;R5 macho;PW Fabric;22,0;S02;P04;Radio;NO;4,4;4,49;
PT-AU89;AU3-3458;ACTR-01900-126;ARS01;R5 macho;PW Fabric;22,0;S02;P05;Faldilla;NO;4,4;4,41;
PT-AU89;AU3-3458;ACTR-01900-126;ARS01;R5 macho;PW Fabric;22,0;S02;P06;Faldilla;NO;4,4;4,4;
PT-AU89;AU3-3458;ACTR-01900-126;ARS01;R5 macho;PW Fabric;22,0;S03;P01;Alma;NO;4,4;4,47;
PT-AU89;AU3-3458;ACTR-01900-126;ARS01;R5 macho;PW Fabric;22,0;S03;P02;Alma;NO;4,4;4,48;
PT-AU89;AU3-3458;ACTR-01900-126;ARS01;R5 macho;PW Fabric;22,0;S03;P03;Alma;NO;4,4;4,48;
PT-AU89;AU3-3458;ACTR-01900-126;ARS01;R5 macho;PW Fabric;22,0;S03;P04;Radio;NO;4,4;4,51;
PT-AU89;AU3-3458;ACTR-01900-126;ARS01;R5 macho;PW Fabric;22,0;S03;P05;Faldilla;NO;4,4;4,49;
PT-AU89;AU3-3458;ACTR-01900-126;ARS01;R5 macho;PW Fabric;22,0;S03;P06;Faldilla;NO;4,4;4,4;
PT-AU89;AU3-3458;ACTR-01900-126;ARS01;R5 macho;PW Fabric;22,0;S04;P01;Alma;NO;4,4;4,42;
PT-AU89;AU3-3458;ACTR-01900-126;ARS01;R5 macho;PW Fabric;22,0;S04;P02;Alma;NO;4,4;4,44;
PT-AU89;AU3-3458;ACTR-01900-126;ARS01;R5 macho;PW Fabric;22,0;S04;P03;Alma;NO;4,4;4,46;
PT-AU89;AU3-3458;ACTR-01900-126;ARS01;R5 macho;PW Fabric;22,0;S04;P04;Radio;NO;4,4;4,48;
PT-AU89;AU3-3458;ACTR-01900-126;ARS01;R5 macho;PW Fabric;22,0;S04;P05;Faldilla;NO;4,4;4,5;
PT-AU89;AU3-3458;ACTR-01900-126;ARS01;R5 macho;PW Fabric;22,0;S04;P06;Faldilla;NO;4,4;4,4;
PT-AU89;AU3-3458;ACTR-01900-126;ARS01;R5 macho;PW Fabric;22,0;S01;P01;Alma;NO;4,4;4,45;
PT-AU89;AU3-3458;ACTR-01900-126;ARS01;R5 macho;PW Fabric;22,0;S01;P02;Alma;NO;4,4;4,46;
PT-AU89;AU3-3458;ACTR-01900-126;ARS01;R5 macho;PW Fabric;22,0;S01;P03;Alma;NO;4,4;4,49;
PT-AU89;AU3-3458;ACTR-01900-126;ARS01;R5 macho;PW Fabric;22,0;S01;P04;Radio;NO;4,4;4,53;
PT-AU89;AU3-3458;ACTR-01900-126;ARS01;R5 macho;PW Fabric;22,0;S01;P05;Faldilla;NO;4,4;4,42;
PT-AU89;AU3-3458;ACTR-01900-126;ARS01;R5 macho;PW Fabric;22,0;S01;P06;Faldilla;NO;4,4;4,43;
PT-AU89;AU3-3458;ACTR-01900-126;ARS01;R5 macho;PW Fabric;22,0;S02;P01;Alma;NO;4,4;4,41;
PT-AU89;AU3-3458;ACTR-01900-126;ARS01;R5 macho;PW Fabric;22,0;S02;P02;Alma;NO;4,4;4,49;
PT-AU89;AU3-3458;ACTR-01900-126;ARS01;R5 macho;PW Fabric;22,0;S02;P03;Alma;NO;4,4;4,47;
PT-AU89;AU3-3458;ACTR-01900-126;ARS01;R5 macho;PW Fabric;22,0;S02;P04;Radio;NO;4,4;4,5;
PT-AU89;AU3-3458;ACTR-01900-126;ARS01;R5 macho;PW Fabric;22,0;S02;P05;Faldilla;NO;4,4;4,47;
PT-AU89;AU3-3458;ACTR-01900-126;ARS01;R5 macho;PW Fabric;22,0;S02;P06;Faldilla;NO;4,4;4,44;
PT-AU89;AU3-3458;ACTR-01900-126;ARS01;R5 macho;PW Fabric;22,0;S03;P01;Alma;NO;4,4;4,44;
PT-AU89;AU3-3458;ACTR-01900-126;ARS01;R5 macho;PW Fabric;22,0;S03;P02;Alma;NO;4,4;4,5;
PT-AU89;AU3-3458;ACTR-01900-126;ARS01;R5 macho;PW Fabric;22,0;S03;P03;Alma;NO;4,4;4,49;
PT-AU89;AU3-3458;ACTR-01900-126;ARS01;R5 macho;PW Fabric;22,0;S03;P04;Radio;NO;4,4;4,51;
PT-AU89;AU3-3458;ACTR-01900-126;ARS01;R5 macho;PW Fabric;22,0;S03;P05;Faldilla;NO;4,4;4,41;
PT-AU89;AU3-3458;ACTR-01900-126;ARS01;R5 macho;PW Fabric;22,0;S03;P06;Faldilla;NO;4,4;4,42;
PT-AU89;AU3-3458;ACTR-01900-126;ARS01;R5 macho;PW Fabric;22,0;S04;P01;Alma;NO;4,4;4,42;
PT-AU89;AU3-3458;ACTR-01900-126;ARS01;R5 macho;PW Fabric;22,0;S04;P02;Alma;NO;4,4;4,42;
PT-AU89;AU3-3458;ACTR-01900-126;ARS01;R5 macho;PW Fabric;22,0;S04;P03;Alma;NO;4,4;4,45;
PT-AU89;AU3-3458;ACTR-01900-126;ARS01;R5 macho;PW Fabric;22,0;S04;P04;Radio;NO;4,4;4,5;
PT-AU89;AU3-3458;ACTR-01900-126;ARS01;R5 macho;PW Fabric;22,0;S04;P05;Faldilla;NO;4,4;4,49;
PT-AU89;AU3-3458;ACTR-01900-126;ARS01;R5 macho;PW Fabric;22,0;S04;P06;Faldilla;NO;4,4;4,43;
PT-AU89;AU3-3458;ACTR-01900-114;ARS01;R5 macho;UD Tape;8,0;S01;P01;Alma;NO;1,152;1,17;
PT-AU89;AU3-3458;ACTR-01900-114;ARS01;R5 macho;UD Tape;8,0;S01;P02;Alma;NO;1,152;1,15;
PT-AU89;AU3-3458;ACTR-01900-114;ARS01;R5 macho;UD Tape;8,0;S01;P03;Alma;NO;1,152;1,15;
PT-AU89;AU3-3458;ACTR-01900-114;ARS01;R5 macho;UD Tape;8,0;S01;P04;Radio;NO;1,152;1,22;
PT-AU89;AU3-3458;ACTR-01900-114;ARS01;R5 macho;UD Tape;8,0;S01;P05;Faldilla;NO;1,152;1,19;
PT-AU89;AU3-3458;ACTR-01900-114;ARS01;R5 macho;UD Tape;8,0;S01;P06;Faldilla;NO;1,152;1,15;
PT-AU89;AU3-3458;ACTR-01900-114;ARS01;R5 macho;UD Tape;8,0;S02;P01;Alma;NO;1,152;1,16;
PT-AU89;AU3-3458;ACTR-01900-114;ARS01;R5 macho;UD Tape;8,0;S02;P02;Alma;NO;1,152;1,18;
PT-AU89;AU3-3458;ACTR-01900-114;ARS01;R5 macho;UD Tape;8,0;S02;P03;Alma;NO;1,152;1,17;
PT-AU89;AU3-3458;ACTR-01900-114;ARS01;R5 macho;UD Tape;8,0;S02;P04;Radio;NO;1,152;1,13;
PT-AU89;AU3-3458;ACTR-01900-114;ARS01;R5 macho;UD Tape;8,0;S02;P05;Faldilla;NO;1,152;1,19;
PT-AU89;AU3-3458;ACTR-01900-114;ARS01;R5 macho;UD Tape;8,0;S02;P06;Faldilla;NO;1,152;1,16;
PT-AU89;AU3-3458;ACTR-01900-114;ARS01;R5 macho;UD Tape;8,0;S03;P01;Alma;NO;1,152;1,19;
PT-AU89;AU3-3458;ACTR-01900-114;ARS01;R5 macho;UD Tape;8,0;S03;P02;Alma;NO;1,152;1,18;
PT-AU89;AU3-3458;ACTR-01900-114;ARS01;R5 macho;UD Tape;8,0;S03;P03;Alma;NO;1,152;1,15;
PT-AU89;AU3-3458;ACTR-01900-114;ARS01;R5 macho;UD Tape;8,0;S03;P04;Radio;NO;1,152;1,26;
PT-AU89;AU3-3458;ACTR-01900-114;ARS01;R5 macho;UD Tape;8,0;S03;P05;Faldilla;NO;1,152;1,18;
PT-AU89;AU3-3458;ACTR-01900-114;ARS01;R5 macho;UD Tape;8,0;S03;P06;Faldilla;NO;1,152;1,14;
PT-AU89;AU3-3458;ACTR-01900-114;ARS01;R5 macho;UD Tape;8,0;S04;P01;Alma;NO;1,152;1,16;
PT-AU89;AU3-3458;ACTR-01900-114;ARS01;R5 macho;UD Tape;8,0;S04;P02;Alma;NO;1,152;1,19;
PT-AU89;AU3-3458;ACTR-01900-114;ARS01;R5 macho;UD Tape;8,0;S04;P03;Alma;NO;1,152;1,15;
PT-AU89;AU3-3458;ACTR-01900-114;ARS01;R5 macho;UD Tape;8,0;S04;P04;Radio;NO;1,152;1,12;
PT-AU89;AU3-3458;ACTR-01900-114;ARS01;R5 macho;UD Tape;8,0;S04;P05;Faldilla;NO;1,152;1,13;
PT-AU89;AU3-3458;ACTR-01900-114;ARS01;R5 macho;UD Tape;8,0;S04;P06;Faldilla;NO;1,152;1,14;
PT-AU89;AU3-3458;ACTR-01900-124;ARS01;R5 macho;PW Fabric;14,0;S01;P01;Alma;NO;2,8;2,8;
PT-AU89;AU3-3458;ACTR-01900-124;ARS01;R5 macho;PW Fabric;14,0;S01;P02;Alma;NO;2,8;2,89;
PT-AU89;AU3-3458;ACTR-01900-124;ARS01;R5 macho;PW Fabric;14,0;S01;P03;Alma;NO;2,8;2,85;
PT-AU89;AU3-3458;ACTR-01900-124;ARS01;R5 macho;PW Fabric;14,0;S01;P04;Radio;NO;2,8;2,98;
PT-AU89;AU3-3458;ACTR-01900-124;ARS01;R5 macho;PW Fabric;14,0;S01;P05;Faldilla;NO;2,8;2,83;
PT-AU89;AU3-3458;ACTR-01900-124;ARS01;R5 macho;PW Fabric;14,0;S01;P06;Faldilla;NO;2,8;2,82;
PT-AU89;AU3-3458;ACTR-01900-124;ARS01;R5 macho;PW Fabric;14,0;S02;P01;Alma;NO;2,8;2,87;
PT-AU89;AU3-3458;ACTR-01900-124;ARS01;R5 macho;PW Fabric;14,0;S02;P02;Alma;NO;2,8;2,85;
PT-AU89;AU3-3458;ACTR-01900-124;ARS01;R5 macho;PW Fabric;14,0;S02;P03;Alma;NO;2,8;2,77;
PT-AU89;AU3-3458;ACTR-01900-124;ARS01;R5 macho;PW Fabric;14,0;S02;P04;Radio;NO;2,8;2,92;
PT-AU89;AU3-3458;ACTR-01900-124;ARS01;R5 macho;PW Fabric;14,0;S02;P05;Faldilla;NO;2,8;2,78;
PT-AU89;AU3-3458;ACTR-01900-124;ARS01;R5 macho;PW Fabric;14,0;S02;P06;Faldilla;NO;2,8;2,8;
PT-AU89;AU3-3458;ACTR-01900-124;ARS01;R5 macho;PW Fabric;14,0;S03;P01;Alma;NO;2,8;2,8;
PT-AU89;AU3-3458;ACTR-01900-124;ARS01;R5 macho;PW Fabric;14,0;S03;P02;Alma;NO;2,8;2,8;
PT-AU89;AU3-3458;ACTR-01900-124;ARS01;R5 macho;PW Fabric;14,0;S03;P03;Alma;NO;2,8;2,81;
PT-AU89;AU3-3458;ACTR-01900-124;ARS01;R5 macho;PW Fabric;14,0;S03;P04;Radio;NO;2,8;2,83;
PT-AU89;AU3-3458;ACTR-01900-124;ARS01;R5 macho;PW Fabric;14,0;S03;P05;Faldilla;NO;2,8;2,84;
PT-AU89;AU3-3458;ACTR-01900-124;ARS01;R5 macho;PW Fabric;14,0;S03;P06;Faldilla;NO;2,8;2,79;
PT-AU89;AU3-3458;ACTR-01900-124;ARS01;R5 macho;PW Fabric;14,0;S04;P01;Alma;NO;2,8;2,87;
PT-AU89;AU3-3458;ACTR-01900-124;ARS01;R5 macho;PW Fabric;14,0;S04;P02;Alma;NO;2,8;2,87;
PT-AU89;AU3-3458;ACTR-01900-124;ARS01;R5 macho;PW Fabric;14,0;S04;P03;Alma;NO;2,8;2,8;
PT-AU89;AU3-3458;ACTR-01900-124;ARS01;R5 macho;PW Fabric;14,0;S04;P04;Radio;NO;2,8;2,95;
PT-AU89;AU3-3458;ACTR-01900-124;ARS01;R5 macho;PW Fabric;14,0;S04;P05;Faldilla;NO;2,8;2,87;
PT-AU89;AU3-3458;ACTR-01900-124;ARS01;R5 macho;PW Fabric;14,0;S04;P06;Faldilla;NO;2,8;2,83;
PT-AU89;AU3-3458;ACTR-01900-124;ARS01;R5 macho;PW Fabric;14,0;S01;P01;Alma;NO;2,8;2,86;
PT-AU89;AU3-3458;ACTR-01900-124;ARS01;R5 macho;PW Fabric;14,0;S01;P02;Alma;NO;2,8;2,83;
PT-AU89;AU3-3458;ACTR-01900-124;ARS01;R5 macho;PW Fabric;14,0;S01;P03;Alma;NO;2,8;2,82;
PT-AU89;AU3-3458;ACTR-01900-124;ARS01;R5 macho;PW Fabric;14,0;S01;P04;Radio;NO;2,8;2,93;
PT-AU89;AU3-3458;ACTR-01900-124;ARS01;R5 macho;PW Fabric;14,0;S01;P05;Faldilla;NO;2,8;2,83;
PT-AU89;AU3-3458;ACTR-01900-124;ARS01;R5 macho;PW Fabric;14,0;S01;P06;Faldilla;NO;2,8;2,82;
PT-AU89;AU3-3458;ACTR-01900-124;ARS01;R5 macho;PW Fabric;14,0;S02;P01;Alma;NO;2,8;2,88;
PT-AU89;AU3-3458;ACTR-01900-124;ARS01;R5 macho;PW Fabric;14,0;S02;P02;Alma;NO;2,8;2,82;
PT-AU89;AU3-3458;ACTR-01900-124;ARS01;R5 macho;PW Fabric;14,0;S02;P03;Alma;NO;2,8;2,78;
PT-AU89;AU3-3458;ACTR-01900-124;ARS01;R5 macho;PW Fabric;14,0;S02;P04;Radio;NO;2,8;2,87;
PT-AU89;AU3-3458;ACTR-01900-124;ARS01;R5 macho;PW Fabric;14,0;S02;P05;Faldilla;NO;2,8;2,83;
PT-AU89;AU3-3458;ACTR-01900-124;ARS01;R5 macho;PW Fabric;14,0;S02;P06;Faldilla;NO;2,8;2,84;
PT-AU89;AU3-3458;ACTR-01900-124;ARS01;R5 macho;PW Fabric;14,0;S03;P01;Alma;NO;2,8;2,84;
PT-AU89;AU3-3458;ACTR-01900-124;ARS01;R5 macho;PW Fabric;14,0;S03;P02;Alma;NO;2,8;2,94;
PT-AU89;AU3-3458;ACTR-01900-124;ARS01;R5 macho;PW Fabric;14,0;S03;P03;Alma;NO;2,8;2,84;
PT-AU89;AU3-3458;ACTR-01900-124;ARS01;R5 macho;PW Fabric;14,0;S03;P04;Radio;NO;2,8;2,93;
PT-AU89;AU3-3458;ACTR-01900-124;ARS01;R5 macho;PW Fabric;14,0;S03;P05;Faldilla;NO;2,8;2,8;
PT-AU89;AU3-3458;ACTR-01900-124;ARS01;R5 macho;PW Fabric;14,0;S03;P06;Faldilla;NO;2,8;2,84;
PT-AU89;AU3-3458;ACTR-01900-124;ARS01;R5 macho;PW Fabric;14,0;S04;P01;Alma;NO;2,8;2,86;
PT-AU89;AU3-3458;ACTR-01900-124;ARS01;R5 macho;PW Fabric;14,0;S04;P02;Alma;NO;2,8;2,87;
PT-AU89;AU3-3458;ACTR-01900-124;ARS01;R5 macho;PW Fabric;14,0;S04;P03;Alma;NO;2,8;2,84;
PT-AU89;AU3-3458;ACTR-01900-124;ARS01;R5 macho;PW Fabric;14,0;S04;P04;Radio;NO;2,8;2,91;
PT-AU89;AU3-3458;ACTR-01900-124;ARS01;R5 macho;PW Fabric;14,0;S04;P05;Faldilla;NO;2,8;2,76;
PT-AU89;AU3-3458;ACTR-01900-124;ARS01;R5 macho;PW Fabric;14,0;S04;P06;Faldilla;NO;2,8;2,78;
PT-AU89;AU3-3458;ACTR-01900-126;ARS01;R5 macho;PW Fabric;22,0;S01;P01;Alma;NO;4,4;4,46;
PT-AU89;AU3-3458;ACTR-01900-126;ARS01;R5 macho;PW Fabric;22,0;S01;P02;Alma;NO;4,4;4,45;
PT-AU89;AU3-3458;ACTR-01900-126;ARS01;R5 macho;PW Fabric;22,0;S01;P03;Alma;NO;4,4;4,46;
PT-AU89;AU3-3458;ACTR-01900-126;ARS01;R5 macho;PW Fabric;22,0;S01;P04;Radio;NO;4,4;4,52;
PT-AU89;AU3-3458;ACTR-01900-126;ARS01;R5 macho;PW Fabric;22,0;S01;P05;Faldilla;NO;4,4;4,45;
PT-AU89;AU3-3458;ACTR-01900-126;ARS01;R5 macho;PW Fabric;22,0;S01;P06;Faldilla;NO;4,4;4,45;
PT-AU89;AU3-3458;ACTR-01900-126;ARS01;R5 macho;PW Fabric;22,0;S02;P01;Alma;NO;4,4;4,41;
PT-AU89;AU3-3458;ACTR-01900-126;ARS01;R5 macho;PW Fabric;22,0;S02;P02;Alma;NO;4,4;4,49;
PT-AU89;AU3-3458;ACTR-01900-126;ARS01;R5 macho;PW Fabric;22,0;S02;P03;Alma;NO;4,4;4,52;
PT-AU89;AU3-3458;ACTR-01900-126;ARS01;R5 macho;PW Fabric;22,0;S02;P04;Radio;NO;4,4;4,46;
PT-AU89;AU3-3458;ACTR-01900-126;ARS01;R5 macho;PW Fabric;22,0;S02;P05;Faldilla;NO;4,4;4,4;
PT-AU89;AU3-3458;ACTR-01900-126;ARS01;R5 macho;PW Fabric;22,0;S02;P06;Faldilla;NO;4,4;4,44;
PT-AU89;AU3-3458;ACTR-01900-126;ARS01;R5 macho;PW Fabric;22,0;S03;P01;Alma;NO;4,4;4,44;
PT-AU89;AU3-3458;ACTR-01900-126;ARS01;R5 macho;PW Fabric;22,0;S03;P02;Alma;NO;4,4;4,49;
PT-AU89;AU3-3458;ACTR-01900-126;ARS01;R5 macho;PW Fabric;22,0;S03;P03;Alma;NO;4,4;4,48;
PT-AU89;AU3-3458;ACTR-01900-126;ARS01;R5 macho;PW Fabric;22,0;S03;P04;Radio;NO;4,4;4,48;
PT-AU89;AU3-3458;ACTR-01900-126;ARS01;R5 macho;PW Fabric;22,0;S03;P05;Faldilla;NO;4,4;4,41;
PT-AU89;AU3-3458;ACTR-01900-126;ARS01;R5 macho;PW Fabric;22,0;S03;P06;Faldilla;NO;4,4;4,37;
PT-AU89;AU3-3458;ACTR-01900-126;ARS01;R5 macho;PW Fabric;22,0;S04;P01;Alma;NO;4,4;4,46;
PT-AU89;AU3-3458;ACTR-01900-126;ARS01;R5 macho;PW Fabric;22,0;S04;P02;Alma;NO;4,4;4,49;
PT-AU89;AU3-3458;ACTR-01900-126;ARS01;R5 macho;PW Fabric;22,0;S04;P03;Alma;NO;4,4;4,45;
PT-AU89;AU3-3458;ACTR-01900-126;ARS01;R5 macho;PW Fabric;22,0;S04;P04;Radio;NO;4,4;4,42;
PT-AU89;AU3-3458;ACTR-01900-126;ARS01;R5 macho;PW Fabric;22,0;S04;P05;Faldilla;NO;4,4;4,48;
PT-AU89;AU3-3458;ACTR-01900-126;ARS01;R5 macho;PW Fabric;22,0;S04;P06;Faldilla;NO;4,4;4,41;
PT-AU89;AU3-3458;ACTR-01900-124;ARS01;R5 macho;PW Fabric;14,0;S01;P01;Alma;NO;2,8;2,83;
PT-AU89;AU3-3458;ACTR-01900-124;ARS01;R5 macho;PW Fabric;14,0;S01;P02;Alma;NO;2,8;2,85;
PT-AU89;AU3-3458;ACTR-01900-124;ARS01;R5 macho;PW Fabric;14,0;S01;P03;Alma;NO;2,8;2,88;
PT-AU89;AU3-3458;ACTR-01900-124;ARS01;R5 macho;PW Fabric;14,0;S01;P04;Radio;NO;2,8;2,96;
PT-AU89;AU3-3458;ACTR-01900-124;ARS01;R5 macho;PW Fabric;14,0;S01;P05;Faldilla;NO;2,8;2,81;
PT-AU89;AU3-3458;ACTR-01900-124;ARS01;R5 macho;PW Fabric;14,0;S01;P06;Faldilla;NO;2,8;2,86;
PT-AU89;AU3-3458;ACTR-01900-124;ARS01;R5 macho;PW Fabric;14,0;S02;P01;Alma;NO;2,8;2,8;
PT-AU89;AU3-3458;ACTR-01900-124;ARS01;R5 macho;PW Fabric;14,0;S02;P02;Alma;NO;2,8;2,85;
PT-AU89;AU3-3458;ACTR-01900-124;ARS01;R5 macho;PW Fabric;14,0;S02;P03;Alma;NO;2,8;2,85;
PT-AU89;AU3-3458;ACTR-01900-124;ARS01;R5 macho;PW Fabric;14,0;S02;P04;Radio;NO;2,8;2,94;
PT-AU89;AU3-3458;ACTR-01900-124;ARS01;R5 macho;PW Fabric;14,0;S02;P05;Faldilla;NO;2,8;2,81;
PT-AU89;AU3-3458;ACTR-01900-124;ARS01;R5 macho;PW Fabric;14,0;S02;P06;Faldilla;NO;2,8;2,81;
PT-AU89;AU3-3458;ACTR-01900-124;ARS01;R5 macho;PW Fabric;14,0;S03;P01;Alma;NO;2,8;2,86;
PT-AU89;AU3-3458;ACTR-01900-124;ARS01;R5 macho;PW Fabric;14,0;S03;P02;Alma;NO;2,8;2,85;
PT-AU89;AU3-3458;ACTR-01900-124;ARS01;R5 macho;PW Fabric;14,0;S03;P03;Alma;NO;2,8;2,86;
PT-AU89;AU3-3458;ACTR-01900-124;ARS01;R5 macho;PW Fabric;14,0;S03;P04;Radio;NO;2,8;2,92;
PT-AU89;AU3-3458;ACTR-01900-124;ARS01;R5 macho;PW Fabric;14,0;S03;P05;Faldilla;NO;2,8;2,75;
PT-AU89;AU3-3458;ACTR-01900-124;ARS01;R5 macho;PW Fabric;14,0;S03;P06;Faldilla;NO;2,8;2,79;
PT-AU89;AU3-3458;ACTR-01900-124;ARS01;R5 macho;PW Fabric;14,0;S04;P01;Alma;NO;2,8;2,86;
PT-AU89;AU3-3458;ACTR-01900-124;ARS01;R5 macho;PW Fabric;14,0;S04;P02;Alma;NO;2,8;2,83;
PT-AU89;AU3-3458;ACTR-01900-124;ARS01;R5 macho;PW Fabric;14,0;S04;P03;Alma;NO;2,8;2,9;
PT-AU89;AU3-3458;ACTR-01900-124;ARS01;R5 macho;PW Fabric;14,0;S04;P04;Radio;NO;2,8;2,84;
PT-AU89;AU3-3458;ACTR-01900-124;ARS01;R5 macho;PW Fabric;14,0;S04;P05;Faldilla;NO;2,8;2,75;
PT-AU89;AU3-3458;ACTR-01900-124;ARS01;R5 macho;PW Fabric;14,0;S04;P06;Faldilla;NO;2,8;2,82;
PT-AU89;AU3-3458;ACTR-01900-116;ARS01;R5 macho;UD Tape;16,0;S01;P01;Alma;NO;2,304;2,31;
PT-AU89;AU3-3458;ACTR-01900-116;ARS01;R5 macho;UD Tape;16,0;S01;P02;Alma;NO;2,304;2,3;
PT-AU89;AU3-3458;ACTR-01900-116;ARS01;R5 macho;UD Tape;16,0;S01;P03;Alma;NO;2,304;2,22;
PT-AU89;AU3-3458;ACTR-01900-116;ARS01;R5 macho;UD Tape;16,0;S01;P04;Radio;NO;2,304;2,3;
PT-AU89;AU3-3458;ACTR-01900-116;ARS01;R5 macho;UD Tape;16,0;S01;P05;Faldilla;NO;2,304;2,27;
PT-AU89;AU3-3458;ACTR-01900-116;ARS01;R5 macho;UD Tape;16,0;S01;P06;Faldilla;NO;2,304;2,3;
PT-AU89;AU3-3458;ACTR-01900-116;ARS01;R5 macho;UD Tape;16,0;S02;P01;Alma;NO;2,304;2,28;
PT-AU89;AU3-3458;ACTR-01900-116;ARS01;R5 macho;UD Tape;16,0;S02;P02;Alma;NO;2,304;2,28;
PT-AU89;AU3-3458;ACTR-01900-116;ARS01;R5 macho;UD Tape;16,0;S02;P03;Alma;NO;2,304;2,3;
PT-AU89;AU3-3458;ACTR-01900-116;ARS01;R5 macho;UD Tape;16,0;S02;P04;Radio;NO;2,304;2,27;
PT-AU89;AU3-3458;ACTR-01900-116;ARS01;R5 macho;UD Tape;16,0;S02;P05;Faldilla;NO;2,304;2,34;
PT-AU89;AU3-3458;ACTR-01900-116;ARS01;R5 macho;UD Tape;16,0;S02;P06;Faldilla;NO;2,304;2,21;
PT-AU89;AU3-3458;ACTR-01900-116;ARS01;R5 macho;UD Tape;16,0;S03;P01;Alma;NO;2,304;2,29;
PT-AU89;AU3-3458;ACTR-01900-116;ARS01;R5 macho;UD Tape;16,0;S03;P02;Alma;NO;2,304;2,25;
PT-AU89;AU3-3458;ACTR-01900-116;ARS01;R5 macho;UD Tape;16,0;S03;P03;Alma;NO;2,304;2,3;
PT-AU89;AU3-3458;ACTR-01900-116;ARS01;R5 macho;UD Tape;16,0;S03;P04;Radio;NO;2,304;2,28;
PT-AU89;AU3-3458;ACTR-01900-116;ARS01;R5 macho;UD Tape;16,0;S03;P05;Faldilla;NO;2,304;2,31;
PT-AU89;AU3-3458;ACTR-01900-116;ARS01;R5 macho;UD Tape;16,0;S03;P06;Faldilla;NO;2,304;2,25;
PT-AU89;AU3-3458;ACTR-01900-116;ARS01;R5 macho;UD Tape;16,0;S04;P01;Alma;NO;2,304;2,25;
PT-AU89;AU3-3458;ACTR-01900-116;ARS01;R5 macho;UD Tape;16,0;S04;P02;Alma;NO;2,304;2,24;
PT-AU89;AU3-3458;ACTR-01900-116;ARS01;R5 macho;UD Tape;16,0;S04;P03;Alma;NO;2,304;2,25;
PT-AU89;AU3-3458;ACTR-01900-116;ARS01;R5 macho;UD Tape;16,0;S04;P04;Radio;NO;2,304;2,25;
PT-AU89;AU3-3458;ACTR-01900-116;ARS01;R5 macho;UD Tape;16,0;S04;P05;Faldilla;NO;2,304;2,28;
PT-AU89;AU3-3458;ACTR-01900-116;ARS01;R5 macho;UD Tape;16,0;S04;P06;Faldilla;NO;2,304;2,21;
PT-AU89;AU3-3458;ACTR-01900-116;ARS01;R5 macho;UD Tape;16,0;S01;P01;Alma;NO;2,304;2,31;
PT-AU89;AU3-3458;ACTR-01900-116;ARS01;R5 macho;UD Tape;16,0;S01;P02;Alma;NO;2,304;2,36;
PT-AU89;AU3-3458;ACTR-01900-116;ARS01;R5 macho;UD Tape;16,0;S01;P03;Alma;NO;2,304;2,29;
PT-AU89;AU3-3458;ACTR-01900-116;ARS01;R5 macho;UD Tape;16,0;S01;P04;Radio;NO;2,304;2,35;
PT-AU89;AU3-3458;ACTR-01900-116;ARS01;R5 macho;UD Tape;16,0;S01;P05;Faldilla;NO;2,304;2,34;
PT-AU89;AU3-3458;ACTR-01900-116;ARS01;R5 macho;UD Tape;16,0;S01;P06;Faldilla;NO;2,304;2,31;
PT-AU89;AU3-3458;ACTR-01900-116;ARS01;R5 macho;UD Tape;16,0;S02;P01;Alma;NO;2,304;2,27;
PT-AU89;AU3-3458;ACTR-01900-116;ARS01;R5 macho;UD Tape;16,0;S02;P02;Alma;NO;2,304;2,3;
PT-AU89;AU3-3458;ACTR-01900-116;ARS01;R5 macho;UD Tape;16,0;S02;P03;Alma;NO;2,304;2,34;
PT-AU89;AU3-3458;ACTR-01900-116;ARS01;R5 macho;UD Tape;16,0;S02;P04;Radio;NO;2,304;2,26;
PT-AU89;AU3-3458;ACTR-01900-116;ARS01;R5 macho;UD Tape;16,0;S02;P05;Faldilla;NO;2,304;2,36;
PT-AU89;AU3-3458;ACTR-01900-116;ARS01;R5 macho;UD Tape;16,0;S02;P06;Faldilla;NO;2,304;2,28;
PT-AU89;AU3-3458;ACTR-01900-116;ARS01;R5 macho;UD Tape;16,0;S03;P01;Alma;NO;2,304;2,31;
PT-AU89;AU3-3458;ACTR-01900-116;ARS01;R5 macho;UD Tape;16,0;S03;P02;Alma;NO;2,304;2,29;
PT-AU89;AU3-3458;ACTR-01900-116;ARS01;R5 macho;UD Tape;16,0;S03;P03;Alma;NO;2,304;2,29;
PT-AU89;AU3-3458;ACTR-01900-116;ARS01;R5 macho;UD Tape;16,0;S03;P04;Radio;NO;2,304;2,22;
PT-AU89;AU3-3458;ACTR-01900-116;ARS01;R5 macho;UD Tape;16,0;S03;P05;Faldilla;NO;2,304;2,3;
PT-AU89;AU3-3458;ACTR-01900-116;ARS01;R5 macho;UD Tape;16,0;S03;P06;Faldilla;NO;2,304;2,3;
PT-AU89;AU3-3458;ACTR-01900-116;ARS01;R5 macho;UD Tape;16,0;S04;P01;Alma;NO;2,304;2,22;
PT-AU89;AU3-3458;ACTR-01900-116;ARS01;R5 macho;UD Tape;16,0;S04;P02;Alma;NO;2,304;2,27;
PT-AU89;AU3-3458;ACTR-01900-116;ARS01;R5 macho;UD Tape;16,0;S04;P03;Alma;NO;2,304;2,29;
PT-AU89;AU3-3458;ACTR-01900-116;ARS01;R5 macho;UD Tape;16,0;S04;P04;Radio;NO;2,304;2,51;
PT-AU89;AU3-3458;ACTR-01900-116;ARS01;R5 macho;UD Tape;16,0;S04;P05;Faldilla;NO;2,304;2,28;
PT-AU89;AU3-3458;ACTR-01900-116;ARS01;R5 macho;UD Tape;16,0;S04;P06;Faldilla;NO;2,304;2,23;
PT-AU89;AU3-3458;ACTR-01900-122;ARS01;R5 macho;PW Fabric;4,0;S01;P01;Alma;NO;0,8;0,8;
PT-AU89;AU3-3458;ACTR-01900-122;ARS01;R5 macho;PW Fabric;4,0;S01;P02;Alma;NO;0,8;0,76;
PT-AU89;AU3-3458;ACTR-01900-122;ARS01;R5 macho;PW Fabric;4,0;S01;P03;Alma;NO;0,8;0,77;
PT-AU89;AU3-3458;ACTR-01900-122;ARS01;R5 macho;PW Fabric;4,0;S01;P04;Radio;NO;0,8;0,79;
PT-AU89;AU3-3458;ACTR-01900-122;ARS01;R5 macho;PW Fabric;4,0;S01;P05;Faldilla;NO;0,8;0,83;
PT-AU89;AU3-3458;ACTR-01900-122;ARS01;R5 macho;PW Fabric;4,0;S01;P06;Faldilla;NO;0,8;0,83;
PT-AU89;AU3-3458;ACTR-01900-122;ARS01;R5 macho;PW Fabric;4,0;S02;P01;Alma;NO;0,8;0,8;
PT-AU89;AU3-3458;ACTR-01900-122;ARS01;R5 macho;PW Fabric;4,0;S02;P02;Alma;NO;0,8;0,8;
PT-AU89;AU3-3458;ACTR-01900-122;ARS01;R5 macho;PW Fabric;4,0;S02;P03;Alma;NO;0,8;0,84;
PT-AU89;AU3-3458;ACTR-01900-122;ARS01;R5 macho;PW Fabric;4,0;S02;P04;Radio;NO;0,8;0,79;
PT-AU89;AU3-3458;ACTR-01900-122;ARS01;R5 macho;PW Fabric;4,0;S02;P05;Faldilla;NO;0,8;0,78;
PT-AU89;AU3-3458;ACTR-01900-122;ARS01;R5 macho;PW Fabric;4,0;S02;P06;Faldilla;NO;0,8;0,79;
PT-AU89;AU3-3458;ACTR-01900-122;ARS01;R5 macho;PW Fabric;4,0;S03;P01;Alma;NO;0,8;0,79;
PT-AU89;AU3-3458;ACTR-01900-122;ARS01;R5 macho;PW Fabric;4,0;S03;P02;Alma;NO;0,8;0,85;
PT-AU89;AU3-3458;ACTR-01900-122;ARS01;R5 macho;PW Fabric;4,0;S03;P03;Alma;NO;0,8;0,8;
PT-AU89;AU3-3458;ACTR-01900-122;ARS01;R5 macho;PW Fabric;4,0;S03;P04;Radio;NO;0,8;0,82;
PT-AU89;AU3-3458;ACTR-01900-122;ARS01;R5 macho;PW Fabric;4,0;S03;P05;Faldilla;NO;0,8;0,82;
PT-AU89;AU3-3458;ACTR-01900-122;ARS01;R5 macho;PW Fabric;4,0;S03;P06;Faldilla;NO;0,8;0,77;
PT-AU89;AU3-3458;ACTR-01900-122;ARS01;R5 macho;PW Fabric;4,0;S04;P01;Alma;NO;0,8;0,84;
PT-AU89;AU3-3458;ACTR-01900-122;ARS01;R5 macho;PW Fabric;4,0;S04;P02;Alma;NO;0,8;0,79;
PT-AU89;AU3-3458;ACTR-01900-122;ARS01;R5 macho;PW Fabric;4,0;S04;P03;Alma;NO;0,8;0,8;
PT-AU89;AU3-3458;ACTR-01900-122;ARS01;R5 macho;PW Fabric;4,0;S04;P04;Radio;NO;0,8;0,81;
PT-AU89;AU3-3458;ACTR-01900-122;ARS01;R5 macho;PW Fabric;4,0;S04;P05;Faldilla;NO;0,8;0,77;
PT-AU89;AU3-3458;ACTR-01900-122;ARS01;R5 macho;PW Fabric;4,0;S04;P06;Faldilla;NO;0,8;0,79;
PT-AU89;AU3-3458;ACTR-01900-118;ARS01;R5 macho;UD Tape;24,0;S01;P01;Alma;NO;3,456;3,47;
PT-AU89;AU3-3458;ACTR-01900-118;ARS01;R5 macho;UD Tape;24,0;S01;P02;Alma;NO;3,456;3,51;
PT-AU89;AU3-3458;ACTR-01900-118;ARS01;R5 macho;UD Tape;24,0;S01;P03;Alma;NO;3,456;3,43;
PT-AU89;AU3-3458;ACTR-01900-118;ARS01;R5 macho;UD Tape;24,0;S01;P04;Radio;NO;3,456;3,43;
PT-AU89;AU3-3458;ACTR-01900-118;ARS01;R5 macho;UD Tape;24,0;S01;P05;Faldilla;NO;3,456;3,47;
PT-AU89;AU3-3458;ACTR-01900-118;ARS01;R5 macho;UD Tape;24,0;S01;P06;Faldilla;NO;3,456;3,42;
PT-AU89;AU3-3458;ACTR-01900-118;ARS01;R5 macho;UD Tape;24,0;S02;P01;Alma;NO;3,456;3,39;
PT-AU89;AU3-3458;ACTR-01900-118;ARS01;R5 macho;UD Tape;24,0;S02;P02;Alma;NO;3,456;3,52;
PT-AU89;AU3-3458;ACTR-01900-118;ARS01;R5 macho;UD Tape;24,0;S02;P03;Alma;NO;3,456;3,45;
PT-AU89;AU3-3458;ACTR-01900-118;ARS01;R5 macho;UD Tape;24,0;S02;P04;Radio;NO;3,456;3,4;
PT-AU89;AU3-3458;ACTR-01900-118;ARS01;R5 macho;UD Tape;24,0;S02;P05;Faldilla;NO;3,456;3,53;
PT-AU89;AU3-3458;ACTR-01900-118;ARS01;R5 macho;UD Tape;24,0;S02;P06;Faldilla;NO;3,456;3,4;
PT-AU89;AU3-3458;ACTR-01900-118;ARS01;R5 macho;UD Tape;24,0;S03;P01;Alma;NO;3,456;3,43;
PT-AU89;AU3-3458;ACTR-01900-118;ARS01;R5 macho;UD Tape;24,0;S03;P02;Alma;NO;3,456;3,44;
PT-AU89;AU3-3458;ACTR-01900-118;ARS01;R5 macho;UD Tape;24,0;S03;P03;Alma;NO;3,456;3,44;
PT-AU89;AU3-3458;ACTR-01900-118;ARS01;R5 macho;UD Tape;24,0;S03;P04;Radio;NO;3,456;3,3;
PT-AU89;AU3-3458;ACTR-01900-118;ARS01;R5 macho;UD Tape;24,0;S03;P05;Faldilla;NO;3,456;3,52;
PT-AU89;AU3-3458;ACTR-01900-118;ARS01;R5 macho;UD Tape;24,0;S03;P06;Faldilla;NO;3,456;3,38;
PT-AU89;AU3-3458;ACTR-01900-118;ARS01;R5 macho;UD Tape;24,0;S04;P01;Alma;NO;3,456;3,31;
PT-AU89;AU3-3458;ACTR-01900-118;ARS01;R5 macho;UD Tape;24,0;S04;P02;Alma;NO;3,456;3,44;
PT-AU89;AU3-3458;ACTR-01900-118;ARS01;R5 macho;UD Tape;24,0;S04;P03;Alma;NO;3,456;3,43;
PT-AU89;AU3-3458;ACTR-01900-118;ARS01;R5 macho;UD Tape;24,0;S04;P04;Radio;NO;3,456;3,32;
PT-AU89;AU3-3458;ACTR-01900-118;ARS01;R5 macho;UD Tape;24,0;S04;P05;Faldilla;NO;3,456;3,45;
PT-AU89;AU3-3458;ACTR-01900-118;ARS01;R5 macho;UD Tape;24,0;S04;P06;Faldilla;NO;3,456;3,34;
PT-AU89;AU3-3458;ACTR-01900-118;ARS01;R5 macho;UD Tape;24,0;S01;P01;Alma;NO;3,456;3,42;
PT-AU89;AU3-3458;ACTR-01900-118;ARS01;R5 macho;UD Tape;24,0;S01;P02;Alma;NO;3,456;3,43;
PT-AU89;AU3-3458;ACTR-01900-118;ARS01;R5 macho;UD Tape;24,0;S01;P03;Alma;NO;3,456;3,36;
PT-AU89;AU3-3458;ACTR-01900-118;ARS01;R5 macho;UD Tape;24,0;S01;P04;Radio;NO;3,456;3,38;
PT-AU89;AU3-3458;ACTR-01900-118;ARS01;R5 macho;UD Tape;24,0;S01;P05;Faldilla;NO;3,456;3,49;
PT-AU89;AU3-3458;ACTR-01900-118;ARS01;R5 macho;UD Tape;24,0;S01;P06;Faldilla;NO;3,456;3,35;
PT-AU89;AU3-3458;ACTR-01900-118;ARS01;R5 macho;UD Tape;24,0;S02;P01;Alma;NO;3,456;3,38;
PT-AU89;AU3-3458;ACTR-01900-118;ARS01;R5 macho;UD Tape;24,0;S02;P02;Alma;NO;3,456;3,39;
PT-AU89;AU3-3458;ACTR-01900-118;ARS01;R5 macho;UD Tape;24,0;S02;P03;Alma;NO;3,456;3,47;
PT-AU89;AU3-3458;ACTR-01900-118;ARS01;R5 macho;UD Tape;24,0;S02;P04;Radio;NO;3,456;3,35;
PT-AU89;AU3-3458;ACTR-01900-118;ARS01;R5 macho;UD Tape;24,0;S02;P05;Faldilla;NO;3,456;3,43;
PT-AU89;AU3-3458;ACTR-01900-118;ARS01;R5 macho;UD Tape;24,0;S02;P06;Faldilla;NO;3,456;3,51;
PT-AU89;AU3-3458;ACTR-01900-118;ARS01;R5 macho;UD Tape;24,0;S03;P01;Alma;NO;3,456;3,42;
PT-AU89;AU3-3458;ACTR-01900-118;ARS01;R5 macho;UD Tape;24,0;S03;P02;Alma;NO;3,456;3,48;
PT-AU89;AU3-3458;ACTR-01900-118;ARS01;R5 macho;UD Tape;24,0;S03;P03;Alma;NO;3,456;3,45;
PT-AU89;AU3-3458;ACTR-01900-118;ARS01;R5 macho;UD Tape;24,0;S03;P04;Radio;NO;3,456;3,34;
PT-AU89;AU3-3458;ACTR-01900-118;ARS01;R5 macho;UD Tape;24,0;S03;P05;Faldilla;NO;3,456;3,41;
PT-AU89;AU3-3458;ACTR-01900-118;ARS01;R5 macho;UD Tape;24,0;S03;P06;Faldilla;NO;3,456;3,37;
PT-AU89;AU3-3458;ACTR-01900-118;ARS01;R5 macho;UD Tape;24,0;S04;P01;Alma;NO;3,456;3,3;
PT-AU89;AU3-3458;ACTR-01900-118;ARS01;R5 macho;UD Tape;24,0;S04;P02;Alma;NO;3,456;3,39;
PT-AU89;AU3-3458;ACTR-01900-118;ARS01;R5 macho;UD Tape;24,0;S04;P03;Alma;NO;3,456;3,42;
PT-AU89;AU3-3458;ACTR-01900-118;ARS01;R5 macho;UD Tape;24,0;S04;P04;Radio;NO;3,456;3,38;
PT-AU89;AU3-3458;ACTR-01900-118;ARS01;R5 macho;UD Tape;24,0;S04;P05;Faldilla;NO;3,456;3,4;
PT-AU89;AU3-3458;ACTR-01900-118;ARS01;R5 macho;UD Tape;24,0;S04;P06;Faldilla;NO;3,456;3,39;
PT-AU89;AU3-3458;ACTR-01900-120;ARS01;R5 macho;UD Tape;52,0;S01;P01;Alma;NO;7,488;7,45;
PT-AU89;AU3-3458;ACTR-01900-120;ARS01;R5 macho;UD Tape;52,0;S01;P02;Alma;NO;7,488;7,47;
PT-AU89;AU3-3458;ACTR-01900-120;ARS01;R5 macho;UD Tape;52,0;S01;P03;Alma;NO;7,488;7,46;
PT-AU89;AU3-3458;ACTR-01900-120;ARS01;R5 macho;UD Tape;52,0;S01;P04;Radio;NO;7,488;7,35;
PT-AU89;AU3-3458;ACTR-01900-120;ARS01;R5 macho;UD Tape;52,0;S01;P05;Faldilla;NO;7,488;7,49;
PT-AU89;AU3-3458;ACTR-01900-120;ARS01;R5 macho;UD Tape;52,0;S01;P06;Faldilla;NO;7,488;7,32;
PT-AU89;AU3-3458;ACTR-01900-120;ARS01;R5 macho;UD Tape;52,0;S02;P01;Alma;NO;7,488;7,4;
PT-AU89;AU3-3458;ACTR-01900-120;ARS01;R5 macho;UD Tape;52,0;S02;P02;Alma;NO;7,488;7,42;
PT-AU89;AU3-3458;ACTR-01900-120;ARS01;R5 macho;UD Tape;52,0;S02;P03;Alma;NO;7,488;7,47;
PT-AU89;AU3-3458;ACTR-01900-120;ARS01;R5 macho;UD Tape;52,0;S02;P04;Radio;NO;7,488;7,25;
PT-AU89;AU3-3458;ACTR-01900-120;ARS01;R5 macho;UD Tape;52,0;S02;P05;Faldilla;NO;7,488;7,38;
PT-AU89;AU3-3458;ACTR-01900-120;ARS01;R5 macho;UD Tape;52,0;S02;P06;Faldilla;NO;7,488;7,24;
PT-AU89;AU3-3458;ACTR-01900-120;ARS01;R5 macho;UD Tape;52,0;S03;P01;Alma;NO;7,488;7,4;
PT-AU89;AU3-3458;ACTR-01900-120;ARS01;R5 macho;UD Tape;52,0;S03;P02;Alma;NO;7,488;7,51;
PT-AU89;AU3-3458;ACTR-01900-120;ARS01;R5 macho;UD Tape;52,0;S03;P03;Alma;NO;7,488;7,5;
PT-AU89;AU3-3458;ACTR-01900-120;ARS01;R5 macho;UD Tape;52,0;S03;P04;Radio;NO;7,488;7,24;
PT-AU89;AU3-3458;ACTR-01900-120;ARS01;R5 macho;UD Tape;52,0;S03;P05;Faldilla;NO;7,488;7,47;
PT-AU89;AU3-3458;ACTR-01900-120;ARS01;R5 macho;UD Tape;52,0;S03;P06;Faldilla;NO;7,488;7,27;
PT-AU89;AU3-3458;ACTR-01900-120;ARS01;R5 macho;UD Tape;52,0;S04;P01;Alma;NO;7,488;7,2;
PT-AU89;AU3-3458;ACTR-01900-120;ARS01;R5 macho;UD Tape;52,0;S04;P02;Alma;NO;7,488;7,43;
PT-AU89;AU3-3458;ACTR-01900-120;ARS01;R5 macho;UD Tape;52,0;S04;P03;Alma;NO;7,488;7,38;
PT-AU89;AU3-3458;ACTR-01900-120;ARS01;R5 macho;UD Tape;52,0;S04;P04;Radio;NO;7,488;7,25;
PT-AU89;AU3-3458;ACTR-01900-120;ARS01;R5 macho;UD Tape;52,0;S04;P05;Faldilla;NO;7,488;7,34;
PT-AU89;AU3-3458;ACTR-01900-120;ARS01;R5 macho;UD Tape;52,0;S04;P06;Faldilla;NO;7,488;7,21;
PT-AU89;AU3-3458;ACTR-01900-120;ARS01;R5 macho;UD Tape;52,0;S01;P01;Alma;NO;7,488;7,46;
PT-AU89;AU3-3458;ACTR-01900-120;ARS01;R5 macho;UD Tape;52,0;S01;P02;Alma;NO;7,488;7,47;
PT-AU89;AU3-3458;ACTR-01900-120;ARS01;R5 macho;UD Tape;52,0;S01;P03;Alma;NO;7,488;7,45;
PT-AU89;AU3-3458;ACTR-01900-120;ARS01;R5 macho;UD Tape;52,0;S01;P04;Radio;NO;7,488;7,4;
PT-AU89;AU3-3458;ACTR-01900-120;ARS01;R5 macho;UD Tape;52,0;S01;P05;Faldilla;NO;7,488;7,47;
PT-AU89;AU3-3458;ACTR-01900-120;ARS01;R5 macho;UD Tape;52,0;S01;P06;Faldilla;NO;7,488;7,47;
PT-AU89;AU3-3458;ACTR-01900-120;ARS01;R5 macho;UD Tape;52,0;S02;P01;Alma;NO;7,488;7,4;
PT-AU89;AU3-3458;ACTR-01900-120;ARS01;R5 macho;UD Tape;52,0;S02;P02;Alma;NO;7,488;7,42;
PT-AU89;AU3-3458;ACTR-01900-120;ARS01;R5 macho;UD Tape;52,0;S02;P03;Alma;NO;7,488;7,57;
PT-AU89;AU3-3458;ACTR-01900-120;ARS01;R5 macho;UD Tape;52,0;S02;P04;Radio;NO;7,488;7,29;
PT-AU89;AU3-3458;ACTR-01900-120;ARS01;R5 macho;UD Tape;52,0;S02;P05;Faldilla;NO;7,488;7,54;
PT-AU89;AU3-3458;ACTR-01900-120;ARS01;R5 macho;UD Tape;52,0;S02;P06;Faldilla;NO;7,488;7,41;
PT-AU89;AU3-3458;ACTR-01900-120;ARS01;R5 macho;UD Tape;52,0;S03;P01;Alma;NO;7,488;7,46;
PT-AU89;AU3-3458;ACTR-01900-120;ARS01;R5 macho;UD Tape;52,0;S03;P02;Alma;NO;7,488;7,39;
PT-AU89;AU3-3458;ACTR-01900-120;ARS01;R5 macho;UD Tape;52,0;S03;P03;Alma;NO;7,488;7,51;
PT-AU89;AU3-3458;ACTR-01900-120;ARS01;R5 macho;UD Tape;52,0;S03;P04;Radio;NO;7,488;7,27;
PT-AU89;AU3-3458;ACTR-01900-120;ARS01;R5 macho;UD Tape;52,0;S03;P05;Faldilla;NO;7,488;7,44;
PT-AU89;AU3-3458;ACTR-01900-120;ARS01;R5 macho;UD Tape;52,0;S03;P06;Faldilla;NO;7,488;7,38;
PT-AU89;AU3-3458;ACTR-01900-120;ARS01;R5 macho;UD Tape;52,0;S04;P01;Alma;NO;7,488;7,49;
PT-AU89;AU3-3458;ACTR-01900-120;ARS01;R5 macho;UD Tape;52,0;S04;P02;Alma;NO;7,488;7,38;
PT-AU89;AU3-3458;ACTR-01900-120;ARS01;R5 macho;UD Tape;52,0;S04;P03;Alma;NO;7,488;7,46;
PT-AU89;AU3-3458;ACTR-01900-120;ARS01;R5 macho;UD Tape;52,0;S04;P04;Radio;NO;7,488;7,34;
PT-AU89;AU3-3458;ACTR-01900-120;ARS01;R5 macho;UD Tape;52,0;S04;P05;Faldilla;NO;7,488;7,35;
PT-AU89;AU3-3458;ACTR-01900-120;ARS01;R5 macho;UD Tape;52,0;S04;P06;Faldilla;NO;7,488;7,18;
PT-AU89;AU1-11349;ACTR-01900-118;ARS02;R5 macho;UD Tape;24,0;S01;P01;Alma;NO;3,456;3,41;
PT-AU89;AU1-11349;ACTR-01900-118;ARS02;R5 macho;UD Tape;24,0;S01;P02;Alma;NO;3,456;3,4;
PT-AU89;AU1-11349;ACTR-01900-118;ARS02;R5 macho;UD Tape;24,0;S01;P03;Alma;NO;3,456;3,41;
PT-AU89;AU1-11349;ACTR-01900-118;ARS02;R5 macho;UD Tape;24,0;S01;P04;Radio;NO;3,456;3,49;
PT-AU89;AU1-11349;ACTR-01900-118;ARS02;R5 macho;UD Tape;24,0;S01;P05;Faldilla;NO;3,456;3,48;
PT-AU89;AU1-11349;ACTR-01900-118;ARS02;R5 macho;UD Tape;24,0;S01;P06;Faldilla;NO;3,456;3,36;
PT-AU89;AU1-11349;ACTR-01900-118;ARS02;R5 macho;UD Tape;24,0;S02;P01;Alma;NO;3,456;3,42;
PT-AU89;AU1-11349;ACTR-01900-118;ARS02;R5 macho;UD Tape;24,0;S02;P02;Alma;NO;3,456;3,48;
PT-AU89;AU1-11349;ACTR-01900-118;ARS02;R5 macho;UD Tape;24,0;S02;P03;Alma;NO;3,456;3,47;
PT-AU89;AU1-11349;ACTR-01900-118;ARS02;R5 macho;UD Tape;24,0;S02;P04;Radio;NO;3,456;3,41;
PT-AU89;AU1-11349;ACTR-01900-118;ARS02;R5 macho;UD Tape;24,0;S02;P05;Faldilla;NO;3,456;3,44;
PT-AU89;AU1-11349;ACTR-01900-118;ARS02;R5 macho;UD Tape;24,0;S02;P06;Faldilla;NO;3,456;3,41;
PT-AU89;AU1-11349;ACTR-01900-118;ARS02;R5 macho;UD Tape;24,0;S03;P01;Alma;NO;3,456;3,42;
PT-AU89;AU1-11349;ACTR-01900-118;ARS02;R5 macho;UD Tape;24,0;S03;P02;Alma;NO;3,456;3,51;
PT-AU89;AU1-11349;ACTR-01900-118;ARS02;R5 macho;UD Tape;24,0;S03;P03;Alma;NO;3,456;3,46;
PT-AU89;AU1-11349;ACTR-01900-118;ARS02;R5 macho;UD Tape;24,0;S03;P04;Radio;NO;3,456;3,4;
PT-AU89;AU1-11349;ACTR-01900-118;ARS02;R5 macho;UD Tape;24,0;S03;P05;Faldilla;NO;3,456;3,46;
PT-AU89;AU1-11349;ACTR-01900-118;ARS02;R5 macho;UD Tape;24,0;S03;P06;Faldilla;NO;3,456;3,36;
PT-AU89;AU1-11349;ACTR-01900-118;ARS02;R5 macho;UD Tape;24,0;S04;P01;Alma;NO;3,456;3,34;
PT-AU89;AU1-11349;ACTR-01900-118;ARS02;R5 macho;UD Tape;24,0;S04;P02;Alma;NO;3,456;3,39;
PT-AU89;AU1-11349;ACTR-01900-118;ARS02;R5 macho;UD Tape;24,0;S04;P03;Alma;NO;3,456;3,4;
PT-AU89;AU1-11349;ACTR-01900-118;ARS02;R5 macho;UD Tape;24,0;S04;P04;Radio;NO;3,456;3,42;
PT-AU89;AU1-11349;ACTR-01900-118;ARS02;R5 macho;UD Tape;24,0;S04;P05;Faldilla;NO;3,456;3,36;
PT-AU89;AU1-11349;ACTR-01900-118;ARS02;R5 macho;UD Tape;24,0;S04;P06;Faldilla;NO;3,456;3,36;
PT-AU89;AU1-11349;ACTR-01900-118;ARS02;R5 macho;UD Tape;24,0;S01;P01;Alma;NO;3,456;3,47;
PT-AU89;AU1-11349;ACTR-01900-118;ARS02;R5 macho;UD Tape;24,0;S01;P02;Alma;NO;3,456;3,46;
PT-AU89;AU1-11349;ACTR-01900-118;ARS02;R5 macho;UD Tape;24,0;S01;P03;Alma;NO;3,456;3,47;
PT-AU89;AU1-11349;ACTR-01900-118;ARS02;R5 macho;UD Tape;24,0;S01;P04;Radio;NO;3,456;3,41;
PT-AU89;AU1-11349;ACTR-01900-118;ARS02;R5 macho;UD Tape;24,0;S01;P05;Faldilla;NO;3,456;3,46;
PT-AU89;AU1-11349;ACTR-01900-118;ARS02;R5 macho;UD Tape;24,0;S01;P06;Faldilla;NO;3,456;3,34;
PT-AU89;AU1-11349;ACTR-01900-118;ARS02;R5 macho;UD Tape;24,0;S02;P01;Alma;NO;3,456;3,37;
PT-AU89;AU1-11349;ACTR-01900-118;ARS02;R5 macho;UD Tape;24,0;S02;P02;Alma;NO;3,456;3,43;
PT-AU89;AU1-11349;ACTR-01900-118;ARS02;R5 macho;UD Tape;24,0;S02;P03;Alma;NO;3,456;3,51;
PT-AU89;AU1-11349;ACTR-01900-118;ARS02;R5 macho;UD Tape;24,0;S02;P04;Radio;NO;3,456;3,51;
PT-AU89;AU1-11349;ACTR-01900-118;ARS02;R5 macho;UD Tape;24,0;S02;P05;Faldilla;NO;3,456;3,41;
PT-AU89;AU1-11349;ACTR-01900-118;ARS02;R5 macho;UD Tape;24,0;S02;P06;Faldilla;NO;3,456;3,41;
PT-AU89;AU1-11349;ACTR-01900-118;ARS02;R5 macho;UD Tape;24,0;S03;P01;Alma;NO;3,456;3,5;
PT-AU89;AU1-11349;ACTR-01900-118;ARS02;R5 macho;UD Tape;24,0;S03;P02;Alma;NO;3,456;3,43;
PT-AU89;AU1-11349;ACTR-01900-118;ARS02;R5 macho;UD Tape;24,0;S03;P03;Alma;NO;3,456;3,43;
PT-AU89;AU1-11349;ACTR-01900-118;ARS02;R5 macho;UD Tape;24,0;S03;P04;Radio;NO;3,456;3,48;
PT-AU89;AU1-11349;ACTR-01900-118;ARS02;R5 macho;UD Tape;24,0;S03;P05;Faldilla;NO;3,456;3,42;
PT-AU89;AU1-11349;ACTR-01900-118;ARS02;R5 macho;UD Tape;24,0;S03;P06;Faldilla;NO;3,456;3,36;
PT-AU89;AU1-11349;ACTR-01900-118;ARS02;R5 macho;UD Tape;24,0;S04;P01;Alma;NO;3,456;3,3;
PT-AU89;AU1-11349;ACTR-01900-118;ARS02;R5 macho;UD Tape;24,0;S04;P02;Alma;NO;3,456;3,42;
PT-AU89;AU1-11349;ACTR-01900-118;ARS02;R5 macho;UD Tape;24,0;S04;P03;Alma;NO;3,456;3,38;
PT-AU89;AU1-11349;ACTR-01900-118;ARS02;R5 macho;UD Tape;24,0;S04;P04;Radio;NO;3,456;3,33;
PT-AU89;AU1-11349;ACTR-01900-118;ARS02;R5 macho;UD Tape;24,0;S04;P05;Faldilla;NO;3,456;3,33;
PT-AU89;AU1-11349;ACTR-01900-118;ARS02;R5 macho;UD Tape;24,0;S04;P06;Faldilla;NO;3,456;3,31;
PT-AU89;AU1-11349;ACTR-01900-116;ARS02;R5 macho;UD Tape;16,0;S01;P01;Alma;NO;2,304;2,31;
PT-AU89;AU1-11349;ACTR-01900-116;ARS02;R5 macho;UD Tape;16,0;S01;P02;Alma;NO;2,304;2,25;
PT-AU89;AU1-11349;ACTR-01900-116;ARS02;R5 macho;UD Tape;16,0;S01;P03;Alma;NO;2,304;2,34;
PT-AU89;AU1-11349;ACTR-01900-116;ARS02;R5 macho;UD Tape;16,0;S01;P04;Radio;NO;2,304;2,24;
PT-AU89;AU1-11349;ACTR-01900-116;ARS02;R5 macho;UD Tape;16,0;S01;P05;Faldilla;NO;2,304;2,34;
PT-AU89;AU1-11349;ACTR-01900-116;ARS02;R5 macho;UD Tape;16,0;S01;P06;Faldilla;NO;2,304;2,29;
PT-AU89;AU1-11349;ACTR-01900-116;ARS02;R5 macho;UD Tape;16,0;S02;P01;Alma;NO;2,304;2,26;
PT-AU89;AU1-11349;ACTR-01900-116;ARS02;R5 macho;UD Tape;16,0;S02;P02;Alma;NO;2,304;2,34;
PT-AU89;AU1-11349;ACTR-01900-116;ARS02;R5 macho;UD Tape;16,0;S02;P03;Alma;NO;2,304;2,33;
PT-AU89;AU1-11349;ACTR-01900-116;ARS02;R5 macho;UD Tape;16,0;S02;P04;Radio;NO;2,304;2,29;
PT-AU89;AU1-11349;ACTR-01900-116;ARS02;R5 macho;UD Tape;16,0;S02;P05;Faldilla;NO;2,304;2,31;
PT-AU89;AU1-11349;ACTR-01900-116;ARS02;R5 macho;UD Tape;16,0;S02;P06;Faldilla;NO;2,304;2,22;
PT-AU89;AU1-11349;ACTR-01900-116;ARS02;R5 macho;UD Tape;16,0;S03;P01;Alma;NO;2,304;2,23;
PT-AU89;AU1-11349;ACTR-01900-116;ARS02;R5 macho;UD Tape;16,0;S03;P02;Alma;NO;2,304;2,3;
PT-AU89;AU1-11349;ACTR-01900-116;ARS02;R5 macho;UD Tape;16,0;S03;P03;Alma;NO;2,304;2,32;
PT-AU89;AU1-11349;ACTR-01900-116;ARS02;R5 macho;UD Tape;16,0;S03;P04;Radio;NO;2,304;2,31;
PT-AU89;AU1-11349;ACTR-01900-116;ARS02;R5 macho;UD Tape;16,0;S03;P05;Faldilla;NO;2,304;2,33;
PT-AU89;AU1-11349;ACTR-01900-116;ARS02;R5 macho;UD Tape;16,0;S03;P06;Faldilla;NO;2,304;2,22;
PT-AU89;AU1-11349;ACTR-01900-116;ARS02;R5 macho;UD Tape;16,0;S04;P01;Alma;NO;2,304;2,24;
PT-AU89;AU1-11349;ACTR-01900-116;ARS02;R5 macho;UD Tape;16,0;S04;P02;Alma;NO;2,304;2,24;
PT-AU89;AU1-11349;ACTR-01900-116;ARS02;R5 macho;UD Tape;16,0;S04;P03;Alma;NO;2,304;2,25;
PT-AU89;AU1-11349;ACTR-01900-116;ARS02;R5 macho;UD Tape;16,0;S04;P04;Radio;NO;2,304;2,23;
PT-AU89;AU1-11349;ACTR-01900-116;ARS02;R5 macho;UD Tape;16,0;S04;P05;Faldilla;NO;2,304;2,25;
PT-AU89;AU1-11349;ACTR-01900-116;ARS02;R5 macho;UD Tape;16,0;S04;P06;Faldilla;NO;2,304;2,2;
PT-AU89;AU1-11349;ACTR-01900-118;ARS02;R5 macho;UD Tape;24,0;S01;P01;Alma;NO;3,456;3,38;
PT-AU89;AU1-11349;ACTR-01900-118;ARS02;R5 macho;UD Tape;24,0;S01;P02;Alma;NO;3,456;3,48;
PT-AU89;AU1-11349;ACTR-01900-118;ARS02;R5 macho;UD Tape;24,0;S01;P03;Alma;NO;3,456;3,47;
PT-AU89;AU1-11349;ACTR-01900-118;ARS02;R5 macho;UD Tape;24,0;S01;P04;Radio;NO;3,456;3,46;
PT-AU89;AU1-11349;ACTR-01900-118;ARS02;R5 macho;UD Tape;24,0;S01;P05;Faldilla;NO;3,456;3,47;
PT-AU89;AU1-11349;ACTR-01900-118;ARS02;R5 macho;UD Tape;24,0;S01;P06;Faldilla;NO;3,456;3,28;
PT-AU89;AU1-11349;ACTR-01900-118;ARS02;R5 macho;UD Tape;24,0;S02;P01;Alma;NO;3,456;3,43;
PT-AU89;AU1-11349;ACTR-01900-118;ARS02;R5 macho;UD Tape;24,0;S02;P02;Alma;NO;3,456;3,4;
PT-AU89;AU1-11349;ACTR-01900-118;ARS02;R5 macho;UD Tape;24,0;S02;P03;Alma;NO;3,456;3,42;
PT-AU89;AU1-11349;ACTR-01900-118;ARS02;R5 macho;UD Tape;24,0;S02;P04;Radio;NO;3,456;3,54;
PT-AU89;AU1-11349;ACTR-01900-118;ARS02;R5 macho;UD Tape;24,0;S02;P05;Faldilla;NO;3,456;3,44;
PT-AU89;AU1-11349;ACTR-01900-118;ARS02;R5 macho;UD Tape;24,0;S02;P06;Faldilla;NO;3,456;3,32;
PT-AU89;AU1-11349;ACTR-01900-118;ARS02;R5 macho;UD Tape;24,0;S03;P01;Alma;NO;3,456;3,42;
PT-AU89;AU1-11349;ACTR-01900-118;ARS02;R5 macho;UD Tape;24,0;S03;P02;Alma;NO;3,456;3,47;
PT-AU89;AU1-11349;ACTR-01900-118;ARS02;R5 macho;UD Tape;24,0;S03;P03;Alma;NO;3,456;3,43;
PT-AU89;AU1-11349;ACTR-01900-118;ARS02;R5 macho;UD Tape;24,0;S03;P04;Radio;NO;3,456;3,47;
PT-AU89;AU1-11349;ACTR-01900-118;ARS02;R5 macho;UD Tape;24,0;S03;P05;Faldilla;NO;3,456;3,35;
PT-AU89;AU1-11349;ACTR-01900-118;ARS02;R5 macho;UD Tape;24,0;S03;P06;Faldilla;NO;3,456;3,37;
PT-AU89;AU1-11349;ACTR-01900-118;ARS02;R5 macho;UD Tape;24,0;S04;P01;Alma;NO;3,456;3,4;
PT-AU89;AU1-11349;ACTR-01900-118;ARS02;R5 macho;UD Tape;24,0;S04;P02;Alma;NO;3,456;3,45;
PT-AU89;AU1-11349;ACTR-01900-118;ARS02;R5 macho;UD Tape;24,0;S04;P03;Alma;NO;3,456;3,41;
PT-AU89;AU1-11349;ACTR-01900-118;ARS02;R5 macho;UD Tape;24,0;S04;P04;Radio;NO;3,456;3,47;
PT-AU89;AU1-11349;ACTR-01900-118;ARS02;R5 macho;UD Tape;24,0;S04;P05;Faldilla;NO;3,456;3,4;
PT-AU89;AU1-11349;ACTR-01900-118;ARS02;R5 macho;UD Tape;24,0;S04;P06;Faldilla;NO;3,456;3,4;
PT-AU89;AU1-11349;ACTR-01900-116;ARS02;R5 macho;UD Tape;16,0;S01;P01;Alma;NO;2,304;2,24;
PT-AU89;AU1-11349;ACTR-01900-116;ARS02;R5 macho;UD Tape;16,0;S01;P02;Alma;NO;2,304;2,33;
PT-AU89;AU1-11349;ACTR-01900-116;ARS02;R5 macho;UD Tape;16,0;S01;P03;Alma;NO;2,304;2,3;
PT-AU89;AU1-11349;ACTR-01900-116;ARS02;R5 macho;UD Tape;16,0;S01;P04;Radio;NO;2,304;2,29;
PT-AU89;AU1-11349;ACTR-01900-116;ARS02;R5 macho;UD Tape;16,0;S01;P05;Faldilla;NO;2,304;2,35;
PT-AU89;AU1-11349;ACTR-01900-116;ARS02;R5 macho;UD Tape;16,0;S01;P06;Faldilla;NO;2,304;2,24;
PT-AU89;AU1-11349;ACTR-01900-116;ARS02;R5 macho;UD Tape;16,0;S02;P01;Alma;NO;2,304;2,22;
PT-AU89;AU1-11349;ACTR-01900-116;ARS02;R5 macho;UD Tape;16,0;S02;P02;Alma;NO;2,304;2,3;
PT-AU89;AU1-11349;ACTR-01900-116;ARS02;R5 macho;UD Tape;16,0;S02;P03;Alma;NO;2,304;2,31;
PT-AU89;AU1-11349;ACTR-01900-116;ARS02;R5 macho;UD Tape;16,0;S02;P04;Radio;NO;2,304;2,24;
PT-AU89;AU1-11349;ACTR-01900-116;ARS02;R5 macho;UD Tape;16,0;S02;P05;Faldilla;NO;2,304;2,28;
PT-AU89;AU1-11349;ACTR-01900-116;ARS02;R5 macho;UD Tape;16,0;S02;P06;Faldilla;NO;2,304;2,28;
PT-AU89;AU1-11349;ACTR-01900-116;ARS02;R5 macho;UD Tape;16,0;S03;P01;Alma;NO;2,304;2,22;
PT-AU89;AU1-11349;ACTR-01900-116;ARS02;R5 macho;UD Tape;16,0;S03;P02;Alma;NO;2,304;2,31;
PT-AU89;AU1-11349;ACTR-01900-116;ARS02;R5 macho;UD Tape;16,0;S03;P03;Alma;NO;2,304;2,32;
PT-AU89;AU1-11349;ACTR-01900-116;ARS02;R5 macho;UD Tape;16,0;S03;P04;Radio;NO;2,304;2,25;
PT-AU89;AU1-11349;ACTR-01900-116;ARS02;R5 macho;UD Tape;16,0;S03;P05;Faldilla;NO;2,304;2,29;
PT-AU89;AU1-11349;ACTR-01900-116;ARS02;R5 macho;UD Tape;16,0;S03;P06;Faldilla;NO;2,304;2,2;
PT-AU89;AU1-11349;ACTR-01900-116;ARS02;R5 macho;UD Tape;16,0;S04;P01;Alma;NO;2,304;2,28;
PT-AU89;AU1-11349;ACTR-01900-116;ARS02;R5 macho;UD Tape;16,0;S04;P02;Alma;NO;2,304;2,26;
PT-AU89;AU1-11349;ACTR-01900-116;ARS02;R5 macho;UD Tape;16,0;S04;P03;Alma;NO;2,304;2,26;
PT-AU89;AU1-11349;ACTR-01900-116;ARS02;R5 macho;UD Tape;16,0;S04;P04;Radio;NO;2,304;2,18;
PT-AU89;AU1-11349;ACTR-01900-116;ARS02;R5 macho;UD Tape;16,0;S04;P05;Faldilla;NO;2,304;2,27;
PT-AU89;AU1-11349;ACTR-01900-116;ARS02;R5 macho;UD Tape;16,0;S04;P06;Faldilla;NO;2,304;2,18;
PT-AU89;AU1-11349;ACTR-01900-116;ARS02;R5 macho;UD Tape;16,0;S01;P01;Alma;NO;2,304;2,24;
PT-AU89;AU1-11349;ACTR-01900-116;ARS02;R5 macho;UD Tape;16,0;S01;P02;Alma;NO;2,304;2,3;
PT-AU89;AU1-11349;ACTR-01900-116;ARS02;R5 macho;UD Tape;16,0;S01;P03;Alma;NO;2,304;2,29;
PT-AU89;AU1-11349;ACTR-01900-116;ARS02;R5 macho;UD Tape;16,0;S01;P04;Radio;NO;2,304;2,27;
PT-AU89;AU1-11349;ACTR-01900-116;ARS02;R5 macho;UD Tape;16,0;S01;P05;Faldilla;NO;2,304;2,35;
PT-AU89;AU1-11349;ACTR-01900-116;ARS02;R5 macho;UD Tape;16,0;S01;P06;Faldilla;NO;2,304;2,21;
PT-AU89;AU1-11349;ACTR-01900-116;ARS02;R5 macho;UD Tape;16,0;S02;P01;Alma;NO;2,304;2,27;
PT-AU89;AU1-11349;ACTR-01900-116;ARS02;R5 macho;UD Tape;16,0;S02;P02;Alma;NO;2,304;2,38;
PT-AU89;AU1-11349;ACTR-01900-116;ARS02;R5 macho;UD Tape;16,0;S02;P03;Alma;NO;2,304;2,29;
PT-AU89;AU1-11349;ACTR-01900-116;ARS02;R5 macho;UD Tape;16,0;S02;P04;Radio;NO;2,304;2,35;
PT-AU89;AU1-11349;ACTR-01900-116;ARS02;R5 macho;UD Tape;16,0;S02;P05;Faldilla;NO;2,304;2,34;
PT-AU89;AU1-11349;ACTR-01900-116;ARS02;R5 macho;UD Tape;16,0;S02;P06;Faldilla;NO;2,304;2,31;
PT-AU89;AU1-11349;ACTR-01900-116;ARS02;R5 macho;UD Tape;16,0;S03;P01;Alma;NO;2,304;2,28;
PT-AU89;AU1-11349;ACTR-01900-116;ARS02;R5 macho;UD Tape;16,0;S03;P02;Alma;NO;2,304;2,3;
PT-AU89;AU1-11349;ACTR-01900-116;ARS02;R5 macho;UD Tape;16,0;S03;P03;Alma;NO;2,304;2,28;
PT-AU89;AU1-11349;ACTR-01900-116;ARS02;R5 macho;UD Tape;16,0;S03;P04;Radio;NO;2,304;2,36;
PT-AU89;AU1-11349;ACTR-01900-116;ARS02;R5 macho;UD Tape;16,0;S03;P05;Faldilla;NO;2,304;2,37;
PT-AU89;AU1-11349;ACTR-01900-116;ARS02;R5 macho;UD Tape;16,0;S03;P06;Faldilla;NO;2,304;2,31;
PT-AU89;AU1-11349;ACTR-01900-116;ARS02;R5 macho;UD Tape;16,0;S04;P01;Alma;NO;2,304;2,33;
PT-AU89;AU1-11349;ACTR-01900-116;ARS02;R5 macho;UD Tape;16,0;S04;P02;Alma;NO;2,304;2,3;
PT-AU89;AU1-11349;ACTR-01900-116;ARS02;R5 macho;UD Tape;16,0;S04;P03;Alma;NO;2,304;2,29;
PT-AU89;AU1-11349;ACTR-01900-116;ARS02;R5 macho;UD Tape;16,0;S04;P04;Radio;NO;2,304;2,29;
PT-AU89;AU1-11349;ACTR-01900-116;ARS02;R5 macho;UD Tape;16,0;S04;P05;Faldilla;NO;2,304;2,28;
PT-AU89;AU1-11349;ACTR-01900-116;ARS02;R5 macho;UD Tape;16,0;S04;P06;Faldilla;NO;2,304;2,23;
PT-AU89;AU1-11349;ACTR-01900-114;ARS02;R5 macho;UD Tape;8,0;S01;P01;Alma;NO;1,152;1,14;
PT-AU89;AU1-11349;ACTR-01900-114;ARS02;R5 macho;UD Tape;8,0;S01;P02;Alma;NO;1,152;1,16;
PT-AU89;AU1-11349;ACTR-01900-114;ARS02;R5 macho;UD Tape;8,0;S01;P03;Alma;NO;1,152;1,15;
PT-AU89;AU1-11349;ACTR-01900-114;ARS02;R5 macho;UD Tape;8,0;S01;P04;Radio;NO;1,152;1,24;
PT-AU89;AU1-11349;ACTR-01900-114;ARS02;R5 macho;UD Tape;8,0;S01;P05;Faldilla;NO;1,152;1,14;
PT-AU89;AU1-11349;ACTR-01900-114;ARS02;R5 macho;UD Tape;8,0;S01;P06;Faldilla;NO;1,152;1,09;
PT-AU89;AU1-11349;ACTR-01900-114;ARS02;R5 macho;UD Tape;8,0;S02;P01;Alma;NO;1,152;1,15;
PT-AU89;AU1-11349;ACTR-01900-114;ARS02;R5 macho;UD Tape;8,0;S02;P02;Alma;NO;1,152;1,15;
PT-AU89;AU1-11349;ACTR-01900-114;ARS02;R5 macho;UD Tape;8,0;S02;P03;Alma;NO;1,152;1,12;
PT-AU89;AU1-11349;ACTR-01900-114;ARS02;R5 macho;UD Tape;8,0;S02;P04;Radio;NO;1,152;1,13;
PT-AU89;AU1-11349;ACTR-01900-114;ARS02;R5 macho;UD Tape;8,0;S02;P05;Faldilla;NO;1,152;1,11;
PT-AU89;AU1-11349;ACTR-01900-114;ARS02;R5 macho;UD Tape;8,0;S02;P06;Faldilla;NO;1,152;1,07;
PT-AU89;AU1-11349;ACTR-01900-114;ARS02;R5 macho;UD Tape;8,0;S03;P01;Alma;NO;1,152;1,18;
PT-AU89;AU1-11349;ACTR-01900-114;ARS02;R5 macho;UD Tape;8,0;S03;P02;Alma;NO;1,152;1,15;
PT-AU89;AU1-11349;ACTR-01900-114;ARS02;R5 macho;UD Tape;8,0;S03;P03;Alma;NO;1,152;1,16;
PT-AU89;AU1-11349;ACTR-01900-114;ARS02;R5 macho;UD Tape;8,0;S03;P04;Radio;NO;1,152;1,15;
PT-AU89;AU1-11349;ACTR-01900-114;ARS02;R5 macho;UD Tape;8,0;S03;P05;Faldilla;NO;1,152;1,13;
PT-AU89;AU1-11349;ACTR-01900-114;ARS02;R5 macho;UD Tape;8,0;S03;P06;Faldilla;NO;1,152;1,11;
PT-AU89;AU1-11349;ACTR-01900-114;ARS02;R5 macho;UD Tape;8,0;S04;P01;Alma;NO;1,152;1,15;
PT-AU89;AU1-11349;ACTR-01900-114;ARS02;R5 macho;UD Tape;8,0;S04;P02;Alma;NO;1,152;1,11;
PT-AU89;AU1-11349;ACTR-01900-114;ARS02;R5 macho;UD Tape;8,0;S04;P03;Alma;NO;1,152;1,13;
PT-AU89;AU1-11349;ACTR-01900-114;ARS02;R5 macho;UD Tape;8,0;S04;P04;Radio;NO;1,152;1,17;
PT-AU89;AU1-11349;ACTR-01900-114;ARS02;R5 macho;UD Tape;8,0;S04;P05;Faldilla;NO;1,152;1,14;
PT-AU89;AU1-11349;ACTR-01900-114;ARS02;R5 macho;UD Tape;8,0;S04;P06;Faldilla;NO;1,152;1,11;
PT-AU89;AU1-11349;ACTR-01900-114;ARS02;R5 macho;UD Tape;8,0;S01;P01;Alma;NO;1,152;1,13;
PT-AU89;AU1-11349;ACTR-01900-114;ARS02;R5 macho;UD Tape;8,0;S01;P02;Alma;NO;1,152;1,19;
PT-AU89;AU1-11349;ACTR-01900-114;ARS02;R5 macho;UD Tape;8,0;S01;P03;Alma;NO;1,152;1,12;
PT-AU89;AU1-11349;ACTR-01900-114;ARS02;R5 macho;UD Tape;8,0;S01;P04;Radio;NO;1,152;1,17;
PT-AU89;AU1-11349;ACTR-01900-114;ARS02;R5 macho;UD Tape;8,0;S01;P05;Faldilla;NO;1,152;1,18;
PT-AU89;AU1-11349;ACTR-01900-114;ARS02;R5 macho;UD Tape;8,0;S01;P06;Faldilla;NO;1,152;1,15;
PT-AU89;AU1-11349;ACTR-01900-114;ARS02;R5 macho;UD Tape;8,0;S02;P01;Alma;NO;1,152;1,16;
PT-AU89;AU1-11349;ACTR-01900-114;ARS02;R5 macho;UD Tape;8,0;S02;P02;Alma;NO;1,152;1,17;
PT-AU89;AU1-11349;ACTR-01900-114;ARS02;R5 macho;UD Tape;8,0;S02;P03;Alma;NO;1,152;1,17;
PT-AU89;AU1-11349;ACTR-01900-114;ARS02;R5 macho;UD Tape;8,0;S02;P04;Radio;NO;1,152;1,21;
PT-AU89;AU1-11349;ACTR-01900-114;ARS02;R5 macho;UD Tape;8,0;S02;P05;Faldilla;NO;1,152;1,22;
PT-AU89;AU1-11349;ACTR-01900-114;ARS02;R5 macho;UD Tape;8,0;S02;P06;Faldilla;NO;1,152;1,16;
PT-AU89;AU1-11349;ACTR-01900-114;ARS02;R5 macho;UD Tape;8,0;S03;P01;Alma;NO;1,152;1,14;
PT-AU89;AU1-11349;ACTR-01900-114;ARS02;R5 macho;UD Tape;8,0;S03;P02;Alma;NO;1,152;1,17;
PT-AU89;AU1-11349;ACTR-01900-114;ARS02;R5 macho;UD Tape;8,0;S03;P03;Alma;NO;1,152;1,2;
PT-AU89;AU1-11349;ACTR-01900-114;ARS02;R5 macho;UD Tape;8,0;S03;P04;Radio;NO;1,152;1,21;
PT-AU89;AU1-11349;ACTR-01900-114;ARS02;R5 macho;UD Tape;8,0;S03;P05;Faldilla;NO;1,152;1,22;
PT-AU89;AU1-11349;ACTR-01900-114;ARS02;R5 macho;UD Tape;8,0;S03;P06;Faldilla;NO;1,152;1,16;
PT-AU89;AU1-11349;ACTR-01900-114;ARS02;R5 macho;UD Tape;8,0;S04;P01;Alma;NO;1,152;1,14;
PT-AU89;AU1-11349;ACTR-01900-114;ARS02;R5 macho;UD Tape;8,0;S04;P02;Alma;NO;1,152;1,14;
PT-AU89;AU1-11349;ACTR-01900-114;ARS02;R5 macho;UD Tape;8,0;S04;P03;Alma;NO;1,152;1,16;
PT-AU89;AU1-11349;ACTR-01900-114;ARS02;R5 macho;UD Tape;8,0;S04;P04;Radio;NO;1,152;1,16;
PT-AU89;AU1-11349;ACTR-01900-114;ARS02;R5 macho;UD Tape;8,0;S04;P05;Faldilla;NO;1,152;1,16;
PT-AU89;AU1-11349;ACTR-01900-114;ARS02;R5 macho;UD Tape;8,0;S04;P06;Faldilla;NO;1,152;1,13;
PT-AU89;AU1-11349;ACTR-01900-122;ARS02;R5 macho;PW Fabric;4,0;S01;P01;Alma;NO;0,8;0,8;
PT-AU89;AU1-11349;ACTR-01900-122;ARS02;R5 macho;PW Fabric;4,0;S01;P02;Alma;NO;0,8;0,79;
PT-AU89;AU1-11349;ACTR-01900-122;ARS02;R5 macho;PW Fabric;4,0;S01;P03;Alma;NO;0,8;0,79;
PT-AU89;AU1-11349;ACTR-01900-122;ARS02;R5 macho;PW Fabric;4,0;S01;P04;Radio;NO;0,8;0,74;
PT-AU89;AU1-11349;ACTR-01900-122;ARS02;R5 macho;PW Fabric;4,0;S01;P05;Faldilla;NO;0,8;0,85;
PT-AU89;AU1-11349;ACTR-01900-122;ARS02;R5 macho;PW Fabric;4,0;S01;P06;Faldilla;NO;0,8;0,82;
PT-AU89;AU1-11349;ACTR-01900-122;ARS02;R5 macho;PW Fabric;4,0;S02;P01;Alma;NO;0,8;0,8;
PT-AU89;AU1-11349;ACTR-01900-122;ARS02;R5 macho;PW Fabric;4,0;S02;P02;Alma;NO;0,8;0,82;
PT-AU89;AU1-11349;ACTR-01900-122;ARS02;R5 macho;PW Fabric;4,0;S02;P03;Alma;NO;0,8;0,84;
PT-AU89;AU1-11349;ACTR-01900-122;ARS02;R5 macho;PW Fabric;4,0;S02;P04;Radio;NO;0,8;0,73;
PT-AU89;AU1-11349;ACTR-01900-122;ARS02;R5 macho;PW Fabric;4,0;S02;P05;Faldilla;NO;0,8;0,8;
PT-AU89;AU1-11349;ACTR-01900-122;ARS02;R5 macho;PW Fabric;4,0;S02;P06;Faldilla;NO;0,8;0,8;
PT-AU89;AU1-11349;ACTR-01900-122;ARS02;R5 macho;PW Fabric;4,0;S03;P01;Alma;NO;0,8;0,8;
PT-AU89;AU1-11349;ACTR-01900-122;ARS02;R5 macho;PW Fabric;4,0;S03;P02;Alma;NO;0,8;0,76;
PT-AU89;AU1-11349;ACTR-01900-122;ARS02;R5 macho;PW Fabric;4,0;S03;P03;Alma;NO;0,8;0,79;
PT-AU89;AU1-11349;ACTR-01900-122;ARS02;R5 macho;PW Fabric;4,0;S03;P04;Radio;NO;0,8;0,77;
PT-AU89;AU1-11349;ACTR-01900-122;ARS02;R5 macho;PW Fabric;4,0;S03;P05;Faldilla;NO;0,8;0,76;
PT-AU89;AU1-11349;ACTR-01900-122;ARS02;R5 macho;PW Fabric;4,0;S03;P06;Faldilla;NO;0,8;0,77;
PT-AU89;AU1-11349;ACTR-01900-122;ARS02;R5 macho;PW Fabric;4,0;S04;P01;Alma;NO;0,8;0,78;
PT-AU89;AU1-11349;ACTR-01900-122;ARS02;R5 macho;PW Fabric;4,0;S04;P02;Alma;NO;0,8;0,81;
PT-AU89;AU1-11349;ACTR-01900-122;ARS02;R5 macho;PW Fabric;4,0;S04;P03;Alma;NO;0,8;0,8;
PT-AU89;AU1-11349;ACTR-01900-122;ARS02;R5 macho;PW Fabric;4,0;S04;P04;Radio;NO;0,8;0,82;
PT-AU89;AU1-11349;ACTR-01900-122;ARS02;R5 macho;PW Fabric;4,0;S04;P05;Faldilla;NO;0,8;0,8;
PT-AU89;AU1-11349;ACTR-01900-122;ARS02;R5 macho;PW Fabric;4,0;S04;P06;Faldilla;NO;0,8;0,82;
PT-AU89;AU1-11349;ACTR-01900-126;ARS02;R5 macho;PW Fabric;22,0;S01;P01;Alma;NO;4,4;4,39;
PT-AU89;AU1-11349;ACTR-01900-126;ARS02;R5 macho;PW Fabric;22,0;S01;P02;Alma;NO;4,4;4,37;
PT-AU89;AU1-11349;ACTR-01900-126;ARS02;R5 macho;PW Fabric;22,0;S01;P03;Alma;NO;4,4;4,45;
PT-AU89;AU1-11349;ACTR-01900-126;ARS02;R5 macho;PW Fabric;22,0;S01;P04;Radio;NO;4,4;4,5;
PT-AU89;AU1-11349;ACTR-01900-126;ARS02;R5 macho;PW Fabric;22,0;S01;P05;Faldilla;NO;4,4;4,45;
PT-AU89;AU1-11349;ACTR-01900-126;ARS02;R5 macho;PW Fabric;22,0;S01;P06;Faldilla;NO;4,4;4,42;
PT-AU89;AU1-11349;ACTR-01900-126;ARS02;R5 macho;PW Fabric;22,0;S02;P01;Alma;NO;4,4;4,41;
PT-AU89;AU1-11349;ACTR-01900-126;ARS02;R5 macho;PW Fabric;22,0;S02;P02;Alma;NO;4,4;4,44;
PT-AU89;AU1-11349;ACTR-01900-126;ARS02;R5 macho;PW Fabric;22,0;S02;P03;Alma;NO;4,4;4,41;
PT-AU89;AU1-11349;ACTR-01900-126;ARS02;R5 macho;PW Fabric;22,0;S02;P04;Radio;NO;4,4;4,46;
PT-AU89;AU1-11349;ACTR-01900-126;ARS02;R5 macho;PW Fabric;22,0;S02;P05;Faldilla;NO;4,4;4,45;
PT-AU89;AU1-11349;ACTR-01900-126;ARS02;R5 macho;PW Fabric;22,0;S02;P06;Faldilla;NO;4,4;4,42;
PT-AU89;AU1-11349;ACTR-01900-126;ARS02;R5 macho;PW Fabric;22,0;S03;P01;Alma;NO;4,4;4,45;
PT-AU89;AU1-11349;ACTR-01900-126;ARS02;R5 macho;PW Fabric;22,0;S03;P02;Alma;NO;4,4;4,47;
PT-AU89;AU1-11349;ACTR-01900-126;ARS02;R5 macho;PW Fabric;22,0;S03;P03;Alma;NO;4,4;4,4;
PT-AU89;AU1-11349;ACTR-01900-126;ARS02;R5 macho;PW Fabric;22,0;S03;P04;Radio;NO;4,4;4,53;
PT-AU89;AU1-11349;ACTR-01900-126;ARS02;R5 macho;PW Fabric;22,0;S03;P05;Faldilla;NO;4,4;4,41;
PT-AU89;AU1-11349;ACTR-01900-126;ARS02;R5 macho;PW Fabric;22,0;S03;P06;Faldilla;NO;4,4;4,39;
PT-AU89;AU1-11349;ACTR-01900-126;ARS02;R5 macho;PW Fabric;22,0;S04;P01;Alma;NO;4,4;4,48;
PT-AU89;AU1-11349;ACTR-01900-126;ARS02;R5 macho;PW Fabric;22,0;S04;P02;Alma;NO;4,4;4,5;
PT-AU89;AU1-11349;ACTR-01900-126;ARS02;R5 macho;PW Fabric;22,0;S04;P03;Alma;NO;4,4;4,42;
PT-AU89;AU1-11349;ACTR-01900-126;ARS02;R5 macho;PW Fabric;22,0;S04;P04;Radio;NO;4,4;4,52;
PT-AU89;AU1-11349;ACTR-01900-126;ARS02;R5 macho;PW Fabric;22,0;S04;P05;Faldilla;NO;4,4;4,44;
PT-AU89;AU1-11349;ACTR-01900-126;ARS02;R5 macho;PW Fabric;22,0;S04;P06;Faldilla;NO;4,4;4,46;
PT-AU89;AU1-11349;ACTR-01900-124;ARS02;R5 macho;PW Fabric;14,0;S01;P01;Alma;NO;2,8;2,8;
PT-AU89;AU1-11349;ACTR-01900-124;ARS02;R5 macho;PW Fabric;14,0;S01;P02;Alma;NO;2,8;2,81;
PT-AU89;AU1-11349;ACTR-01900-124;ARS02;R5 macho;PW Fabric;14,0;S01;P03;Alma;NO;2,8;2,78;
PT-AU89;AU1-11349;ACTR-01900-124;ARS02;R5 macho;PW Fabric;14,0;S01;P04;Radio;NO;2,8;2,9;
PT-AU89;AU1-11349;ACTR-01900-124;ARS02;R5 macho;PW Fabric;14,0;S01;P05;Faldilla;NO;2,8;2,89;
PT-AU89;AU1-11349;ACTR-01900-124;ARS02;R5 macho;PW Fabric;14,0;S01;P06;Faldilla;NO;2,8;2,89;
PT-AU89;AU1-11349;ACTR-01900-124;ARS02;R5 macho;PW Fabric;14,0;S02;P01;Alma;NO;2,8;2,86;
PT-AU89;AU1-11349;ACTR-01900-124;ARS02;R5 macho;PW Fabric;14,0;S02;P02;Alma;NO;2,8;2,81;
PT-AU89;AU1-11349;ACTR-01900-124;ARS02;R5 macho;PW Fabric;14,0;S02;P03;Alma;NO;2,8;2,82;
PT-AU89;AU1-11349;ACTR-01900-124;ARS02;R5 macho;PW Fabric;14,0;S02;P04;Radio;NO;2,8;2,84;
PT-AU89;AU1-11349;ACTR-01900-124;ARS02;R5 macho;PW Fabric;14,0;S02;P05;Faldilla;NO;2,8;2,86;
PT-AU89;AU1-11349;ACTR-01900-124;ARS02;R5 macho;PW Fabric;14,0;S02;P06;Faldilla;NO;2,8;2,87;
PT-AU89;AU1-11349;ACTR-01900-124;ARS02;R5 macho;PW Fabric;14,0;S03;P01;Alma;NO;2,8;2,86;
PT-AU89;AU1-11349;ACTR-01900-124;ARS02;R5 macho;PW Fabric;14,0;S03;P02;Alma;NO;2,8;2,89;
PT-AU89;AU1-11349;ACTR-01900-124;ARS02;R5 macho;PW Fabric;14,0;S03;P03;Alma;NO;2,8;2,8;
PT-AU89;AU1-11349;ACTR-01900-124;ARS02;R5 macho;PW Fabric;14,0;S03;P04;Radio;NO;2,8;2,86;
PT-AU89;AU1-11349;ACTR-01900-124;ARS02;R5 macho;PW Fabric;14,0;S03;P05;Faldilla;NO;2,8;2,74;
PT-AU89;AU1-11349;ACTR-01900-124;ARS02;R5 macho;PW Fabric;14,0;S03;P06;Faldilla;NO;2,8;2,88;
PT-AU89;AU1-11349;ACTR-01900-124;ARS02;R5 macho;PW Fabric;14,0;S04;P01;Alma;NO;2,8;2,84;
PT-AU89;AU1-11349;ACTR-01900-124;ARS02;R5 macho;PW Fabric;14,0;S04;P02;Alma;NO;2,8;2,81;
PT-AU89;AU1-11349;ACTR-01900-124;ARS02;R5 macho;PW Fabric;14,0;S04;P03;Alma;NO;2,8;2,83;
PT-AU89;AU1-11349;ACTR-01900-124;ARS02;R5 macho;PW Fabric;14,0;S04;P04;Radio;NO;2,8;2,84;
PT-AU89;AU1-11349;ACTR-01900-124;ARS02;R5 macho;PW Fabric;14,0;S04;P05;Faldilla;NO;2,8;2,76;
PT-AU89;AU1-11349;ACTR-01900-124;ARS02;R5 macho;PW Fabric;14,0;S04;P06;Faldilla;NO;2,8;2,84;
PT-AU89;AU1-11349;ACTR-01900-120;ARS02;R5 macho;UD Tape;52,0;S01;P01;Alma;NO;7,488;7,49;
PT-AU89;AU1-11349;ACTR-01900-120;ARS02;R5 macho;UD Tape;52,0;S01;P02;Alma;NO;7,488;7,47;
PT-AU89;AU1-11349;ACTR-01900-120;ARS02;R5 macho;UD Tape;52,0;S01;P03;Alma;NO;7,488;7,52;
PT-AU89;AU1-11349;ACTR-01900-120;ARS02;R5 macho;UD Tape;52,0;S01;P04;Radio;NO;7,488;7,35;
PT-AU89;AU1-11349;ACTR-01900-120;ARS02;R5 macho;UD Tape;52,0;S01;P05;Faldilla;NO;7,488;7,54;
PT-AU89;AU1-11349;ACTR-01900-120;ARS02;R5 macho;UD Tape;52,0;S01;P06;Faldilla;NO;7,488;7,34;
PT-AU89;AU1-11349;ACTR-01900-120;ARS02;R5 macho;UD Tape;52,0;S02;P01;Alma;NO;7,488;7,46;
PT-AU89;AU1-11349;ACTR-01900-120;ARS02;R5 macho;UD Tape;52,0;S02;P02;Alma;NO;7,488;7,51;
PT-AU89;AU1-11349;ACTR-01900-120;ARS02;R5 macho;UD Tape;52,0;S02;P03;Alma;NO;7,488;7,55;
PT-AU89;AU1-11349;ACTR-01900-120;ARS02;R5 macho;UD Tape;52,0;S02;P04;Radio;NO;7,488;7,33;
PT-AU89;AU1-11349;ACTR-01900-120;ARS02;R5 macho;UD Tape;52,0;S02;P05;Faldilla;NO;7,488;7,51;
PT-AU89;AU1-11349;ACTR-01900-120;ARS02;R5 macho;UD Tape;52,0;S02;P06;Faldilla;NO;7,488;7,36;
PT-AU89;AU1-11349;ACTR-01900-120;ARS02;R5 macho;UD Tape;52,0;S03;P01;Alma;NO;7,488;7,35;
PT-AU89;AU1-11349;ACTR-01900-120;ARS02;R5 macho;UD Tape;52,0;S03;P02;Alma;NO;7,488;7,47;
PT-AU89;AU1-11349;ACTR-01900-120;ARS02;R5 macho;UD Tape;52,0;S03;P03;Alma;NO;7,488;7,44;
PT-AU89;AU1-11349;ACTR-01900-120;ARS02;R5 macho;UD Tape;52,0;S03;P04;Radio;NO;7,488;7,39;
PT-AU89;AU1-11349;ACTR-01900-120;ARS02;R5 macho;UD Tape;52,0;S03;P05;Faldilla;NO;7,488;7,44;
PT-AU89;AU1-11349;ACTR-01900-120;ARS02;R5 macho;UD Tape;52,0;S03;P06;Faldilla;NO;7,488;7,31;
PT-AU89;AU1-11349;ACTR-01900-120;ARS02;R5 macho;UD Tape;52,0;S04;P01;Alma;NO;7,488;7,27;
PT-AU89;AU1-11349;ACTR-01900-120;ARS02;R5 macho;UD Tape;52,0;S04;P02;Alma;NO;7,488;7,39;
PT-AU89;AU1-11349;ACTR-01900-120;ARS02;R5 macho;UD Tape;52,0;S04;P03;Alma;NO;7,488;7,4;
PT-AU89;AU1-11349;ACTR-01900-120;ARS02;R5 macho;UD Tape;52,0;S04;P04;Radio;NO;7,488;7,19;
PT-AU89;AU1-11349;ACTR-01900-120;ARS02;R5 macho;UD Tape;52,0;S04;P05;Faldilla;NO;7,488;7,47;
PT-AU89;AU1-11349;ACTR-01900-120;ARS02;R5 macho;UD Tape;52,0;S04;P06;Faldilla;NO;7,488;7,29;
PT-AU89;AU1-11349;ACTR-01900-120;ARS02;R5 macho;UD Tape;52,0;S01;P01;Alma;NO;7,488;7,26;
PT-AU89;AU1-11349;ACTR-01900-120;ARS02;R5 macho;UD Tape;52,0;S01;P02;Alma;NO;7,488;7,48;
PT-AU89;AU1-11349;ACTR-01900-120;ARS02;R5 macho;UD Tape;52,0;S01;P03;Alma;NO;7,488;7,54;
PT-AU89;AU1-11349;ACTR-01900-120;ARS02;R5 macho;UD Tape;52,0;S01;P04;Radio;NO;7,488;7,36;
PT-AU89;AU1-11349;ACTR-01900-120;ARS02;R5 macho;UD Tape;52,0;S01;P05;Faldilla;NO;7,488;7,54;
PT-AU89;AU1-11349;ACTR-01900-120;ARS02;R5 macho;UD Tape;52,0;S01;P06;Faldilla;NO;7,488;7,2;
PT-AU89;AU1-11349;ACTR-01900-120;ARS02;R5 macho;UD Tape;52,0;S02;P01;Alma;NO;7,488;7,46;
PT-AU89;AU1-11349;ACTR-01900-120;ARS02;R5 macho;UD Tape;52,0;S02;P02;Alma;NO;7,488;7,56;
PT-AU89;AU1-11349;ACTR-01900-120;ARS02;R5 macho;UD Tape;52,0;S02;P03;Alma;NO;7,488;7,52;
PT-AU89;AU1-11349;ACTR-01900-120;ARS02;R5 macho;UD Tape;52,0;S02;P04;Radio;NO;7,488;7,28;
PT-AU89;AU1-11349;ACTR-01900-120;ARS02;R5 macho;UD Tape;52,0;S02;P05;Faldilla;NO;7,488;7,59;
PT-AU89;AU1-11349;ACTR-01900-120;ARS02;R5 macho;UD Tape;52,0;S02;P06;Faldilla;NO;7,488;7,21;
PT-AU89;AU1-11349;ACTR-01900-120;ARS02;R5 macho;UD Tape;52,0;S03;P01;Alma;NO;7,488;7,44;
PT-AU89;AU1-11349;ACTR-01900-120;ARS02;R5 macho;UD Tape;52,0;S03;P02;Alma;NO;7,488;7,45;
PT-AU89;AU1-11349;ACTR-01900-120;ARS02;R5 macho;UD Tape;52,0;S03;P03;Alma;NO;7,488;7,47;
PT-AU89;AU1-11349;ACTR-01900-120;ARS02;R5 macho;UD Tape;52,0;S03;P04;Radio;NO;7,488;7,36;
PT-AU89;AU1-11349;ACTR-01900-120;ARS02;R5 macho;UD Tape;52,0;S03;P05;Faldilla;NO;7,488;7,56;
PT-AU89;AU1-11349;ACTR-01900-120;ARS02;R5 macho;UD Tape;52,0;S03;P06;Faldilla;NO;7,488;7,27;
PT-AU89;AU1-11349;ACTR-01900-120;ARS02;R5 macho;UD Tape;52,0;S04;P01;Alma;NO;7,488;7,23;
PT-AU89;AU1-11349;ACTR-01900-120;ARS02;R5 macho;UD Tape;52,0;S04;P02;Alma;NO;7,488;7,45;
PT-AU89;AU1-11349;ACTR-01900-120;ARS02;R5 macho;UD Tape;52,0;S04;P03;Alma;NO;7,488;7,48;
PT-AU89;AU1-11349;ACTR-01900-120;ARS02;R5 macho;UD Tape;52,0;S04;P04;Radio;NO;7,488;7,37;
PT-AU89;AU1-11349;ACTR-01900-120;ARS02;R5 macho;UD Tape;52,0;S04;P05;Faldilla;NO;7,488;7,56;
PT-AU89;AU1-11349;ACTR-01900-120;ARS02;R5 macho;UD Tape;52,0;S04;P06;Faldilla;NO;7,488;7,2;
PT-AU89;AU1-11349;ACTR-01900-126;ARS02;R5 macho;PW Fabric;22,0;S01;P01;Alma;NO;4,4;4,45;
PT-AU89;AU1-11349;ACTR-01900-126;ARS02;R5 macho;PW Fabric;22,0;S01;P02;Alma;NO;4,4;4,4;
PT-AU89;AU1-11349;ACTR-01900-126;ARS02;R5 macho;PW Fabric;22,0;S01;P03;Alma;NO;4,4;4,48;
PT-AU89;AU1-11349;ACTR-01900-126;ARS02;R5 macho;PW Fabric;22,0;S01;P04;Radio;NO;4,4;4,46;
PT-AU89;AU1-11349;ACTR-01900-126;ARS02;R5 macho;PW Fabric;22,0;S01;P05;Faldilla;NO;4,4;4,41;
PT-AU89;AU1-11349;ACTR-01900-126;ARS02;R5 macho;PW Fabric;22,0;S01;P06;Faldilla;NO;4,4;4,41;
PT-AU89;AU1-11349;ACTR-01900-126;ARS02;R5 macho;PW Fabric;22,0;S02;P01;Alma;NO;4,4;4,44;
PT-AU89;AU1-11349;ACTR-01900-126;ARS02;R5 macho;PW Fabric;22,0;S02;P02;Alma;NO;4,4;4,41;
PT-AU89;AU1-11349;ACTR-01900-126;ARS02;R5 macho;PW Fabric;22,0;S02;P03;Alma;NO;4,4;4,44;
PT-AU89;AU1-11349;ACTR-01900-126;ARS02;R5 macho;PW Fabric;22,0;S02;P04;Radio;NO;4,4;4,42;
PT-AU89;AU1-11349;ACTR-01900-126;ARS02;R5 macho;PW Fabric;22,0;S02;P05;Faldilla;NO;4,4;4,4;
PT-AU89;AU1-11349;ACTR-01900-126;ARS02;R5 macho;PW Fabric;22,0;S02;P06;Faldilla;NO;4,4;4,45;
PT-AU89;AU1-11349;ACTR-01900-126;ARS02;R5 macho;PW Fabric;22,0;S03;P01;Alma;NO;4,4;4,47;
PT-AU89;AU1-11349;ACTR-01900-126;ARS02;R5 macho;PW Fabric;22,0;S03;P02;Alma;NO;4,4;4,43;
PT-AU89;AU1-11349;ACTR-01900-126;ARS02;R5 macho;PW Fabric;22,0;S03;P03;Alma;NO;4,4;4,48;
PT-AU89;AU1-11349;ACTR-01900-126;ARS02;R5 macho;PW Fabric;22,0;S03;P04;Radio;NO;4,4;4,56;
PT-AU89;AU1-11349;ACTR-01900-126;ARS02;R5 macho;PW Fabric;22,0;S03;P05;Faldilla;NO;4,4;4,49;
PT-AU89;AU1-11349;ACTR-01900-126;ARS02;R5 macho;PW Fabric;22,0;S03;P06;Faldilla;NO;4,4;4,43;
PT-AU89;AU1-11349;ACTR-01900-126;ARS02;R5 macho;PW Fabric;22,0;S04;P01;Alma;NO;4,4;4,44;
PT-AU89;AU1-11349;ACTR-01900-126;ARS02;R5 macho;PW Fabric;22,0;S04;P02;Alma;NO;4,4;4,46;
PT-AU89;AU1-11349;ACTR-01900-126;ARS02;R5 macho;PW Fabric;22,0;S04;P03;Alma;NO;4,4;4,46;
PT-AU89;AU1-11349;ACTR-01900-126;ARS02;R5 macho;PW Fabric;22,0;S04;P04;Radio;NO;4,4;4,48;
PT-AU89;AU1-11349;ACTR-01900-126;ARS02;R5 macho;PW Fabric;22,0;S04;P05;Faldilla;NO;4,4;4,51;
PT-AU89;AU1-11349;ACTR-01900-126;ARS02;R5 macho;PW Fabric;22,0;S04;P06;Faldilla;NO;4,4;4,35;
PT-AU89;AU1-11349;ACTR-01900-122;ARS02;R5 macho;PW Fabric;4,0;S01;P01;Alma;NO;0,8;0,77;
PT-AU89;AU1-11349;ACTR-01900-122;ARS02;R5 macho;PW Fabric;4,0;S01;P02;Alma;NO;0,8;0,78;
PT-AU89;AU1-11349;ACTR-01900-122;ARS02;R5 macho;PW Fabric;4,0;S01;P03;Alma;NO;0,8;0,83;
PT-AU89;AU1-11349;ACTR-01900-122;ARS02;R5 macho;PW Fabric;4,0;S01;P04;Radio;NO;0,8;0,76;
PT-AU89;AU1-11349;ACTR-01900-122;ARS02;R5 macho;PW Fabric;4,0;S01;P05;Faldilla;NO;0,8;0,78;
PT-AU89;AU1-11349;ACTR-01900-122;ARS02;R5 macho;PW Fabric;4,0;S01;P06;Faldilla;NO;0,8;0,82;
PT-AU89;AU1-11349;ACTR-01900-122;ARS02;R5 macho;PW Fabric;4,0;S02;P01;Alma;NO;0,8;0,82;
PT-AU89;AU1-11349;ACTR-01900-122;ARS02;R5 macho;PW Fabric;4,0;S02;P02;Alma;NO;0,8;0,79;
PT-AU89;AU1-11349;ACTR-01900-122;ARS02;R5 macho;PW Fabric;4,0;S02;P03;Alma;NO;0,8;0,8;
PT-AU89;AU1-11349;ACTR-01900-122;ARS02;R5 macho;PW Fabric;4,0;S02;P04;Radio;NO;0,8;0,87;
PT-AU89;AU1-11349;ACTR-01900-122;ARS02;R5 macho;PW Fabric;4,0;S02;P05;Faldilla;NO;0,8;0,79;
PT-AU89;AU1-11349;ACTR-01900-122;ARS02;R5 macho;PW Fabric;4,0;S02;P06;Faldilla;NO;0,8;0,78;
PT-AU89;AU1-11349;ACTR-01900-122;ARS02;R5 macho;PW Fabric;4,0;S03;P01;Alma;NO;0,8;0,81;
PT-AU89;AU1-11349;ACTR-01900-122;ARS02;R5 macho;PW Fabric;4,0;S03;P02;Alma;NO;0,8;0,78;
PT-AU89;AU1-11349;ACTR-01900-122;ARS02;R5 macho;PW Fabric;4,0;S03;P03;Alma;NO;0,8;0,82;
PT-AU89;AU1-11349;ACTR-01900-122;ARS02;R5 macho;PW Fabric;4,0;S03;P04;Radio;NO;0,8;0,86;
PT-AU89;AU1-11349;ACTR-01900-122;ARS02;R5 macho;PW Fabric;4,0;S03;P05;Faldilla;NO;0,8;0,79;
PT-AU89;AU1-11349;ACTR-01900-122;ARS02;R5 macho;PW Fabric;4,0;S03;P06;Faldilla;NO;0,8;0,77;
PT-AU89;AU1-11349;ACTR-01900-122;ARS02;R5 macho;PW Fabric;4,0;S04;P01;Alma;NO;0,8;0,83;
PT-AU89;AU1-11349;ACTR-01900-122;ARS02;R5 macho;PW Fabric;4,0;S04;P02;Alma;NO;0,8;0,84;
PT-AU89;AU1-11349;ACTR-01900-122;ARS02;R5 macho;PW Fabric;4,0;S04;P03;Alma;NO;0,8;0,86;
PT-AU89;AU1-11349;ACTR-01900-122;ARS02;R5 macho;PW Fabric;4,0;S04;P04;Radio;NO;0,8;0,85;
PT-AU89;AU1-11349;ACTR-01900-122;ARS02;R5 macho;PW Fabric;4,0;S04;P05;Faldilla;NO;0,8;0,82;
PT-AU89;AU1-11349;ACTR-01900-122;ARS02;R5 macho;PW Fabric;4,0;S04;P06;Faldilla;NO;0,8;0,82;
PT-AU89;AU1-11349;ACTR-01900-124;ARS02;R5 macho;PW Fabric;14,0;S01;P01;Alma;NO;2,8;2,82;
PT-AU89;AU1-11349;ACTR-01900-124;ARS02;R5 macho;PW Fabric;14,0;S01;P02;Alma;NO;2,8;2,9;
PT-AU89;AU1-11349;ACTR-01900-124;ARS02;R5 macho;PW Fabric;14,0;S01;P03;Alma;NO;2,8;2,82;
PT-AU89;AU1-11349;ACTR-01900-124;ARS02;R5 macho;PW Fabric;14,0;S01;P04;Radio;NO;2,8;2,83;
PT-AU89;AU1-11349;ACTR-01900-124;ARS02;R5 macho;PW Fabric;14,0;S01;P05;Faldilla;NO;2,8;2,8;
PT-AU89;AU1-11349;ACTR-01900-124;ARS02;R5 macho;PW Fabric;14,0;S01;P06;Faldilla;NO;2,8;2,83;
PT-AU89;AU1-11349;ACTR-01900-124;ARS02;R5 macho;PW Fabric;14,0;S02;P01;Alma;NO;2,8;2,8;
PT-AU89;AU1-11349;ACTR-01900-124;ARS02;R5 macho;PW Fabric;14,0;S02;P02;Alma;NO;2,8;2,81;
PT-AU89;AU1-11349;ACTR-01900-124;ARS02;R5 macho;PW Fabric;14,0;S02;P03;Alma;NO;2,8;2,78;
PT-AU89;AU1-11349;ACTR-01900-124;ARS02;R5 macho;PW Fabric;14,0;S02;P04;Radio;NO;2,8;2,91;
PT-AU89;AU1-11349;ACTR-01900-124;ARS02;R5 macho;PW Fabric;14,0;S02;P05;Faldilla;NO;2,8;2,82;
PT-AU89;AU1-11349;ACTR-01900-124;ARS02;R5 macho;PW Fabric;14,0;S02;P06;Faldilla;NO;2,8;2,84;
PT-AU89;AU1-11349;ACTR-01900-124;ARS02;R5 macho;PW Fabric;14,0;S03;P01;Alma;NO;2,8;2,78;
PT-AU89;AU1-11349;ACTR-01900-124;ARS02;R5 macho;PW Fabric;14,0;S03;P02;Alma;NO;2,8;2,88;
PT-AU89;AU1-11349;ACTR-01900-124;ARS02;R5 macho;PW Fabric;14,0;S03;P03;Alma;NO;2,8;2,87;
PT-AU89;AU1-11349;ACTR-01900-124;ARS02;R5 macho;PW Fabric;14,0;S03;P04;Radio;NO;2,8;2,92;
PT-AU89;AU1-11349;ACTR-01900-124;ARS02;R5 macho;PW Fabric;14,0;S03;P05;Faldilla;NO;2,8;2,79;
PT-AU89;AU1-11349;ACTR-01900-124;ARS02;R5 macho;PW Fabric;14,0;S03;P06;Faldilla;NO;2,8;2,8;
PT-AU89;AU1-11349;ACTR-01900-124;ARS02;R5 macho;PW Fabric;14,0;S04;P01;Alma;NO;2,8;2,81;
PT-AU89;AU1-11349;ACTR-01900-124;ARS02;R5 macho;PW Fabric;14,0;S04;P02;Alma;NO;2,8;2,8;
PT-AU89;AU1-11349;ACTR-01900-124;ARS02;R5 macho;PW Fabric;14,0;S04;P03;Alma;NO;2,8;2,84;
PT-AU89;AU1-11349;ACTR-01900-124;ARS02;R5 macho;PW Fabric;14,0;S04;P04;Radio;NO;2,8;3,0;
PT-AU89;AU1-11349;ACTR-01900-124;ARS02;R5 macho;PW Fabric;14,0;S04;P05;Faldilla;NO;2,8;2,86;
PT-AU89;AU1-11349;ACTR-01900-124;ARS02;R5 macho;PW Fabric;14,0;S04;P06;Faldilla;NO;2,8;2,84;
PT-AU89;AU1-11349;ACTR-01900-120;ARS02;R5 macho;UD Tape;52,0;S01;P01;Alma;NO;7,488;7,5;
PT-AU89;AU1-11349;ACTR-01900-120;ARS02;R5 macho;UD Tape;52,0;S01;P02;Alma;NO;7,488;7,49;
PT-AU89;AU1-11349;ACTR-01900-120;ARS02;R5 macho;UD Tape;52,0;S01;P03;Alma;NO;7,488;7,49;
PT-AU89;AU1-11349;ACTR-01900-120;ARS02;R5 macho;UD Tape;52,0;S01;P04;Radio;NO;7,488;7,42;
PT-AU89;AU1-11349;ACTR-01900-120;ARS02;R5 macho;UD Tape;52,0;S01;P05;Faldilla;NO;7,488;7,49;
PT-AU89;AU1-11349;ACTR-01900-120;ARS02;R5 macho;UD Tape;52,0;S01;P06;Faldilla;NO;7,488;7,23;
PT-AU89;AU1-11349;ACTR-01900-120;ARS02;R5 macho;UD Tape;52,0;S02;P01;Alma;NO;7,488;7,48;
PT-AU89;AU1-11349;ACTR-01900-120;ARS02;R5 macho;UD Tape;52,0;S02;P02;Alma;NO;7,488;7,45;
PT-AU89;AU1-11349;ACTR-01900-120;ARS02;R5 macho;UD Tape;52,0;S02;P03;Alma;NO;7,488;7,53;
PT-AU89;AU1-11349;ACTR-01900-120;ARS02;R5 macho;UD Tape;52,0;S02;P04;Radio;NO;7,488;7,26;
PT-AU89;AU1-11349;ACTR-01900-120;ARS02;R5 macho;UD Tape;52,0;S02;P05;Faldilla;NO;7,488;7,47;
PT-AU89;AU1-11349;ACTR-01900-120;ARS02;R5 macho;UD Tape;52,0;S02;P06;Faldilla;NO;7,488;7,34;
PT-AU89;AU1-11349;ACTR-01900-120;ARS02;R5 macho;UD Tape;52,0;S03;P01;Alma;NO;7,488;7,47;
PT-AU89;AU1-11349;ACTR-01900-120;ARS02;R5 macho;UD Tape;52,0;S03;P02;Alma;NO;7,488;7,49;
PT-AU89;AU1-11349;ACTR-01900-120;ARS02;R5 macho;UD Tape;52,0;S03;P03;Alma;NO;7,488;7,52;
PT-AU89;AU1-11349;ACTR-01900-120;ARS02;R5 macho;UD Tape;52,0;S03;P04;Radio;NO;7,488;7,27;
PT-AU89;AU1-11349;ACTR-01900-120;ARS02;R5 macho;UD Tape;52,0;S03;P05;Faldilla;NO;7,488;7,42;
PT-AU89;AU1-11349;ACTR-01900-120;ARS02;R5 macho;UD Tape;52,0;S03;P06;Faldilla;NO;7,488;7,28;
PT-AU89;AU1-11349;ACTR-01900-120;ARS02;R5 macho;UD Tape;52,0;S04;P01;Alma;NO;7,488;7,36;
PT-AU89;AU1-11349;ACTR-01900-120;ARS02;R5 macho;UD Tape;52,0;S04;P02;Alma;NO;7,488;7,49;
PT-AU89;AU1-11349;ACTR-01900-120;ARS02;R5 macho;UD Tape;52,0;S04;P03;Alma;NO;7,488;7,44;
PT-AU89;AU1-11349;ACTR-01900-120;ARS02;R5 macho;UD Tape;52,0;S04;P04;Radio;NO;7,488;7,23;
PT-AU89;AU1-11349;ACTR-01900-120;ARS02;R5 macho;UD Tape;52,0;S04;P05;Faldilla;NO;7,488;7,51;
PT-AU89;AU1-11349;ACTR-01900-120;ARS02;R5 macho;UD Tape;52,0;S04;P06;Faldilla;NO;7,488;7,21;
PT-AU57;AU01-3421;;;R13 hembra;UD Tape;52,0;1X;P03;Faldilla;NO;7,488;7,72;1002222777
PT-AU57;AU01-3421;;;R13 hembra;UD Tape;52,0;1X;P04;Radio;NO;7,488;7,65;1002222777
PT-AU57;AU01-3421;;;R13 hembra;UD Tape;52,0;1X;P05;Alma;NO;7,488;7,76;1002222777
PT-AU57;AU01-3421;;;R13 hembra;UD Tape;52,0;1X;P06;Alma;NO;7,488;7,71;1002222777
PT-AU57;AU01-3421;;;R13 hembra;UD Tape;52,0;1X;P07;Alma;NO;7,488;7,71;1002222777
PT-AU57;AU01-3421;;;R13 hembra;UD Tape;52,0;2X;P03;Faldilla;NO;7,488;7,7;1002222777
PT-AU57;AU01-3421;;;R13 hembra;UD Tape;52,0;2X;P04;Radio;NO;7,488;8,08;1002222777
PT-AU57;AU01-3421;;;R13 hembra;UD Tape;52,0;2X;P05;Alma;NO;7,488;7,79;1002222777
PT-AU57;AU01-3421;;;R13 hembra;UD Tape;52,0;2X;P06;Alma;NO;7,488;7,74;1002222777
PT-AU57;AU01-3421;;;R13 hembra;UD Tape;52,0;2X;P07;Alma;NO;7,488;7,69;1002222777
PT-AU57;AU01-3421;;;R13 hembra;UD Tape;52,0;3X;P03;Faldilla;NO;7,488;7,69;1002222777
PT-AU57;AU01-3421;;;R13 hembra;UD Tape;52,0;3X;P04;Radio;NO;7,488;8,16;1002222777
PT-AU57;AU01-3421;;;R13 hembra;UD Tape;52,0;3X;P05;Alma;NO;7,488;7,73;1002222777
PT-AU57;AU01-3421;;;R13 hembra;UD Tape;52,0;3X;P06;Alma;NO;7,488;7,69;1002222777
PT-AU57;AU01-3421;;;R13 hembra;UD Tape;52,0;3X;P07;Alma;NO;7,488;7,68;1002222777
PT-AU57;AU01-3421;;;R13 hembra;UD Tape;52,0;4X;P03;Faldilla;NO;7,488;7,75;1002222777
PT-AU57;AU01-3421;;;R13 hembra;UD Tape;52,0;4X;P04;Radio;NO;7,488;7,92;1002222777
PT-AU57;AU01-3421;;;R13 hembra;UD Tape;52,0;4X;P05;Alma;NO;7,488;7,73;1002222777
PT-AU57;AU01-3421;;;R13 hembra;UD Tape;52,0;4X;P06;Alma;NO;7,488;7,71;1002222777
PT-AU57;AU01-3421;;;R13 hembra;UD Tape;52,0;4X;P07;Alma;NO;7,488;7,75;1002222777
PT-AU57;AU01-3421;;;R13 hembra;PW Fabric;22,0;1X;P03;Faldilla;NO;4,4;4,45;1002222798
PT-AU57;AU01-3421;;;R13 hembra;PW Fabric;22,0;1X;P04;Radio;NO;4,4;4,65;1002222798
PT-AU57;AU01-3421;;;R13 hembra;PW Fabric;22,0;1X;P05;Alma;NO;4,4;4,5;1002222798
PT-AU57;AU01-3421;;;R13 hembra;PW Fabric;22,0;1X;P06;Alma;NO;4,4;4,51;1002222798
PT-AU57;AU01-3421;;;R13 hembra;PW Fabric;22,0;1X;P07;Alma;NO;4,4;4,47;1002222798
PT-AU57;AU01-3421;;;R13 hembra;PW Fabric;22,0;2X;P03;Faldilla;NO;4,4;4,41;1002222798
PT-AU57;AU01-3421;;;R13 hembra;PW Fabric;22,0;2X;P04;Radio;NO;4,4;4,66;1002222798
PT-AU57;AU01-3421;;;R13 hembra;PW Fabric;22,0;2X;P05;Alma;NO;4,4;4,47;1002222798
PT-AU57;AU01-3421;;;R13 hembra;PW Fabric;22,0;2X;P06;Alma;NO;4,4;4,52;1002222798
PT-AU57;AU01-3421;;;R13 hembra;PW Fabric;22,0;2X;P07;Alma;NO;4,4;4,46;1002222798
PT-AU57;AU01-3421;;;R13 hembra;PW Fabric;22,0;3X;P03;Faldilla;NO;4,4;4,43;1002222798
PT-AU57;AU01-3421;;;R13 hembra;PW Fabric;22,0;3X;P04;Radio;NO;4,4;4,64;1002222798
PT-AU57;AU01-3421;;;R13 hembra;PW Fabric;22,0;3X;P05;Alma;NO;4,4;4,54;1002222798
PT-AU57;AU01-3421;;;R13 hembra;PW Fabric;22,0;3X;P06;Alma;NO;4,4;4,49;1002222798
PT-AU57;AU01-3421;;;R13 hembra;PW Fabric;22,0;3X;P07;Alma;NO;4,4;4,51;1002222798
PT-AU57;AU01-3421;;;R13 hembra;PW Fabric;22,0;4X;P03;Faldilla;NO;4,4;4,38;1002222798
PT-AU57;AU01-3421;;;R13 hembra;PW Fabric;22,0;4X;P04;Radio;NO;4,4;4,66;1002222798
PT-AU57;AU01-3421;;;R13 hembra;PW Fabric;22,0;4X;P05;Alma;NO;4,4;4,45;1002222798
PT-AU57;AU01-3421;;;R13 hembra;PW Fabric;22,0;4X;P06;Alma;NO;4,4;4,43;1002222798
PT-AU57;AU01-3421;;;R13 hembra;PW Fabric;22,0;4X;P07;Alma;NO;4,4;4,48;1002222798
PT-AU57;AU01-3421;;;R13 hembra;PW Fabric;22,0;1X;P03;Faldilla;NO;4,4;4,48;1002222789
PT-AU57;AU01-3421;;;R13 hembra;PW Fabric;22,0;1X;P04;Radio;NO;4,4;4,63;1002222789
PT-AU57;AU01-3421;;;R13 hembra;PW Fabric;22,0;1X;P05;Alma;NO;4,4;4,44;1002222789
PT-AU57;AU01-3421;;;R13 hembra;PW Fabric;22,0;1X;P06;Alma;NO;4,4;4,46;1002222789
PT-AU57;AU01-3421;;;R13 hembra;PW Fabric;22,0;1X;P07;Alma;NO;4,4;4,41;1002222789
PT-AU57;AU01-3421;;;R13 hembra;PW Fabric;22,0;2X;P03;Faldilla;NO;4,4;4,39;1002222789
PT-AU57;AU01-3421;;;R13 hembra;PW Fabric;22,0;2X;P04;Radio;NO;4,4;4,6;1002222789
PT-AU57;AU01-3421;;;R13 hembra;PW Fabric;22,0;2X;P05;Alma;NO;4,4;4,48;1002222789
PT-AU57;AU01-3421;;;R13 hembra;PW Fabric;22,0;2X;P06;Alma;NO;4,4;4,46;1002222789
PT-AU57;AU01-3421;;;R13 hembra;PW Fabric;22,0;2X;P07;Alma;NO;4,4;4,49;1002222789
PT-AU57;AU01-3421;;;R13 hembra;PW Fabric;22,0;3X;P03;Faldilla;NO;4,4;4,37;1002222789
PT-AU57;AU01-3421;;;R13 hembra;PW Fabric;22,0;3X;P04;Radio;NO;4,4;4,64;1002222789
PT-AU57;AU01-3421;;;R13 hembra;PW Fabric;22,0;3X;P05;Alma;NO;4,4;4,5;1002222789
PT-AU57;AU01-3421;;;R13 hembra;PW Fabric;22,0;3X;P06;Alma;NO;4,4;4,43;1002222789
PT-AU57;AU01-3421;;;R13 hembra;PW Fabric;22,0;3X;P07;Alma;NO;4,4;4,49;1002222789
PT-AU57;AU01-3421;;;R13 hembra;PW Fabric;22,0;4X;P03;Faldilla;NO;4,4;4,36;1002222789
PT-AU57;AU01-3421;;;R13 hembra;PW Fabric;22,0;4X;P04;Radio;NO;4,4;4,66;1002222789
PT-AU57;AU01-3421;;;R13 hembra;PW Fabric;22,0;4X;P05;Alma;NO;4,4;4,46;1002222789
PT-AU57;AU01-3421;;;R13 hembra;PW Fabric;22,0;4X;P06;Alma;NO;4,4;4,44;1002222789
PT-AU57;AU01-3421;;;R13 hembra;PW Fabric;22,0;4X;P07;Alma;NO;4,4;4,43;1002222789
PT-AU57;AU01-3421;;;R13 hembra;PW Fabric;22,0;1X;P01;Faldilla;NO;4,4;4,48;1002222774
PT-AU57;AU01-3421;;;R13 hembra;PW Fabric;22,0;1X;P02;Faldilla;NO;4,4;4,49;1002222774
PT-AU57;AU01-3421;;;R13 hembra;PW Fabric;22,0;1X;P03;Faldilla;NO;4,4;4,55;1002222774
PT-AU57;AU01-3421;;;R13 hembra;PW Fabric;22,0;1X;P04;Radio;NO;4,4;4,57;1002222774
PT-AU57;AU01-3421;;;R13 hembra;PW Fabric;22,0;1X;P05;Alma;NO;4,4;4,48;1002222774
PT-AU57;AU01-3421;;;R13 hembra;PW Fabric;22,0;1X;P06;Alma;NO;4,4;4,45;1002222774
PT-AU57;AU01-3421;;;R13 hembra;PW Fabric;22,0;1X;P07;Alma;NO;4,4;4,39;1002222774
PT-AU57;AU01-3421;;;R13 hembra;PW Fabric;22,0;2X;P01;Faldilla;NO;4,4;4,51;1002222774
PT-AU57;AU01-3421;;;R13 hembra;PW Fabric;22,0;2X;P02;Faldilla;NO;4,4;4,54;1002222774
PT-AU57;AU01-3421;;;R13 hembra;PW Fabric;22,0;2X;P03;Faldilla;NO;4,4;4,45;1002222774
PT-AU57;AU01-3421;;;R13 hembra;PW Fabric;22,0;2X;P04;Radio;NO;4,4;4,64;1002222774
PT-AU57;AU01-3421;;;R13 hembra;PW Fabric;22,0;2X;P05;Alma;NO;4,4;4,48;1002222774
PT-AU57;AU01-3421;;;R13 hembra;PW Fabric;22,0;2X;P06;Alma;NO;4,4;4,49;1002222774
PT-AU57;AU01-3421;;;R13 hembra;PW Fabric;22,0;2X;P07;Alma;NO;4,4;4,44;1002222774
PT-AU57;AU01-3421;;;R13 hembra;PW Fabric;22,0;3X;P01;Faldilla;NO;4,4;4,3;1002222774
PT-AU57;AU01-3421;;;R13 hembra;PW Fabric;22,0;3X;P02;Faldilla;NO;4,4;4,34;1002222774
PT-AU57;AU01-3421;;;R13 hembra;PW Fabric;22,0;3X;P03;Faldilla;NO;4,4;4,35;1002222774
PT-AU57;AU01-3421;;;R13 hembra;PW Fabric;22,0;3X;P04;Radio;NO;4,4;4,56;1002222774
PT-AU57;AU01-3421;;;R13 hembra;PW Fabric;22,0;3X;P05;Alma;NO;4,4;4,44;1002222774
PT-AU57;AU01-3421;;;R13 hembra;PW Fabric;22,0;3X;P06;Alma;NO;4,4;4,28;1002222774
PT-AU57;AU01-3421;;;R13 hembra;PW Fabric;22,0;3X;P07;Alma;NO;4,4;4,3;1002222774
PT-AU57;AU01-3421;;;R13 hembra;PW Fabric;22,0;4X;P01;Faldilla;NO;4,4;4,45;1002222774
PT-AU57;AU01-3421;;;R13 hembra;PW Fabric;22,0;4X;P02;Faldilla;NO;4,4;4,47;1002222774
PT-AU57;AU01-3421;;;R13 hembra;PW Fabric;22,0;4X;P03;Faldilla;NO;4,4;4,49;1002222774
PT-AU57;AU01-3421;;;R13 hembra;PW Fabric;22,0;4X;P04;Radio;NO;4,4;4,57;1002222774
PT-AU57;AU01-3421;;;R13 hembra;PW Fabric;22,0;4X;P05;Alma;NO;4,4;4,42;1002222774
PT-AU57;AU01-3421;;;R13 hembra;PW Fabric;22,0;4X;P06;Alma;NO;4,4;4,45;1002222774
PT-AU57;AU01-3421;;;R13 hembra;PW Fabric;22,0;4X;P07;Alma;NO;4,4;4,43;1002222774
PT-AU57;AU01-3421;;;R13 hembra;PW Fabric;4,0;1X;P03;Faldilla;NO;0,8;0,83;1002222793
PT-AU57;AU01-3421;;;R13 hembra;PW Fabric;4,0;1X;P04;Radio;NO;0,8;0,85;1002222793
PT-AU57;AU01-3421;;;R13 hembra;PW Fabric;4,0;1X;P05;Alma;NO;0,8;0,87;1002222793
PT-AU57;AU01-3421;;;R13 hembra;PW Fabric;4,0;1X;P06;Alma;NO;0,8;0,85;1002222793
PT-AU57;AU01-3421;;;R13 hembra;PW Fabric;4,0;1X;P07;Alma;NO;0,8;0,86;1002222793
PT-AU57;AU01-3421;;;R13 hembra;PW Fabric;4,0;2X;P03;Faldilla;NO;0,8;0,86;1002222793
PT-AU57;AU01-3421;;;R13 hembra;PW Fabric;4,0;2X;P04;Radio;NO;0,8;0,85;1002222793
PT-AU57;AU01-3421;;;R13 hembra;PW Fabric;4,0;2X;P05;Alma;NO;0,8;0,83;1002222793
PT-AU57;AU01-3421;;;R13 hembra;PW Fabric;4,0;2X;P06;Alma;NO;0,8;0,85;1002222793
PT-AU57;AU01-3421;;;R13 hembra;PW Fabric;4,0;2X;P07;Alma;NO;0,8;0,86;1002222793
PT-AU57;AU01-3421;;;R13 hembra;PW Fabric;4,0;3X;P03;Faldilla;NO;0,8;0,83;1002222793
PT-AU57;AU01-3421;;;R13 hembra;PW Fabric;4,0;3X;P04;Radio;NO;0,8;0,85;1002222793
PT-AU57;AU01-3421;;;R13 hembra;PW Fabric;4,0;3X;P05;Alma;NO;0,8;0,85;1002222793
PT-AU57;AU01-3421;;;R13 hembra;PW Fabric;4,0;3X;P06;Alma;NO;0,8;0,86;1002222793
PT-AU57;AU01-3421;;;R13 hembra;PW Fabric;4,0;3X;P07;Alma;NO;0,8;0,85;1002222793
PT-AU57;AU01-3421;;;R13 hembra;PW Fabric;4,0;4X;P03;Faldilla;NO;0,8;0,81;1002222793
PT-AU57;AU01-3421;;;R13 hembra;PW Fabric;4,0;4X;P04;Radio;NO;0,8;0,87;1002222793
PT-AU57;AU01-3421;;;R13 hembra;PW Fabric;4,0;4X;P05;Alma;NO;0,8;0,79;1002222793
PT-AU57;AU01-3421;;;R13 hembra;PW Fabric;4,0;4X;P06;Alma;NO;0,8;0,83;1002222793
PT-AU57;AU01-3421;;;R13 hembra;PW Fabric;4,0;4X;P07;Alma;NO;0,8;0,84;1002222793
PT-AU57;AU01-3421;;;R13 hembra;PW Fabric;4,0;1X;P03;Faldilla;NO;0,8;0,87;1002222792
PT-AU57;AU01-3421;;;R13 hembra;PW Fabric;4,0;1X;P04;Radio;NO;0,8;0,92;1002222792
PT-AU57;AU01-3421;;;R13 hembra;PW Fabric;4,0;1X;P05;Alma;NO;0,8;0,83;1002222792
PT-AU57;AU01-3421;;;R13 hembra;PW Fabric;4,0;1X;P06;Alma;NO;0,8;0,85;1002222792
PT-AU57;AU01-3421;;;R13 hembra;PW Fabric;4,0;1X;P07;Alma;NO;0,8;0,83;1002222792
PT-AU57;AU01-3421;;;R13 hembra;PW Fabric;4,0;2X;P03;Faldilla;NO;0,8;0,85;1002222792
PT-AU57;AU01-3421;;;R13 hembra;PW Fabric;4,0;2X;P04;Radio;NO;0,8;0,89;1002222792
PT-AU57;AU01-3421;;;R13 hembra;PW Fabric;4,0;2X;P05;Alma;NO;0,8;0,83;1002222792
PT-AU57;AU01-3421;;;R13 hembra;PW Fabric;4,0;2X;P06;Alma;NO;0,8;0,84;1002222792
PT-AU57;AU01-3421;;;R13 hembra;PW Fabric;4,0;2X;P07;Alma;NO;0,8;0,83;1002222792
PT-AU57;AU01-3421;;;R13 hembra;PW Fabric;4,0;3X;P03;Faldilla;NO;0,8;0,83;1002222792
PT-AU57;AU01-3421;;;R13 hembra;PW Fabric;4,0;3X;P04;Radio;NO;0,8;0,84;1002222792
PT-AU57;AU01-3421;;;R13 hembra;PW Fabric;4,0;3X;P05;Alma;NO;0,8;0,86;1002222792
PT-AU57;AU01-3421;;;R13 hembra;PW Fabric;4,0;3X;P06;Alma;NO;0,8;0,82;1002222792
PT-AU57;AU01-3421;;;R13 hembra;PW Fabric;4,0;3X;P07;Alma;NO;0,8;0,86;1002222792
PT-AU57;AU01-3421;;;R13 hembra;PW Fabric;4,0;4X;P03;Faldilla;NO;0,8;0,84;1002222792
PT-AU57;AU01-3421;;;R13 hembra;PW Fabric;4,0;4X;P04;Radio;NO;0,8;0,9;1002222792
PT-AU57;AU01-3421;;;R13 hembra;PW Fabric;4,0;4X;P05;Alma;NO;0,8;0,81;1002222792
PT-AU57;AU01-3421;;;R13 hembra;PW Fabric;4,0;4X;P06;Alma;NO;0,8;0,83;1002222792
PT-AU57;AU01-3421;;;R13 hembra;PW Fabric;4,0;4X;P07;Alma;NO;0,8;0,86;1002222792
PT-AU57;AU01-3421;;;R13 hembra;PW Fabric;4,0;1X;P01;Faldilla;NO;0,8;0,86;1002222791
PT-AU57;AU01-3421;;;R13 hembra;PW Fabric;4,0;1X;P02;Faldilla;NO;0,8;0,88;1002222791
PT-AU57;AU01-3421;;;R13 hembra;PW Fabric;4,0;1X;P03;Faldilla;NO;0,8;0,87;1002222791
PT-AU57;AU01-3421;;;R13 hembra;PW Fabric;4,0;1X;P04;Radio;NO;0,8;0,88;1002222791
PT-AU57;AU01-3421;;;R13 hembra;PW Fabric;4,0;1X;P05;Alma;NO;0,8;0,83;1002222791
PT-AU57;AU01-3421;;;R13 hembra;PW Fabric;4,0;1X;P06;Alma;NO;0,8;0,82;1002222791
PT-AU57;AU01-3421;;;R13 hembra;PW Fabric;4,0;1X;P07;Alma;NO;0,8;0,83;1002222791
PT-AU57;AU01-3421;;;R13 hembra;PW Fabric;4,0;2X;P01;Faldilla;NO;0,8;0,86;1002222791
PT-AU57;AU01-3421;;;R13 hembra;PW Fabric;4,0;2X;P02;Faldilla;NO;0,8;0,84;1002222791
PT-AU57;AU01-3421;;;R13 hembra;PW Fabric;4,0;2X;P03;Faldilla;NO;0,8;0,84;1002222791
PT-AU57;AU01-3421;;;R13 hembra;PW Fabric;4,0;2X;P04;Radio;NO;0,8;0,85;1002222791
PT-AU57;AU01-3421;;;R13 hembra;PW Fabric;4,0;2X;P05;Alma;NO;0,8;0,85;1002222791
PT-AU57;AU01-3421;;;R13 hembra;PW Fabric;4,0;2X;P06;Alma;NO;0,8;0,87;1002222791
PT-AU57;AU01-3421;;;R13 hembra;PW Fabric;4,0;2X;P07;Alma;NO;0,8;0,82;1002222791
PT-AU57;AU01-3421;;;R13 hembra;PW Fabric;4,0;3X;P01;Faldilla;NO;0,8;0,84;1002222791
PT-AU57;AU01-3421;;;R13 hembra;PW Fabric;4,0;3X;P02;Faldilla;NO;0,8;0,81;1002222791
PT-AU57;AU01-3421;;;R13 hembra;PW Fabric;4,0;3X;P03;Faldilla;NO;0,8;0,87;1002222791
PT-AU57;AU01-3421;;;R13 hembra;PW Fabric;4,0;3X;P04;Radio;NO;0,8;0,85;1002222791
PT-AU57;AU01-3421;;;R13 hembra;PW Fabric;4,0;3X;P05;Alma;NO;0,8;0,84;1002222791
PT-AU57;AU01-3421;;;R13 hembra;PW Fabric;4,0;3X;P06;Alma;NO;0,8;0,85;1002222791
PT-AU57;AU01-3421;;;R13 hembra;PW Fabric;4,0;3X;P07;Alma;NO;0,8;0,83;1002222791
PT-AU57;AU01-3421;;;R13 hembra;PW Fabric;4,0;4X;P01;Faldilla;NO;0,8;0,85;1002222791
PT-AU57;AU01-3421;;;R13 hembra;PW Fabric;4,0;4X;P02;Faldilla;NO;0,8;0,81;1002222791
PT-AU57;AU01-3421;;;R13 hembra;PW Fabric;4,0;4X;P03;Faldilla;NO;0,8;0,8;1002222791
PT-AU57;AU01-3421;;;R13 hembra;PW Fabric;4,0;4X;P04;Radio;NO;0,8;0,86;1002222791
PT-AU57;AU01-3421;;;R13 hembra;PW Fabric;4,0;4X;P05;Alma;NO;0,8;0,83;1002222791
PT-AU57;AU01-3421;;;R13 hembra;PW Fabric;4,0;4X;P06;Alma;NO;0,8;0,86;1002222791
PT-AU57;AU01-3421;;;R13 hembra;PW Fabric;4,0;4X;P07;Alma;NO;0,8;0,81;1002222791
PT-AU57;AU01-3421;;;R13 hembra;UD Tape;16,0;1X;P01;Faldilla;NO;2,304;2,5;1002222786
PT-AU57;AU01-3421;;;R13 hembra;UD Tape;16,0;1X;P02;Faldilla;NO;2,304;2,58;1002222786
PT-AU57;AU01-3421;;;R13 hembra;UD Tape;16,0;1X;P03;Faldilla;NO;2,304;2,53;1002222786
PT-AU57;AU01-3421;;;R13 hembra;UD Tape;16,0;1X;P04;Radio;NO;2,304;2,6;1002222786
PT-AU57;AU01-3421;;;R13 hembra;UD Tape;16,0;1X;P05;Alma;NO;2,304;2,55;1002222786
PT-AU57;AU01-3421;;;R13 hembra;UD Tape;16,0;1X;P06;Alma;NO;2,304;2,57;1002222786
PT-AU57;AU01-3421;;;R13 hembra;UD Tape;16,0;1X;P07;Alma;NO;2,304;2,54;1002222786
PT-AU57;AU01-3421;;;R13 hembra;UD Tape;16,0;2X;P01;Faldilla;NO;2,304;2,47;1002222786
PT-AU57;AU01-3421;;;R13 hembra;UD Tape;16,0;2X;P02;Faldilla;NO;2,304;2,58;1002222786
PT-AU57;AU01-3421;;;R13 hembra;UD Tape;16,0;2X;P03;Faldilla;NO;2,304;2,56;1002222786
PT-AU57;AU01-3421;;;R13 hembra;UD Tape;16,0;2X;P04;Radio;NO;2,304;2,63;1002222786
PT-AU57;AU01-3421;;;R13 hembra;UD Tape;16,0;2X;P05;Alma;NO;2,304;2,53;1002222786
PT-AU57;AU01-3421;;;R13 hembra;UD Tape;16,0;2X;P06;Alma;NO;2,304;2,53;1002222786
PT-AU57;AU01-3421;;;R13 hembra;UD Tape;16,0;2X;P07;Alma;NO;2,304;2,56;1002222786
PT-AU57;AU01-3421;;;R13 hembra;UD Tape;16,0;3X;P01;Faldilla;NO;2,304;2,47;1002222786
PT-AU57;AU01-3421;;;R13 hembra;UD Tape;16,0;3X;P02;Faldilla;NO;2,304;2,56;1002222786
PT-AU57;AU01-3421;;;R13 hembra;UD Tape;16,0;3X;P03;Faldilla;NO;2,304;2,57;1002222786
PT-AU57;AU01-3421;;;R13 hembra;UD Tape;16,0;3X;P04;Radio;NO;2,304;2,66;1002222786
PT-AU57;AU01-3421;;;R13 hembra;UD Tape;16,0;3X;P05;Alma;NO;2,304;2,54;1002222786
PT-AU57;AU01-3421;;;R13 hembra;UD Tape;16,0;3X;P06;Alma;NO;2,304;2,57;1002222786
PT-AU57;AU01-3421;;;R13 hembra;UD Tape;16,0;3X;P07;Alma;NO;2,304;2,6;1002222786
PT-AU57;AU01-3421;;;R13 hembra;UD Tape;16,0;4X;P01;Faldilla;NO;2,304;2,47;1002222786
PT-AU57;AU01-3421;;;R13 hembra;UD Tape;16,0;4X;P02;Faldilla;NO;2,304;2,59;1002222786
PT-AU57;AU01-3421;;;R13 hembra;UD Tape;16,0;4X;P03;Faldilla;NO;2,304;2,56;1002222786
PT-AU57;AU01-3421;;;R13 hembra;UD Tape;16,0;4X;P04;Radio;NO;2,304;2,57;1002222786
PT-AU57;AU01-3421;;;R13 hembra;UD Tape;16,0;4X;P05;Alma;NO;2,304;2,57;1002222786
PT-AU57;AU01-3421;;;R13 hembra;UD Tape;16,0;4X;P06;Alma;NO;2,304;2,53;1002222786
PT-AU57;AU01-3421;;;R13 hembra;UD Tape;16,0;4X;P07;Alma;NO;2,304;2,56;1002222786
PT-AU57;AU01-3421;;;R13 hembra;UD Tape;24,0;1X;P03;Faldilla;NO;3,456;3,73;1002222785
PT-AU57;AU01-3421;;;R13 hembra;UD Tape;24,0;1X;P04;Radio;NO;3,456;3,73;1002222785
PT-AU57;AU01-3421;;;R13 hembra;UD Tape;24,0;1X;P05;Alma;NO;3,456;3,78;1002222785
PT-AU57;AU01-3421;;;R13 hembra;UD Tape;24,0;1X;P06;Alma;NO;3,456;3,73;1002222785
PT-AU57;AU01-3421;;;R13 hembra;UD Tape;24,0;1X;P07;Alma;NO;3,456;3,76;1002222785
PT-AU57;AU01-3421;;;R13 hembra;UD Tape;24,0;2X;P03;Faldilla;NO;3,456;3,67;1002222785
PT-AU57;AU01-3421;;;R13 hembra;UD Tape;24,0;2X;P04;Radio;NO;3,456;3,85;1002222785
PT-AU57;AU01-3421;;;R13 hembra;UD Tape;24,0;2X;P05;Alma;NO;3,456;3,73;1002222785
PT-AU57;AU01-3421;;;R13 hembra;UD Tape;24,0;2X;P06;Alma;NO;3,456;3,61;1002222785
PT-AU57;AU01-3421;;;R13 hembra;UD Tape;24,0;2X;P07;Alma;NO;3,456;3,71;1002222785
PT-AU57;AU01-3421;;;R13 hembra;UD Tape;24,0;3X;P03;Faldilla;NO;3,456;3,71;1002222785
PT-AU57;AU01-3421;;;R13 hembra;UD Tape;24,0;3X;P04;Radio;NO;3,456;3,86;1002222785
PT-AU57;AU01-3421;;;R13 hembra;UD Tape;24,0;3X;P05;Alma;NO;3,456;3,69;1002222785
PT-AU57;AU01-3421;;;R13 hembra;UD Tape;24,0;3X;P06;Alma;NO;3,456;3,71;1002222785
PT-AU57;AU01-3421;;;R13 hembra;UD Tape;24,0;3X;P07;Alma;NO;3,456;3,75;1002222785
PT-AU57;AU01-3421;;;R13 hembra;UD Tape;24,0;4X;P03;Faldilla;NO;3,456;3,68;1002222785
PT-AU57;AU01-3421;;;R13 hembra;UD Tape;24,0;4X;P04;Radio;NO;3,456;3,76;1002222785
PT-AU57;AU01-3421;;;R13 hembra;UD Tape;24,0;4X;P05;Alma;NO;3,456;3,69;1002222785
PT-AU57;AU01-3421;;;R13 hembra;UD Tape;24,0;4X;P06;Alma;NO;3,456;3,73;1002222785
PT-AU57;AU01-3421;;;R13 hembra;UD Tape;24,0;4X;P07;Alma;NO;3,456;3,73;1002222785
PT-AU57;AU01-3421;;;R13 hembra;UD Tape;8,0;1X;P01;Faldilla;NO;1,152;1,21;1002222775
PT-AU57;AU01-3421;;;R13 hembra;UD Tape;8,0;1X;P02;Faldilla;NO;1,152;1,22;1002222775
PT-AU57;AU01-3421;;;R13 hembra;UD Tape;8,0;1X;P03;Faldilla;NO;1,152;1,22;1002222775
PT-AU57;AU01-3421;;;R13 hembra;UD Tape;8,0;1X;P04;Radio;NO;1,152;1,27;1002222775
PT-AU57;AU01-3421;;;R13 hembra;UD Tape;8,0;1X;P05;Alma;NO;1,152;1,24;1002222775
PT-AU57;AU01-3421;;;R13 hembra;UD Tape;8,0;1X;P06;Alma;NO;1,152;1,22;1002222775
PT-AU57;AU01-3421;;;R13 hembra;UD Tape;8,0;1X;P07;Alma;NO;1,152;1,21;1002222775
PT-AU57;AU01-3421;;;R13 hembra;UD Tape;8,0;2X;P01;Faldilla;NO;1,152;1,23;1002222775
PT-AU57;AU01-3421;;;R13 hembra;UD Tape;8,0;2X;P02;Faldilla;NO;1,152;1,23;1002222775
PT-AU57;AU01-3421;;;R13 hembra;UD Tape;8,0;2X;P03;Faldilla;NO;1,152;1,22;1002222775
PT-AU57;AU01-3421;;;R13 hembra;UD Tape;8,0;2X;P04;Radio;NO;1,152;1,36;1002222775
PT-AU57;AU01-3421;;;R13 hembra;UD Tape;8,0;2X;P05;Alma;NO;1,152;1,24;1002222775
PT-AU57;AU01-3421;;;R13 hembra;UD Tape;8,0;2X;P06;Alma;NO;1,152;1,21;1002222775
PT-AU57;AU01-3421;;;R13 hembra;UD Tape;8,0;2X;P07;Alma;NO;1,152;1,23;1002222775
PT-AU57;AU01-3421;;;R13 hembra;UD Tape;8,0;3X;P01;Faldilla;NO;1,152;1,26;1002222775
PT-AU57;AU01-3421;;;R13 hembra;UD Tape;8,0;3X;P02;Faldilla;NO;1,152;1,22;1002222775
PT-AU57;AU01-3421;;;R13 hembra;UD Tape;8,0;3X;P03;Faldilla;NO;1,152;1,2;1002222775
PT-AU57;AU01-3421;;;R13 hembra;UD Tape;8,0;3X;P04;Radio;NO;1,152;1,26;1002222775
PT-AU57;AU01-3421;;;R13 hembra;UD Tape;8,0;3X;P05;Alma;NO;1,152;1,22;1002222775
PT-AU57;AU01-3421;;;R13 hembra;UD Tape;8,0;3X;P06;Alma;NO;1,152;1,19;1002222775
PT-AU57;AU01-3421;;;R13 hembra;UD Tape;8,0;3X;P07;Alma;NO;1,152;1,22;1002222775
PT-AU57;AU01-3421;;;R13 hembra;UD Tape;8,0;4X;P01;Faldilla;NO;1,152;1,21;1002222775
PT-AU57;AU01-3421;;;R13 hembra;UD Tape;8,0;4X;P02;Faldilla;NO;1,152;1,2;1002222775
PT-AU57;AU01-3421;;;R13 hembra;UD Tape;8,0;4X;P03;Faldilla;NO;1,152;1,2;1002222775
PT-AU57;AU01-3421;;;R13 hembra;UD Tape;8,0;4X;P04;Radio;NO;1,152;1,3;1002222775
PT-AU57;AU01-3421;;;R13 hembra;UD Tape;8,0;4X;P05;Alma;NO;1,152;1,22;1002222775
PT-AU57;AU01-3421;;;R13 hembra;UD Tape;8,0;4X;P06;Alma;NO;1,152;1,22;1002222775
PT-AU57;AU01-3421;;;R13 hembra;UD Tape;8,0;4X;P07;Alma;NO;1,152;1,19;1002222775
PT-AU57;AU01-3421;;;R13 hembra;UD Tape;8,0;1X;P01;Faldilla;NO;1,152;1,18;1002222788
PT-AU57;AU01-3421;;;R13 hembra;UD Tape;8,0;1X;P02;Faldilla;NO;1,152;1,16;1002222788
PT-AU57;AU01-3421;;;R13 hembra;UD Tape;8,0;1X;P03;Faldilla;NO;1,152;1,2;1002222788
PT-AU57;AU01-3421;;;R13 hembra;UD Tape;8,0;1X;P04;Radio;NO;1,152;1,21;1002222788
PT-AU57;AU01-3421;;;R13 hembra;UD Tape;8,0;1X;P05;Alma;NO;1,152;1,19;1002222788
PT-AU57;AU01-3421;;;R13 hembra;UD Tape;8,0;1X;P06;Alma;NO;1,152;1,2;1002222788
PT-AU57;AU01-3421;;;R13 hembra;UD Tape;8,0;1X;P07;Alma;NO;1,152;1,24;1002222788
PT-AU57;AU01-3421;;;R13 hembra;UD Tape;8,0;2X;P01;Faldilla;NO;1,152;1,2;1002222788
PT-AU57;AU01-3421;;;R13 hembra;UD Tape;8,0;2X;P02;Faldilla;NO;1,152;1,18;1002222788
PT-AU57;AU01-3421;;;R13 hembra;UD Tape;8,0;2X;P03;Faldilla;NO;1,152;1,2;1002222788
PT-AU57;AU01-3421;;;R13 hembra;UD Tape;8,0;2X;P04;Radio;NO;1,152;1,26;1002222788
PT-AU57;AU01-3421;;;R13 hembra;UD Tape;8,0;2X;P05;Alma;NO;1,152;1,17;1002222788
PT-AU57;AU01-3421;;;R13 hembra;UD Tape;8,0;2X;P06;Alma;NO;1,152;1,21;1002222788
PT-AU57;AU01-3421;;;R13 hembra;UD Tape;8,0;2X;P07;Alma;NO;1,152;1,23;1002222788
PT-AU57;AU01-3421;;;R13 hembra;UD Tape;8,0;3X;P01;Faldilla;NO;1,152;1,19;1002222788
PT-AU57;AU01-3421;;;R13 hembra;UD Tape;8,0;3X;P02;Faldilla;NO;1,152;1,19;1002222788
PT-AU57;AU01-3421;;;R13 hembra;UD Tape;8,0;3X;P03;Faldilla;NO;1,152;1,21;1002222788
PT-AU57;AU01-3421;;;R13 hembra;UD Tape;8,0;3X;P04;Radio;NO;1,152;1,29;1002222788
PT-AU57;AU01-3421;;;R13 hembra;UD Tape;8,0;3X;P05;Alma;NO;1,152;1,19;1002222788
PT-AU57;AU01-3421;;;R13 hembra;UD Tape;8,0;3X;P06;Alma;NO;1,152;1,19;1002222788
PT-AU57;AU01-3421;;;R13 hembra;UD Tape;8,0;3X;P07;Alma;NO;1,152;1,21;1002222788
PT-AU57;AU01-3421;;;R13 hembra;UD Tape;8,0;4X;P01;Faldilla;NO;1,152;1,2;1002222788
PT-AU57;AU01-3421;;;R13 hembra;UD Tape;8,0;4X;P02;Faldilla;NO;1,152;1,18;1002222788
PT-AU57;AU01-3421;;;R13 hembra;UD Tape;8,0;4X;P03;Faldilla;NO;1,152;1,23;1002222788
PT-AU57;AU01-3421;;;R13 hembra;UD Tape;8,0;4X;P04;Radio;NO;1,152;1,2;1002222788
PT-AU57;AU01-3421;;;R13 hembra;UD Tape;8,0;4X;P05;Alma;NO;1,152;1,21;1002222788
PT-AU57;AU01-3421;;;R13 hembra;UD Tape;8,0;4X;P06;Alma;NO;1,152;1,2;1002222788
PT-AU57;AU01-3421;;;R13 hembra;UD Tape;8,0;4X;P07;Alma;NO;1,152;1,22;1002222788
PT-AU57;AU01-3421;;;R13 hembra;UD Tape;8,0;1X;P01;Faldilla;NO;1,152;1,15;1002222787
PT-AU57;AU01-3421;;;R13 hembra;UD Tape;8,0;1X;P02;Faldilla;NO;1,152;1,21;1002222787
PT-AU57;AU01-3421;;;R13 hembra;UD Tape;8,0;1X;P03;Faldilla;NO;1,152;1,21;1002222787
PT-AU57;AU01-3421;;;R13 hembra;UD Tape;8,0;1X;P04;Radio;NO;1,152;1,22;1002222787
PT-AU57;AU01-3421;;;R13 hembra;UD Tape;8,0;1X;P05;Alma;NO;1,152;1,2;1002222787
PT-AU57;AU01-3421;;;R13 hembra;UD Tape;8,0;1X;P06;Alma;NO;1,152;1,22;1002222787
PT-AU57;AU01-3421;;;R13 hembra;UD Tape;8,0;1X;P07;Alma;NO;1,152;1,2;1002222787
PT-AU57;AU01-3421;;;R13 hembra;UD Tape;8,0;2X;P01;Faldilla;NO;1,152;1,21;1002222787
PT-AU57;AU01-3421;;;R13 hembra;UD Tape;8,0;2X;P02;Faldilla;NO;1,152;1,25;1002222787
PT-AU57;AU01-3421;;;R13 hembra;UD Tape;8,0;2X;P03;Faldilla;NO;1,152;1,2;1002222787
PT-AU57;AU01-3421;;;R13 hembra;UD Tape;8,0;2X;P04;Radio;NO;1,152;1,27;1002222787
PT-AU57;AU01-3421;;;R13 hembra;UD Tape;8,0;2X;P05;Alma;NO;1,152;1,21;1002222787
PT-AU57;AU01-3421;;;R13 hembra;UD Tape;8,0;2X;P06;Alma;NO;1,152;1,22;1002222787
PT-AU57;AU01-3421;;;R13 hembra;UD Tape;8,0;2X;P07;Alma;NO;1,152;1,21;1002222787
PT-AU57;AU01-3421;;;R13 hembra;UD Tape;8,0;3X;P01;Faldilla;NO;1,152;1,21;1002222787
PT-AU57;AU01-3421;;;R13 hembra;UD Tape;8,0;3X;P02;Faldilla;NO;1,152;1,24;1002222787
PT-AU57;AU01-3421;;;R13 hembra;UD Tape;8,0;3X;P03;Faldilla;NO;1,152;1,23;1002222787
PT-AU57;AU01-3421;;;R13 hembra;UD Tape;8,0;3X;P04;Radio;NO;1,152;1,28;1002222787
PT-AU57;AU01-3421;;;R13 hembra;UD Tape;8,0;3X;P05;Alma;NO;1,152;1,22;1002222787
PT-AU57;AU01-3421;;;R13 hembra;UD Tape;8,0;3X;P06;Alma;NO;1,152;1,22;1002222787
PT-AU57;AU01-3421;;;R13 hembra;UD Tape;8,0;3X;P07;Alma;NO;1,152;1,25;1002222787
PT-AU57;AU01-3421;;;R13 hembra;UD Tape;8,0;4X;P01;Faldilla;NO;1,152;1,22;1002222787
PT-AU57;AU01-3421;;;R13 hembra;UD Tape;8,0;4X;P02;Faldilla;NO;1,152;1,21;1002222787
PT-AU57;AU01-3421;;;R13 hembra;UD Tape;8,0;4X;P03;Faldilla;NO;1,152;1,19;1002222787
PT-AU57;AU01-3421;;;R13 hembra;UD Tape;8,0;4X;P04;Radio;NO;1,152;1,28;1002222787
PT-AU57;AU01-3421;;;R13 hembra;UD Tape;8,0;4X;P05;Alma;NO;1,152;1,23;1002222787
PT-AU57;AU01-3421;;;R13 hembra;UD Tape;8,0;4X;P06;Alma;NO;1,152;1,22;1002222787
PT-AU57;AU01-3421;;;R13 hembra;UD Tape;8,0;4X;P07;Alma;NO;1,152;1,22;1002222787
PT-AU57;AU01-3421;;;R13 hembra;PW Fabric;14,0;1X;P03;Faldilla;NO;2,8;2,8;1002222795
PT-AU57;AU01-3421;;;R13 hembra;PW Fabric;14,0;1X;P04;Radio;NO;2,8;3,0;1002222795
PT-AU57;AU01-3421;;;R13 hembra;PW Fabric;14,0;1X;P05;Alma;NO;2,8;2,85;1002222795
PT-AU57;AU01-3421;;;R13 hembra;PW Fabric;14,0;1X;P06;Alma;NO;2,8;2,88;1002222795
PT-AU57;AU01-3421;;;R13 hembra;PW Fabric;14,0;1X;P07;Alma;NO;2,8;2,88;1002222795
PT-AU57;AU01-3421;;;R13 hembra;PW Fabric;14,0;2X;P03;Faldilla;NO;2,8;2,79;1002222795
PT-AU57;AU01-3421;;;R13 hembra;PW Fabric;14,0;2X;P04;Radio;NO;2,8;3,03;1002222795
PT-AU57;AU01-3421;;;R13 hembra;PW Fabric;14,0;2X;P05;Alma;NO;2,8;2,85;1002222795
PT-AU57;AU01-3421;;;R13 hembra;PW Fabric;14,0;2X;P06;Alma;NO;2,8;2,84;1002222795
PT-AU57;AU01-3421;;;R13 hembra;PW Fabric;14,0;2X;P07;Alma;NO;2,8;2,84;1002222795
PT-AU57;AU01-3421;;;R13 hembra;PW Fabric;14,0;3X;P03;Faldilla;NO;2,8;2,79;1002222795
PT-AU57;AU01-3421;;;R13 hembra;PW Fabric;14,0;3X;P04;Radio;NO;2,8;2,92;1002222795
PT-AU57;AU01-3421;;;R13 hembra;PW Fabric;14,0;3X;P05;Alma;NO;2,8;2,88;1002222795
PT-AU57;AU01-3421;;;R13 hembra;PW Fabric;14,0;3X;P06;Alma;NO;2,8;2,83;1002222795
PT-AU57;AU01-3421;;;R13 hembra;PW Fabric;14,0;3X;P07;Alma;NO;2,8;2,85;1002222795
PT-AU57;AU01-3421;;;R13 hembra;PW Fabric;14,0;4X;P03;Faldilla;NO;2,8;2,82;1002222795
PT-AU57;AU01-3421;;;R13 hembra;PW Fabric;14,0;4X;P04;Radio;NO;2,8;2,93;1002222795
PT-AU57;AU01-3421;;;R13 hembra;PW Fabric;14,0;4X;P05;Alma;NO;2,8;2,83;1002222795
PT-AU57;AU01-3421;;;R13 hembra;PW Fabric;14,0;4X;P06;Alma;NO;2,8;2,89;1002222795
PT-AU57;AU01-3421;;;R13 hembra;PW Fabric;14,0;4X;P07;Alma;NO;2,8;2,87;1002222795
PT-AU57;AU01-3421;;;R13 hembra;PW Fabric;14,0;1X;P01;Faldilla;NO;2,8;2,82;1002222794
PT-AU57;AU01-3421;;;R13 hembra;PW Fabric;14,0;1X;P02;Faldilla;NO;2,8;2,83;1002222794
PT-AU57;AU01-3421;;;R13 hembra;PW Fabric;14,0;1X;P03;Faldilla;NO;2,8;2,8;1002222794
PT-AU57;AU01-3421;;;R13 hembra;PW Fabric;14,0;1X;P04;Radio;NO;2,8;2,85;1002222794
PT-AU57;AU01-3421;;;R13 hembra;PW Fabric;14,0;1X;P05;Alma;NO;2,8;2,78;1002222794
PT-AU57;AU01-3421;;;R13 hembra;PW Fabric;14,0;1X;P06;Alma;NO;2,8;2,82;1002222794
PT-AU57;AU01-3421;;;R13 hembra;PW Fabric;14,0;1X;P07;Alma;NO;2,8;2,81;1002222794
PT-AU57;AU01-3421;;;R13 hembra;PW Fabric;14,0;2X;P01;Faldilla;NO;2,8;2,72;1002222794
PT-AU57;AU01-3421;;;R13 hembra;PW Fabric;14,0;2X;P02;Faldilla;NO;2,8;2,7;1002222794
PT-AU57;AU01-3421;;;R13 hembra;PW Fabric;14,0;2X;P03;Faldilla;NO;2,8;2,72;1002222794
PT-AU57;AU01-3421;;;R13 hembra;PW Fabric;14,0;2X;P04;Radio;NO;2,8;2,75;1002222794
PT-AU57;AU01-3421;;;R13 hembra;PW Fabric;14,0;2X;P05;Alma;NO;2,8;2,68;1002222794
PT-AU57;AU01-3421;;;R13 hembra;PW Fabric;14,0;2X;P06;Alma;NO;2,8;2,69;1002222794
PT-AU57;AU01-3421;;;R13 hembra;PW Fabric;14,0;2X;P07;Alma;NO;2,8;2,7;1002222794
PT-AU57;AU01-3421;;;R13 hembra;PW Fabric;14,0;3X;P01;Faldilla;NO;2,8;2,82;1002222794
PT-AU57;AU01-3421;;;R13 hembra;PW Fabric;14,0;3X;P02;Faldilla;NO;2,8;2,76;1002222794
PT-AU57;AU01-3421;;;R13 hembra;PW Fabric;14,0;3X;P03;Faldilla;NO;2,8;2,78;1002222794
PT-AU57;AU01-3421;;;R13 hembra;PW Fabric;14,0;3X;P04;Radio;NO;2,8;2,92;1002222794
PT-AU57;AU01-3421;;;R13 hembra;PW Fabric;14,0;3X;P05;Alma;NO;2,8;2,83;1002222794
PT-AU57;AU01-3421;;;R13 hembra;PW Fabric;14,0;3X;P06;Alma;NO;2,8;2,82;1002222794
PT-AU57;AU01-3421;;;R13 hembra;PW Fabric;14,0;3X;P07;Alma;NO;2,8;2,83;1002222794
PT-AU57;AU01-3421;;;R13 hembra;PW Fabric;14,0;4X;P01;Faldilla;NO;2,8;2,83;1002222794
PT-AU57;AU01-3421;;;R13 hembra;PW Fabric;14,0;4X;P02;Faldilla;NO;2,8;2,83;1002222794
PT-AU57;AU01-3421;;;R13 hembra;PW Fabric;14,0;4X;P03;Faldilla;NO;2,8;2,81;1002222794
PT-AU57;AU01-3421;;;R13 hembra;PW Fabric;14,0;4X;P04;Radio;NO;2,8;2,95;1002222794
PT-AU57;AU01-3421;;;R13 hembra;PW Fabric;14,0;4X;P05;Alma;NO;2,8;2,85;1002222794
PT-AU57;AU01-3421;;;R13 hembra;PW Fabric;14,0;4X;P06;Alma;NO;2,8;2,82;1002222794
PT-AU57;AU01-3421;;;R13 hembra;PW Fabric;14,0;4X;P07;Alma;NO;2,8;2,81;1002222794
PT-AU57;AU01-3421;;;R13 hembra;PW Fabric;14,0;1X;P01;Faldilla;NO;2,8;2,82;1002222797
PT-AU57;AU01-3421;;;R13 hembra;PW Fabric;14,0;1X;P02;Faldilla;NO;2,8;2,85;1002222797
PT-AU57;AU01-3421;;;R13 hembra;PW Fabric;14,0;1X;P03;Faldilla;NO;2,8;2,81;1002222797
PT-AU57;AU01-3421;;;R13 hembra;PW Fabric;14,0;1X;P04;Radio;NO;2,8;2,92;1002222797
PT-AU57;AU01-3421;;;R13 hembra;PW Fabric;14,0;1X;P05;Alma;NO;2,8;2,85;1002222797
PT-AU57;AU01-3421;;;R13 hembra;PW Fabric;14,0;1X;P06;Alma;NO;2,8;2,85;1002222797
PT-AU57;AU01-3421;;;R13 hembra;PW Fabric;14,0;1X;P07;Alma;NO;2,8;2,86;1002222797
PT-AU57;AU01-3421;;;R13 hembra;PW Fabric;14,0;2X;P01;Faldilla;NO;2,8;2,85;1002222797
PT-AU57;AU01-3421;;;R13 hembra;PW Fabric;14,0;2X;P02;Faldilla;NO;2,8;2,83;1002222797
PT-AU57;AU01-3421;;;R13 hembra;PW Fabric;14,0;2X;P03;Faldilla;NO;2,8;2,83;1002222797
PT-AU57;AU01-3421;;;R13 hembra;PW Fabric;14,0;2X;P04;Radio;NO;2,8;2,93;1002222797
PT-AU57;AU01-3421;;;R13 hembra;PW Fabric;14,0;2X;P05;Alma;NO;2,8;2,81;1002222797
PT-AU57;AU01-3421;;;R13 hembra;PW Fabric;14,0;2X;P06;Alma;NO;2,8;2,82;1002222797
PT-AU57;AU01-3421;;;R13 hembra;PW Fabric;14,0;2X;P07;Alma;NO;2,8;2,86;1002222797
PT-AU57;AU01-3421;;;R13 hembra;PW Fabric;14,0;3X;P01;Faldilla;NO;2,8;2,84;1002222797
PT-AU57;AU01-3421;;;R13 hembra;PW Fabric;14,0;3X;P02;Faldilla;NO;2,8;2,84;1002222797
PT-AU57;AU01-3421;;;R13 hembra;PW Fabric;14,0;3X;P03;Faldilla;NO;2,8;2,83;1002222797
PT-AU57;AU01-3421;;;R13 hembra;PW Fabric;14,0;3X;P04;Radio;NO;2,8;2,92;1002222797
PT-AU57;AU01-3421;;;R13 hembra;PW Fabric;14,0;3X;P05;Alma;NO;2,8;2,83;1002222797
PT-AU57;AU01-3421;;;R13 hembra;PW Fabric;14,0;3X;P06;Alma;NO;2,8;2,83;1002222797
PT-AU57;AU01-3421;;;R13 hembra;PW Fabric;14,0;3X;P07;Alma;NO;2,8;2,8;1002222797
PT-AU57;AU01-3421;;;R13 hembra;PW Fabric;14,0;4X;P01;Faldilla;NO;2,8;2,82;1002222797
PT-AU57;AU01-3421;;;R13 hembra;PW Fabric;14,0;4X;P02;Faldilla;NO;2,8;2,82;1002222797
PT-AU57;AU01-3421;;;R13 hembra;PW Fabric;14,0;4X;P03;Faldilla;NO;2,8;2,8;1002222797
PT-AU57;AU01-3421;;;R13 hembra;PW Fabric;14,0;4X;P04;Radio;NO;2,8;2,94;1002222797
PT-AU57;AU01-3421;;;R13 hembra;PW Fabric;14,0;4X;P05;Alma;NO;2,8;2,85;1002222797
PT-AU57;AU01-3421;;;R13 hembra;PW Fabric;14,0;4X;P06;Alma;NO;2,8;2,82;1002222797
PT-AU57;AU01-3421;;;R13 hembra;PW Fabric;14,0;4X;P07;Alma;NO;2,8;2,77;1002222797
PT-AU57;AU01-3442;;;R13 hembra;UD Tape;52,0;1X;P01;Faldilla;NO;7,488;7,5;1002261935
PT-AU57;AU01-3442;;;R13 hembra;UD Tape;52,0;1X;P02;Faldilla;NO;7,488;7,44;1002261935
PT-AU57;AU01-3442;;;R13 hembra;UD Tape;52,0;1X;P03;Faldilla;NO;7,488;7,39;1002261935
PT-AU57;AU01-3442;;;R13 hembra;UD Tape;52,0;1X;P04;Radio;NO;7,488;7,47;1002261935
PT-AU57;AU01-3442;;;R13 hembra;UD Tape;52,0;1X;P05;Alma;NO;7,488;7,45;1002261935
PT-AU57;AU01-3442;;;R13 hembra;UD Tape;52,0;1X;P06;Alma;NO;7,488;7,45;1002261935
PT-AU57;AU01-3442;;;R13 hembra;UD Tape;52,0;1X;P07;Alma;NO;7,488;7,3;1002261935
PT-AU57;AU01-3442;;;R13 hembra;UD Tape;52,0;2X;P01;Faldilla;NO;7,488;7,42;1002261935
PT-AU57;AU01-3442;;;R13 hembra;UD Tape;52,0;2X;P02;Faldilla;NO;7,488;7,39;1002261935
PT-AU57;AU01-3442;;;R13 hembra;UD Tape;52,0;2X;P03;Faldilla;NO;7,488;7,42;1002261935
PT-AU57;AU01-3442;;;R13 hembra;UD Tape;52,0;2X;P04;Radio;NO;7,488;7,6;1002261935
PT-AU57;AU01-3442;;;R13 hembra;UD Tape;52,0;2X;P05;Alma;NO;7,488;7,3;1002261935
PT-AU57;AU01-3442;;;R13 hembra;UD Tape;52,0;2X;P06;Alma;NO;7,488;7,4;1002261935
PT-AU57;AU01-3442;;;R13 hembra;UD Tape;52,0;2X;P07;Alma;NO;7,488;7,25;1002261935
PT-AU57;AU01-3442;;;R13 hembra;UD Tape;52,0;3X;P01;Faldilla;NO;7,488;7,43;1002261935
PT-AU57;AU01-3442;;;R13 hembra;UD Tape;52,0;3X;P02;Faldilla;NO;7,488;7,41;1002261935
PT-AU57;AU01-3442;;;R13 hembra;UD Tape;52,0;3X;P03;Faldilla;NO;7,488;7,38;1002261935
PT-AU57;AU01-3442;;;R13 hembra;UD Tape;52,0;3X;P04;Radio;NO;7,488;7,59;1002261935
PT-AU57;AU01-3442;;;R13 hembra;UD Tape;52,0;3X;P05;Alma;NO;7,488;7,32;1002261935
PT-AU57;AU01-3442;;;R13 hembra;UD Tape;52,0;3X;P06;Alma;NO;7,488;7,37;1002261935
PT-AU57;AU01-3442;;;R13 hembra;UD Tape;52,0;3X;P07;Alma;NO;7,488;7,33;1002261935
PT-AU57;AU01-3442;;;R13 hembra;UD Tape;52,0;4X;P01;Faldilla;NO;7,488;7,34;1002261935
PT-AU57;AU01-3442;;;R13 hembra;UD Tape;52,0;4X;P02;Faldilla;NO;7,488;7,37;1002261935
PT-AU57;AU01-3442;;;R13 hembra;UD Tape;52,0;4X;P03;Faldilla;NO;7,488;7,38;1002261935
PT-AU57;AU01-3442;;;R13 hembra;UD Tape;52,0;4X;P04;Radio;NO;7,488;7,62;1002261935
PT-AU57;AU01-3442;;;R13 hembra;UD Tape;52,0;4X;P05;Alma;NO;7,488;7,42;1002261935
PT-AU57;AU01-3442;;;R13 hembra;UD Tape;52,0;4X;P06;Alma;NO;7,488;7,32;1002261935
PT-AU57;AU01-3442;;;R13 hembra;UD Tape;52,0;4X;P07;Alma;NO;7,488;7,19;1002261935
PT-AU57;AU01-3442;;;R13 hembra;PW Fabric;22,0;1X;P01;Faldilla;NO;4,4;4,4;1002261908
PT-AU57;AU01-3442;;;R13 hembra;PW Fabric;22,0;1X;P02;Faldilla;NO;4,4;4,44;1002261908
PT-AU57;AU01-3442;;;R13 hembra;PW Fabric;22,0;1X;P03;Faldilla;NO;4,4;4,2;1002261908
PT-AU57;AU01-3442;;;R13 hembra;PW Fabric;22,0;1X;P04;Radio;NO;4,4;4,53;1002261908
PT-AU57;AU01-3442;;;R13 hembra;PW Fabric;22,0;1X;P05;Alma;NO;4,4;4,38;1002261908
PT-AU57;AU01-3442;;;R13 hembra;PW Fabric;22,0;1X;P06;Alma;NO;4,4;4,43;1002261908
PT-AU57;AU01-3442;;;R13 hembra;PW Fabric;22,0;1X;P07;Alma;NO;4,4;4,41;1002261908
PT-AU57;AU01-3442;;;R13 hembra;PW Fabric;22,0;2X;P01;Faldilla;NO;4,4;4,51;1002261908
PT-AU57;AU01-3442;;;R13 hembra;PW Fabric;22,0;2X;P02;Faldilla;NO;4,4;4,5;1002261908
PT-AU57;AU01-3442;;;R13 hembra;PW Fabric;22,0;2X;P03;Faldilla;NO;4,4;4,47;1002261908
PT-AU57;AU01-3442;;;R13 hembra;PW Fabric;22,0;2X;P04;Radio;NO;4,4;4,63;1002261908
PT-AU57;AU01-3442;;;R13 hembra;PW Fabric;22,0;2X;P05;Alma;NO;4,4;4,43;1002261908
PT-AU57;AU01-3442;;;R13 hembra;PW Fabric;22,0;2X;P06;Alma;NO;4,4;4,42;1002261908
PT-AU57;AU01-3442;;;R13 hembra;PW Fabric;22,0;2X;P07;Alma;NO;4,4;4,42;1002261908
PT-AU57;AU01-3442;;;R13 hembra;PW Fabric;22,0;3X;P01;Faldilla;NO;4,4;4,47;1002261908
PT-AU57;AU01-3442;;;R13 hembra;PW Fabric;22,0;3X;P02;Faldilla;NO;4,4;4,48;1002261908
PT-AU57;AU01-3442;;;R13 hembra;PW Fabric;22,0;3X;P03;Faldilla;NO;4,4;4,41;1002261908
PT-AU57;AU01-3442;;;R13 hembra;PW Fabric;22,0;3X;P04;Radio;NO;4,4;4,63;1002261908
PT-AU57;AU01-3442;;;R13 hembra;PW Fabric;22,0;3X;P05;Alma;NO;4,4;4,43;1002261908
PT-AU57;AU01-3442;;;R13 hembra;PW Fabric;22,0;3X;P06;Alma;NO;4,4;4,43;1002261908
PT-AU57;AU01-3442;;;R13 hembra;PW Fabric;22,0;3X;P07;Alma;NO;4,4;4,42;1002261908
PT-AU57;AU01-3442;;;R13 hembra;PW Fabric;22,0;4X;P01;Faldilla;NO;4,4;4,42;1002261908
PT-AU57;AU01-3442;;;R13 hembra;PW Fabric;22,0;4X;P02;Faldilla;NO;4,4;4,44;1002261908
PT-AU57;AU01-3442;;;R13 hembra;PW Fabric;22,0;4X;P03;Faldilla;NO;4,4;4,36;1002261908
PT-AU57;AU01-3442;;;R13 hembra;PW Fabric;22,0;4X;P04;Radio;NO;4,4;4,64;1002261908
PT-AU57;AU01-3442;;;R13 hembra;PW Fabric;22,0;4X;P05;Alma;NO;4,4;4,37;1002261908
PT-AU57;AU01-3442;;;R13 hembra;PW Fabric;22,0;4X;P06;Alma;NO;4,4;4,41;1002261908
PT-AU57;AU01-3442;;;R13 hembra;PW Fabric;22,0;4X;P07;Alma;NO;4,4;4,36;1002261908
PT-AU57;AU01-3442;;;R13 hembra;PW Fabric;22,0;1X;P01;Faldilla;NO;4,4;4,4;1002222789
PT-AU57;AU01-3442;;;R13 hembra;PW Fabric;22,0;1X;P02;Faldilla;NO;4,4;4,4;1002222789
PT-AU57;AU01-3442;;;R13 hembra;PW Fabric;22,0;1X;P03;Faldilla;NO;4,4;4,38;1002222789
PT-AU57;AU01-3442;;;R13 hembra;PW Fabric;22,0;1X;P04;Radio;NO;4,4;4,58;1002222789
PT-AU57;AU01-3442;;;R13 hembra;PW Fabric;22,0;1X;P05;Alma;NO;4,4;4,4;1002222789
PT-AU57;AU01-3442;;;R13 hembra;PW Fabric;22,0;1X;P06;Alma;NO;4,4;4,4;1002222789
PT-AU57;AU01-3442;;;R13 hembra;PW Fabric;22,0;1X;P07;Alma;NO;4,4;4,38;1002222789
PT-AU57;AU01-3442;;;R13 hembra;PW Fabric;22,0;2X;P01;Faldilla;NO;4,4;4,39;1002222789
PT-AU57;AU01-3442;;;R13 hembra;PW Fabric;22,0;2X;P02;Faldilla;NO;4,4;4,41;1002222789
PT-AU57;AU01-3442;;;R13 hembra;PW Fabric;22,0;2X;P03;Faldilla;NO;4,4;4,38;1002222789
PT-AU57;AU01-3442;;;R13 hembra;PW Fabric;22,0;2X;P04;Radio;NO;4,4;4,68;1002222789
PT-AU57;AU01-3442;;;R13 hembra;PW Fabric;22,0;2X;P05;Alma;NO;4,4;3,39;1002222789
PT-AU57;AU01-3442;;;R13 hembra;PW Fabric;22,0;2X;P06;Alma;NO;4,4;4,44;1002222789
PT-AU57;AU01-3442;;;R13 hembra;PW Fabric;22,0;2X;P07;Alma;NO;4,4;4,36;1002222789
PT-AU57;AU01-3442;;;R13 hembra;PW Fabric;22,0;3X;P01;Faldilla;NO;4,4;4,39;1002222789
PT-AU57;AU01-3442;;;R13 hembra;PW Fabric;22,0;3X;P02;Faldilla;NO;4,4;4,45;1002222789
PT-AU57;AU01-3442;;;R13 hembra;PW Fabric;22,0;3X;P03;Faldilla;NO;4,4;4,39;1002222789
PT-AU57;AU01-3442;;;R13 hembra;PW Fabric;22,0;3X;P04;Radio;NO;4,4;4,75;1002222789
PT-AU57;AU01-3442;;;R13 hembra;PW Fabric;22,0;3X;P05;Alma;NO;4,4;4,42;1002222789
PT-AU57;AU01-3442;;;R13 hembra;PW Fabric;22,0;3X;P06;Alma;NO;4,4;4,46;1002222789
PT-AU57;AU01-3442;;;R13 hembra;PW Fabric;22,0;3X;P07;Alma;NO;4,4;4,4;1002222789
PT-AU57;AU01-3442;;;R13 hembra;PW Fabric;22,0;4X;P01;Faldilla;NO;4,4;4,41;1002222789
PT-AU57;AU01-3442;;;R13 hembra;PW Fabric;22,0;4X;P02;Faldilla;NO;4,4;4,41;1002222789
PT-AU57;AU01-3442;;;R13 hembra;PW Fabric;22,0;4X;P03;Faldilla;NO;4,4;4,4;1002222789
PT-AU57;AU01-3442;;;R13 hembra;PW Fabric;22,0;4X;P04;Radio;NO;4,4;4,6;1002222789
PT-AU57;AU01-3442;;;R13 hembra;PW Fabric;22,0;4X;P05;Alma;NO;4,4;4,4;1002222789
PT-AU57;AU01-3442;;;R13 hembra;PW Fabric;22,0;4X;P06;Alma;NO;4,4;4,45;1002222789
PT-AU57;AU01-3442;;;R13 hembra;PW Fabric;22,0;4X;P07;Alma;NO;4,4;4,37;1002222789
PT-AU57;AU01-3442;;;R13 hembra;PW Fabric;4,0;1X;P01;Faldilla;NO;0,8;0,8;1002261929
PT-AU57;AU01-3442;;;R13 hembra;PW Fabric;4,0;1X;P02;Faldilla;NO;0,8;0,81;1002261929
PT-AU57;AU01-3442;;;R13 hembra;PW Fabric;4,0;1X;P03;Faldilla;NO;0,8;0,84;1002261929
PT-AU57;AU01-3442;;;R13 hembra;PW Fabric;4,0;1X;P04;Radio;NO;0,8;0,86;1002261929
PT-AU57;AU01-3442;;;R13 hembra;PW Fabric;4,0;1X;P05;Alma;NO;0,8;0,82;1002261929
PT-AU57;AU01-3442;;;R13 hembra;PW Fabric;4,0;1X;P06;Alma;NO;0,8;0,77;1002261929
PT-AU57;AU01-3442;;;R13 hembra;PW Fabric;4,0;1X;P07;Alma;NO;0,8;0,79;1002261929
PT-AU57;AU01-3442;;;R13 hembra;PW Fabric;4,0;2X;P01;Faldilla;NO;0,8;0,8;1002261929
PT-AU57;AU01-3442;;;R13 hembra;PW Fabric;4,0;2X;P02;Faldilla;NO;0,8;0,79;1002261929
PT-AU57;AU01-3442;;;R13 hembra;PW Fabric;4,0;2X;P03;Faldilla;NO;0,8;0,8;1002261929
PT-AU57;AU01-3442;;;R13 hembra;PW Fabric;4,0;2X;P04;Radio;NO;0,8;0,8;1002261929
PT-AU57;AU01-3442;;;R13 hembra;PW Fabric;4,0;2X;P05;Alma;NO;0,8;0,81;1002261929
PT-AU57;AU01-3442;;;R13 hembra;PW Fabric;4,0;2X;P06;Alma;NO;0,8;0,79;1002261929
PT-AU57;AU01-3442;;;R13 hembra;PW Fabric;4,0;2X;P07;Alma;NO;0,8;0,81;1002261929
PT-AU57;AU01-3442;;;R13 hembra;PW Fabric;4,0;3X;P01;Faldilla;NO;0,8;0,76;1002261929
PT-AU57;AU01-3442;;;R13 hembra;PW Fabric;4,0;3X;P02;Faldilla;NO;0,8;0,79;1002261929
PT-AU57;AU01-3442;;;R13 hembra;PW Fabric;4,0;3X;P03;Faldilla;NO;0,8;0,8;1002261929
PT-AU57;AU01-3442;;;R13 hembra;PW Fabric;4,0;3X;P04;Radio;NO;0,8;0,78;1002261929
PT-AU57;AU01-3442;;;R13 hembra;PW Fabric;4,0;3X;P05;Alma;NO;0,8;0,77;1002261929
PT-AU57;AU01-3442;;;R13 hembra;PW Fabric;4,0;3X;P06;Alma;NO;0,8;0,76;1002261929
PT-AU57;AU01-3442;;;R13 hembra;PW Fabric;4,0;3X;P07;Alma;NO;0,8;0,79;1002261929
PT-AU57;AU01-3442;;;R13 hembra;PW Fabric;4,0;4X;P01;Faldilla;NO;0,8;0,83;1002261929
PT-AU57;AU01-3442;;;R13 hembra;PW Fabric;4,0;4X;P02;Faldilla;NO;0,8;0,84;1002261929
PT-AU57;AU01-3442;;;R13 hembra;PW Fabric;4,0;4X;P03;Faldilla;NO;0,8;0,81;1002261929
PT-AU57;AU01-3442;;;R13 hembra;PW Fabric;4,0;4X;P04;Radio;NO;0,8;0,78;1002261929
PT-AU57;AU01-3442;;;R13 hembra;PW Fabric;4,0;4X;P05;Alma;NO;0,8;0,79;1002261929
PT-AU57;AU01-3442;;;R13 hembra;PW Fabric;4,0;4X;P06;Alma;NO;0,8;0,81;1002261929
PT-AU57;AU01-3442;;;R13 hembra;PW Fabric;4,0;4X;P07;Alma;NO;0,8;0,83;1002261929
PT-AU57;AU01-3442;;;R13 hembra;PW Fabric;14,0;1X;P01;Faldilla;NO;2,8;2,8;1002261931
PT-AU57;AU01-3442;;;R13 hembra;PW Fabric;14,0;1X;P02;Faldilla;NO;2,8;2,85;1002261931
PT-AU57;AU01-3442;;;R13 hembra;PW Fabric;14,0;1X;P03;Faldilla;NO;2,8;2,8;1002261931
PT-AU57;AU01-3442;;;R13 hembra;PW Fabric;14,0;1X;P04;Radio;NO;2,8;2,96;1002261931
PT-AU57;AU01-3442;;;R13 hembra;PW Fabric;14,0;1X;P05;Alma;NO;2,8;2,79;1002261931
PT-AU57;AU01-3442;;;R13 hembra;PW Fabric;14,0;1X;P06;Alma;NO;2,8;2,83;1002261931
PT-AU57;AU01-3442;;;R13 hembra;PW Fabric;14,0;1X;P07;Alma;NO;2,8;2,83;1002261931
PT-AU57;AU01-3442;;;R13 hembra;PW Fabric;14,0;2X;P01;Faldilla;NO;2,8;2,79;1002261931
PT-AU57;AU01-3442;;;R13 hembra;PW Fabric;14,0;2X;P02;Faldilla;NO;2,8;2,85;1002261931
PT-AU57;AU01-3442;;;R13 hembra;PW Fabric;14,0;2X;P03;Faldilla;NO;2,8;2,81;1002261931
PT-AU57;AU01-3442;;;R13 hembra;PW Fabric;14,0;2X;P04;Radio;NO;2,8;3,0;1002261931
PT-AU57;AU01-3442;;;R13 hembra;PW Fabric;14,0;2X;P05;Alma;NO;2,8;2,83;1002261931
PT-AU57;AU01-3442;;;R13 hembra;PW Fabric;14,0;2X;P06;Alma;NO;2,8;2,82;1002261931
PT-AU57;AU01-3442;;;R13 hembra;PW Fabric;14,0;2X;P07;Alma;NO;2,8;2,87;1002261931
PT-AU57;AU01-3442;;;R13 hembra;PW Fabric;14,0;3X;P01;Faldilla;NO;2,8;2,81;1002261931
PT-AU57;AU01-3442;;;R13 hembra;PW Fabric;14,0;3X;P02;Faldilla;NO;2,8;2,81;1002261931
PT-AU57;AU01-3442;;;R13 hembra;PW Fabric;14,0;3X;P03;Faldilla;NO;2,8;2,8;1002261931
PT-AU57;AU01-3442;;;R13 hembra;PW Fabric;14,0;3X;P04;Radio;NO;2,8;2,91;1002261931
PT-AU57;AU01-3442;;;R13 hembra;PW Fabric;14,0;3X;P05;Alma;NO;2,8;2,79;1002261931
PT-AU57;AU01-3442;;;R13 hembra;PW Fabric;14,0;3X;P06;Alma;NO;2,8;2,79;1002261931
PT-AU57;AU01-3442;;;R13 hembra;PW Fabric;14,0;3X;P07;Alma;NO;2,8;2,86;1002261931
PT-AU57;AU01-3442;;;R13 hembra;PW Fabric;14,0;4X;P01;Faldilla;NO;2,8;2,79;1002261931
PT-AU57;AU01-3442;;;R13 hembra;PW Fabric;14,0;4X;P02;Faldilla;NO;2,8;2,78;1002261931
PT-AU57;AU01-3442;;;R13 hembra;PW Fabric;14,0;4X;P03;Faldilla;NO;2,8;2,81;1002261931
PT-AU57;AU01-3442;;;R13 hembra;PW Fabric;14,0;4X;P04;Radio;NO;2,8;2,84;1002261931
PT-AU57;AU01-3442;;;R13 hembra;PW Fabric;14,0;4X;P05;Alma;NO;2,8;2,79;1002261931
PT-AU57;AU01-3442;;;R13 hembra;PW Fabric;14,0;4X;P06;Alma;NO;2,8;2,81;1002261931
PT-AU57;AU01-3442;;;R13 hembra;PW Fabric;14,0;4X;P07;Alma;NO;2,8;2,8;1002261931
PT-AU57;AU01-3442;;;R13 hembra;UD Tape;16,0;1X;P01;Faldilla;NO;2,304;2,28;1002261866
PT-AU57;AU01-3442;;;R13 hembra;UD Tape;16,0;1X;P02;Faldilla;NO;2,304;2,33;1002261866
PT-AU57;AU01-3442;;;R13 hembra;UD Tape;16,0;1X;P03;Faldilla;NO;2,304;2,29;1002261866
PT-AU57;AU01-3442;;;R13 hembra;UD Tape;16,0;1X;P04;Radio;NO;2,304;2,31;1002261866
PT-AU57;AU01-3442;;;R13 hembra;UD Tape;16,0;1X;P05;Alma;NO;2,304;2,25;1002261866
PT-AU57;AU01-3442;;;R13 hembra;UD Tape;16,0;1X;P06;Alma;NO;2,304;2,22;1002261866
PT-AU57;AU01-3442;;;R13 hembra;UD Tape;16,0;1X;P07;Alma;NO;2,304;2,21;1002261866
PT-AU57;AU01-3442;;;R13 hembra;UD Tape;16,0;2X;P01;Faldilla;NO;2,304;2,28;1002261866
PT-AU57;AU01-3442;;;R13 hembra;UD Tape;16,0;2X;P02;Faldilla;NO;2,304;2,25;1002261866
PT-AU57;AU01-3442;;;R13 hembra;UD Tape;16,0;2X;P03;Faldilla;NO;2,304;2,26;1002261866
PT-AU57;AU01-3442;;;R13 hembra;UD Tape;16,0;2X;P04;Radio;NO;2,304;2,34;1002261866
PT-AU57;AU01-3442;;;R13 hembra;UD Tape;16,0;2X;P05;Alma;NO;2,304;2,27;1002261866
PT-AU57;AU01-3442;;;R13 hembra;UD Tape;16,0;2X;P06;Alma;NO;2,304;2,29;1002261866
PT-AU57;AU01-3442;;;R13 hembra;UD Tape;16,0;2X;P07;Alma;NO;2,304;2,25;1002261866
PT-AU57;AU01-3442;;;R13 hembra;UD Tape;16,0;3X;P01;Faldilla;NO;2,304;2,21;1002261866
PT-AU57;AU01-3442;;;R13 hembra;UD Tape;16,0;3X;P02;Faldilla;NO;2,304;2,28;1002261866
PT-AU57;AU01-3442;;;R13 hembra;UD Tape;16,0;3X;P03;Faldilla;NO;2,304;2,28;1002261866
PT-AU57;AU01-3442;;;R13 hembra;UD Tape;16,0;3X;P04;Radio;NO;2,304;2,37;1002261866
PT-AU57;AU01-3442;;;R13 hembra;UD Tape;16,0;3X;P05;Alma;NO;2,304;2,29;1002261866
PT-AU57;AU01-3442;;;R13 hembra;UD Tape;16,0;3X;P06;Alma;NO;2,304;2,34;1002261866
PT-AU57;AU01-3442;;;R13 hembra;UD Tape;16,0;3X;P07;Alma;NO;2,304;2,25;1002261866
PT-AU57;AU01-3442;;;R13 hembra;UD Tape;16,0;4X;P01;Faldilla;NO;2,304;2,26;1002261866
PT-AU57;AU01-3442;;;R13 hembra;UD Tape;16,0;4X;P02;Faldilla;NO;2,304;2,31;1002261866
PT-AU57;AU01-3442;;;R13 hembra;UD Tape;16,0;4X;P03;Faldilla;NO;2,304;2,28;1002261866
PT-AU57;AU01-3442;;;R13 hembra;UD Tape;16,0;4X;P04;Radio;NO;2,304;2,25;1002261866
PT-AU57;AU01-3442;;;R13 hembra;UD Tape;16,0;4X;P05;Alma;NO;2,304;2,34;1002261866
PT-AU57;AU01-3442;;;R13 hembra;UD Tape;16,0;4X;P06;Alma;NO;2,304;2,29;1002261866
PT-AU57;AU01-3442;;;R13 hembra;UD Tape;16,0;4X;P07;Alma;NO;2,304;2,26;1002261866
PT-AU57;AU01-3442;;;R13 hembra;UD Tape;24,0;1X;P01;Faldilla;NO;3,456;3,45;1002261887
PT-AU57;AU01-3442;;;R13 hembra;UD Tape;24,0;1X;P02;Faldilla;NO;3,456;3,48;1002261887
PT-AU57;AU01-3442;;;R13 hembra;UD Tape;24,0;1X;P03;Faldilla;NO;3,456;3,45;1002261887
PT-AU57;AU01-3442;;;R13 hembra;UD Tape;24,0;1X;P04;Radio;NO;3,456;3,39;1002261887
PT-AU57;AU01-3442;;;R13 hembra;UD Tape;24,0;1X;P05;Alma;NO;3,456;3,47;1002261887
PT-AU57;AU01-3442;;;R13 hembra;UD Tape;24,0;1X;P06;Alma;NO;3,456;3,47;1002261887
PT-AU57;AU01-3442;;;R13 hembra;UD Tape;24,0;1X;P07;Alma;NO;3,456;3,38;1002261887
PT-AU57;AU01-3442;;;R13 hembra;UD Tape;24,0;2X;P01;Faldilla;NO;3,456;3,45;1002261887
PT-AU57;AU01-3442;;;R13 hembra;UD Tape;24,0;2X;P02;Faldilla;NO;3,456;3,49;1002261887
PT-AU57;AU01-3442;;;R13 hembra;UD Tape;24,0;2X;P03;Faldilla;NO;3,456;3,49;1002261887
PT-AU57;AU01-3442;;;R13 hembra;UD Tape;24,0;2X;P04;Radio;NO;3,456;3,49;1002261887
PT-AU57;AU01-3442;;;R13 hembra;UD Tape;24,0;2X;P05;Alma;NO;3,456;3,42;1002261887
PT-AU57;AU01-3442;;;R13 hembra;UD Tape;24,0;2X;P06;Alma;NO;3,456;3,44;1002261887
PT-AU57;AU01-3442;;;R13 hembra;UD Tape;24,0;2X;P07;Alma;NO;3,456;3,39;1002261887
PT-AU57;AU01-3442;;;R13 hembra;UD Tape;24,0;3X;P01;Faldilla;NO;3,456;3,45;1002261887
PT-AU57;AU01-3442;;;R13 hembra;UD Tape;24,0;3X;P02;Faldilla;NO;3,456;3,45;1002261887
PT-AU57;AU01-3442;;;R13 hembra;UD Tape;24,0;3X;P03;Faldilla;NO;3,456;3,45;1002261887
PT-AU57;AU01-3442;;;R13 hembra;UD Tape;24,0;3X;P04;Radio;NO;3,456;3,55;1002261887
PT-AU57;AU01-3442;;;R13 hembra;UD Tape;24,0;3X;P05;Alma;NO;3,456;3,44;1002261887
PT-AU57;AU01-3442;;;R13 hembra;UD Tape;24,0;3X;P06;Alma;NO;3,456;3,5;1002261887
PT-AU57;AU01-3442;;;R13 hembra;UD Tape;24,0;3X;P07;Alma;NO;3,456;3,4;1002261887
PT-AU57;AU01-3442;;;R13 hembra;UD Tape;24,0;4X;P01;Faldilla;NO;3,456;3,43;1002261887
PT-AU57;AU01-3442;;;R13 hembra;UD Tape;24,0;4X;P02;Faldilla;NO;3,456;3,5;1002261887
PT-AU57;AU01-3442;;;R13 hembra;UD Tape;24,0;4X;P03;Faldilla;NO;3,456;3,46;1002261887
PT-AU57;AU01-3442;;;R13 hembra;UD Tape;24,0;4X;P04;Radio;NO;3,456;3,44;1002261887
PT-AU57;AU01-3442;;;R13 hembra;UD Tape;24,0;4X;P05;Alma;NO;3,456;3,44;1002261887
PT-AU57;AU01-3442;;;R13 hembra;UD Tape;24,0;4X;P06;Alma;NO;3,456;3,43;1002261887
PT-AU57;AU01-3442;;;R13 hembra;UD Tape;24,0;4X;P07;Alma;NO;3,456;3,35;1002261887
PT-AU57;AU01-3442;;;R13 hembra;PW Fabric;4,0;1X;P01;Faldilla;NO;0,8;0,82;1002261902
PT-AU57;AU01-3442;;;R13 hembra;PW Fabric;4,0;1X;P02;Faldilla;NO;0,8;0,74;1002261902
PT-AU57;AU01-3442;;;R13 hembra;PW Fabric;4,0;1X;P03;Faldilla;NO;0,8;0,78;1002261902
PT-AU57;AU01-3442;;;R13 hembra;PW Fabric;4,0;1X;P04;Radio;NO;0,8;0,83;1002261902
PT-AU57;AU01-3442;;;R13 hembra;PW Fabric;4,0;1X;P05;Alma;NO;0,8;0,81;1002261902
PT-AU57;AU01-3442;;;R13 hembra;PW Fabric;4,0;1X;P06;Alma;NO;0,8;0,84;1002261902
PT-AU57;AU01-3442;;;R13 hembra;PW Fabric;4,0;1X;P07;Alma;NO;0,8;0,8;1002261902
PT-AU57;AU01-3442;;;R13 hembra;PW Fabric;4,0;2X;P01;Faldilla;NO;0,8;0,84;1002261902
PT-AU57;AU01-3442;;;R13 hembra;PW Fabric;4,0;2X;P02;Faldilla;NO;0,8;0,84;1002261902
PT-AU57;AU01-3442;;;R13 hembra;PW Fabric;4,0;2X;P03;Faldilla;NO;0,8;0,82;1002261902
PT-AU57;AU01-3442;;;R13 hembra;PW Fabric;4,0;2X;P04;Radio;NO;0,8;0,84;1002261902
PT-AU57;AU01-3442;;;R13 hembra;PW Fabric;4,0;2X;P05;Alma;NO;0,8;0,83;1002261902
PT-AU57;AU01-3442;;;R13 hembra;PW Fabric;4,0;2X;P06;Alma;NO;0,8;0,81;1002261902
PT-AU57;AU01-3442;;;R13 hembra;PW Fabric;4,0;2X;P07;Alma;NO;0,8;0,75;1002261902
PT-AU57;AU01-3442;;;R13 hembra;PW Fabric;4,0;3X;P01;Faldilla;NO;0,8;0,82;1002261902
PT-AU57;AU01-3442;;;R13 hembra;PW Fabric;4,0;3X;P02;Faldilla;NO;0,8;0,76;1002261902
PT-AU57;AU01-3442;;;R13 hembra;PW Fabric;4,0;3X;P03;Faldilla;NO;0,8;0,76;1002261902
PT-AU57;AU01-3442;;;R13 hembra;PW Fabric;4,0;3X;P04;Radio;NO;0,8;0,82;1002261902
PT-AU57;AU01-3442;;;R13 hembra;PW Fabric;4,0;3X;P05;Alma;NO;0,8;0,79;1002261902
PT-AU57;AU01-3442;;;R13 hembra;PW Fabric;4,0;3X;P06;Alma;NO;0,8;0,78;1002261902
PT-AU57;AU01-3442;;;R13 hembra;PW Fabric;4,0;3X;P07;Alma;NO;0,8;0,8;1002261902
PT-AU57;AU01-3442;;;R13 hembra;PW Fabric;4,0;4X;P01;Faldilla;NO;0,8;0,8;1002261902
PT-AU57;AU01-3442;;;R13 hembra;PW Fabric;4,0;4X;P02;Faldilla;NO;0,8;0,78;1002261902
PT-AU57;AU01-3442;;;R13 hembra;PW Fabric;4,0;4X;P03;Faldilla;NO;0,8;0,82;1002261902
PT-AU57;AU01-3442;;;R13 hembra;PW Fabric;4,0;4X;P04;Radio;NO;0,8;0,84;1002261902
PT-AU57;AU01-3442;;;R13 hembra;PW Fabric;4,0;4X;P05;Alma;NO;0,8;0,77;1002261902
PT-AU57;AU01-3442;;;R13 hembra;PW Fabric;4,0;4X;P06;Alma;NO;0,8;0,77;1002261902
PT-AU57;AU01-3442;;;R13 hembra;PW Fabric;4,0;4X;P07;Alma;NO;0,8;0,72;1002261902
PT-AU57;AU01-3442;;;R13 hembra;UD Tape;24,0;1X;P01;Faldilla;NO;3,456;3,41;1002261890
PT-AU57;AU01-3442;;;R13 hembra;UD Tape;24,0;1X;P02;Faldilla;NO;3,456;3,46;1002261890
PT-AU57;AU01-3442;;;R13 hembra;UD Tape;24,0;1X;P03;Faldilla;NO;3,456;3,45;1002261890
PT-AU57;AU01-3442;;;R13 hembra;UD Tape;24,0;1X;P04;Radio;NO;3,456;3,47;1002261890
PT-AU57;AU01-3442;;;R13 hembra;UD Tape;24,0;1X;P05;Alma;NO;3,456;3,47;1002261890
PT-AU57;AU01-3442;;;R13 hembra;UD Tape;24,0;1X;P06;Alma;NO;3,456;3,52;1002261890
PT-AU57;AU01-3442;;;R13 hembra;UD Tape;24,0;1X;P07;Alma;NO;3,456;3,45;1002261890
PT-AU57;AU01-3442;;;R13 hembra;UD Tape;24,0;2X;P01;Faldilla;NO;3,456;3,41;1002261890
PT-AU57;AU01-3442;;;R13 hembra;UD Tape;24,0;2X;P02;Faldilla;NO;3,456;3,42;1002261890
PT-AU57;AU01-3442;;;R13 hembra;UD Tape;24,0;2X;P03;Faldilla;NO;3,456;3,41;1002261890
PT-AU57;AU01-3442;;;R13 hembra;UD Tape;24,0;2X;P04;Radio;NO;3,456;3,43;1002261890
PT-AU57;AU01-3442;;;R13 hembra;UD Tape;24,0;2X;P05;Alma;NO;3,456;3,43;1002261890
PT-AU57;AU01-3442;;;R13 hembra;UD Tape;24,0;2X;P06;Alma;NO;3,456;3,43;1002261890
PT-AU57;AU01-3442;;;R13 hembra;UD Tape;24,0;2X;P07;Alma;NO;3,456;3,43;1002261890
PT-AU57;AU01-3442;;;R13 hembra;UD Tape;24,0;3X;P01;Faldilla;NO;3,456;3,44;1002261890
PT-AU57;AU01-3442;;;R13 hembra;UD Tape;24,0;3X;P02;Faldilla;NO;3,456;3,42;1002261890
PT-AU57;AU01-3442;;;R13 hembra;UD Tape;24,0;3X;P03;Faldilla;NO;3,456;3,4;1002261890
PT-AU57;AU01-3442;;;R13 hembra;UD Tape;24,0;3X;P04;Radio;NO;3,456;3,47;1002261890
PT-AU57;AU01-3442;;;R13 hembra;UD Tape;24,0;3X;P05;Alma;NO;3,456;3,49;1002261890
PT-AU57;AU01-3442;;;R13 hembra;UD Tape;24,0;3X;P06;Alma;NO;3,456;3,38;1002261890
PT-AU57;AU01-3442;;;R13 hembra;UD Tape;24,0;3X;P07;Alma;NO;3,456;3,37;1002261890
PT-AU57;AU01-3442;;;R13 hembra;UD Tape;24,0;4X;P01;Faldilla;NO;3,456;3,34;1002261890
PT-AU57;AU01-3442;;;R13 hembra;UD Tape;24,0;4X;P02;Faldilla;NO;3,456;3,45;1002261890
PT-AU57;AU01-3442;;;R13 hembra;UD Tape;24,0;4X;P03;Faldilla;NO;3,456;3,44;1002261890
PT-AU57;AU01-3442;;;R13 hembra;UD Tape;24,0;4X;P04;Radio;NO;3,456;3,5;1002261890
PT-AU57;AU01-3442;;;R13 hembra;UD Tape;24,0;4X;P05;Alma;NO;3,456;3,42;1002261890
PT-AU57;AU01-3442;;;R13 hembra;UD Tape;24,0;4X;P06;Alma;NO;3,456;3,44;1002261890
PT-AU57;AU01-3442;;;R13 hembra;UD Tape;24,0;4X;P07;Alma;NO;3,456;3,38;1002261890
PT-AU57;AU01-3442;;;R13 hembra;UD Tape;16,0;1X;P01;Faldilla;NO;2,304;2,19;1002261872
PT-AU57;AU01-3442;;;R13 hembra;UD Tape;16,0;1X;P02;Faldilla;NO;2,304;2,26;1002261872
PT-AU57;AU01-3442;;;R13 hembra;UD Tape;16,0;1X;P03;Faldilla;NO;2,304;2,3;1002261872
PT-AU57;AU01-3442;;;R13 hembra;UD Tape;16,0;1X;P04;Radio;NO;2,304;2,34;1002261872
PT-AU57;AU01-3442;;;R13 hembra;UD Tape;16,0;1X;P05;Alma;NO;2,304;2,31;1002261872
PT-AU57;AU01-3442;;;R13 hembra;UD Tape;16,0;1X;P06;Alma;NO;2,304;2,32;1002261872
PT-AU57;AU01-3442;;;R13 hembra;UD Tape;16,0;1X;P07;Alma;NO;2,304;2,23;1002261872
PT-AU57;AU01-3442;;;R13 hembra;UD Tape;16,0;2X;P01;Faldilla;NO;2,304;2,27;1002261872
PT-AU57;AU01-3442;;;R13 hembra;UD Tape;16,0;2X;P02;Faldilla;NO;2,304;2,31;1002261872
PT-AU57;AU01-3442;;;R13 hembra;UD Tape;16,0;2X;P03;Faldilla;NO;2,304;2,27;1002261872
PT-AU57;AU01-3442;;;R13 hembra;UD Tape;16,0;2X;P04;Radio;NO;2,304;2,25;1002261872
PT-AU57;AU01-3442;;;R13 hembra;UD Tape;16,0;2X;P05;Alma;NO;2,304;2,22;1002261872
PT-AU57;AU01-3442;;;R13 hembra;UD Tape;16,0;2X;P06;Alma;NO;2,304;2,29;1002261872
PT-AU57;AU01-3442;;;R13 hembra;UD Tape;16,0;2X;P07;Alma;NO;2,304;2,21;1002261872
PT-AU57;AU01-3442;;;R13 hembra;UD Tape;16,0;3X;P01;Faldilla;NO;2,304;2,25;1002261872
PT-AU57;AU01-3442;;;R13 hembra;UD Tape;16,0;3X;P02;Faldilla;NO;2,304;2,26;1002261872
PT-AU57;AU01-3442;;;R13 hembra;UD Tape;16,0;3X;P03;Faldilla;NO;2,304;2,26;1002261872
PT-AU57;AU01-3442;;;R13 hembra;UD Tape;16,0;3X;P04;Radio;NO;2,304;2,31;1002261872
PT-AU57;AU01-3442;;;R13 hembra;UD Tape;16,0;3X;P05;Alma;NO;2,304;2,33;1002261872
PT-AU57;AU01-3442;;;R13 hembra;UD Tape;16,0;3X;P06;Alma;NO;2,304;2,31;1002261872
PT-AU57;AU01-3442;;;R13 hembra;UD Tape;16,0;3X;P07;Alma;NO;2,304;2,22;1002261872
PT-AU57;AU01-3442;;;R13 hembra;UD Tape;16,0;4X;P01;Faldilla;NO;2,304;2,28;1002261872
PT-AU57;AU01-3442;;;R13 hembra;UD Tape;16,0;4X;P02;Faldilla;NO;2,304;2,33;1002261872
PT-AU57;AU01-3442;;;R13 hembra;UD Tape;16,0;4X;P03;Faldilla;NO;2,304;2,26;1002261872
PT-AU57;AU01-3442;;;R13 hembra;UD Tape;16,0;4X;P04;Radio;NO;2,304;2,38;1002261872
PT-AU57;AU01-3442;;;R13 hembra;UD Tape;16,0;4X;P05;Alma;NO;2,304;2,27;1002261872
PT-AU57;AU01-3442;;;R13 hembra;UD Tape;16,0;4X;P06;Alma;NO;2,304;2,28;1002261872
PT-AU57;AU01-3442;;;R13 hembra;UD Tape;16,0;4X;P07;Alma;NO;2,304;2,24;1002261872
PT-AU57;AU01-3442;;;R13 hembra;UD Tape;16,0;1X;P01;Faldilla;NO;2,304;2,27;1002261871
PT-AU57;AU01-3442;;;R13 hembra;UD Tape;16,0;1X;P02;Faldilla;NO;2,304;2,29;1002261871
PT-AU57;AU01-3442;;;R13 hembra;UD Tape;16,0;1X;P03;Faldilla;NO;2,304;2,31;1002261871
PT-AU57;AU01-3442;;;R13 hembra;UD Tape;16,0;1X;P04;Radio;NO;2,304;2,39;1002261871
PT-AU57;AU01-3442;;;R13 hembra;UD Tape;16,0;1X;P05;Alma;NO;2,304;2,24;1002261871
PT-AU57;AU01-3442;;;R13 hembra;UD Tape;16,0;1X;P06;Alma;NO;2,304;2,29;1002261871
PT-AU57;AU01-3442;;;R13 hembra;UD Tape;16,0;1X;P07;Alma;NO;2,304;2,24;1002261871
PT-AU57;AU01-3442;;;R13 hembra;UD Tape;16,0;2X;P01;Faldilla;NO;2,304;2,24;1002261871
PT-AU57;AU01-3442;;;R13 hembra;UD Tape;16,0;2X;P02;Faldilla;NO;2,304;2,34;1002261871
PT-AU57;AU01-3442;;;R13 hembra;UD Tape;16,0;2X;P03;Faldilla;NO;2,304;2,29;1002261871
PT-AU57;AU01-3442;;;R13 hembra;UD Tape;16,0;2X;P04;Radio;NO;2,304;2,36;1002261871
PT-AU57;AU01-3442;;;R13 hembra;UD Tape;16,0;2X;P05;Alma;NO;2,304;2,27;1002261871
PT-AU57;AU01-3442;;;R13 hembra;UD Tape;16,0;2X;P06;Alma;NO;2,304;2,33;1002261871
PT-AU57;AU01-3442;;;R13 hembra;UD Tape;16,0;2X;P07;Alma;NO;2,304;2,31;1002261871
PT-AU57;AU01-3442;;;R13 hembra;UD Tape;16,0;3X;P01;Faldilla;NO;2,304;2,26;1002261871
PT-AU57;AU01-3442;;;R13 hembra;UD Tape;16,0;3X;P02;Faldilla;NO;2,304;2,32;1002261871
PT-AU57;AU01-3442;;;R13 hembra;UD Tape;16,0;3X;P03;Faldilla;NO;2,304;2,31;1002261871
PT-AU57;AU01-3442;;;R13 hembra;UD Tape;16,0;3X;P04;Radio;NO;2,304;2,33;1002261871
PT-AU57;AU01-3442;;;R13 hembra;UD Tape;16,0;3X;P05;Alma;NO;2,304;2,26;1002261871
PT-AU57;AU01-3442;;;R13 hembra;UD Tape;16,0;3X;P06;Alma;NO;2,304;2,27;1002261871
PT-AU57;AU01-3442;;;R13 hembra;UD Tape;16,0;3X;P07;Alma;NO;2,304;2,31;1002261871
PT-AU57;AU01-3442;;;R13 hembra;UD Tape;16,0;4X;P01;Faldilla;NO;2,304;2,26;1002261871
PT-AU57;AU01-3442;;;R13 hembra;UD Tape;16,0;4X;P02;Faldilla;NO;2,304;2,32;1002261871
PT-AU57;AU01-3442;;;R13 hembra;UD Tape;16,0;4X;P03;Faldilla;NO;2,304;2,28;1002261871
PT-AU57;AU01-3442;;;R13 hembra;UD Tape;16,0;4X;P04;Radio;NO;2,304;2,33;1002261871
PT-AU57;AU01-3442;;;R13 hembra;UD Tape;16,0;4X;P05;Alma;NO;2,304;2,29;1002261871
PT-AU57;AU01-3442;;;R13 hembra;UD Tape;16,0;4X;P06;Alma;NO;2,304;2,32;1002261871
PT-AU57;AU01-3442;;;R13 hembra;UD Tape;16,0;4X;P07;Alma;NO;2,304;2,22;1002261871
PT-AU57;AU01-3442;;;R13 hembra;UD Tape;16,0;1X;P01;Faldilla;NO;2,304;2,35;1002261870
PT-AU57;AU01-3442;;;R13 hembra;UD Tape;16,0;1X;P02;Faldilla;NO;2,304;2,32;1002261870
PT-AU57;AU01-3442;;;R13 hembra;UD Tape;16,0;1X;P03;Faldilla;NO;2,304;2,34;1002261870
PT-AU57;AU01-3442;;;R13 hembra;UD Tape;16,0;1X;P05;Alma;NO;2,304;2,34;1002261870
PT-AU57;AU01-3442;;;R13 hembra;UD Tape;16,0;1X;P06;Alma;NO;2,304;2,31;1002261870
PT-AU57;AU01-3442;;;R13 hembra;UD Tape;16,0;1X;P07;Alma;NO;2,304;2,27;1002261870
PT-AU57;AU01-3442;;;R13 hembra;UD Tape;16,0;2X;P01;Faldilla;NO;2,304;2,33;1002261870
PT-AU57;AU01-3442;;;R13 hembra;UD Tape;16,0;2X;P02;Faldilla;NO;2,304;2,37;1002261870
PT-AU57;AU01-3442;;;R13 hembra;UD Tape;16,0;2X;P03;Faldilla;NO;2,304;2,25;1002261870
PT-AU57;AU01-3442;;;R13 hembra;UD Tape;16,0;2X;P05;Alma;NO;2,304;2,27;1002261870
PT-AU57;AU01-3442;;;R13 hembra;UD Tape;16,0;2X;P06;Alma;NO;2,304;2,29;1002261870
PT-AU57;AU01-3442;;;R13 hembra;UD Tape;16,0;2X;P07;Alma;NO;2,304;2,26;1002261870
PT-AU57;AU01-3442;;;R13 hembra;UD Tape;16,0;3X;P01;Faldilla;NO;2,304;2,28;1002261870
PT-AU57;AU01-3442;;;R13 hembra;UD Tape;16,0;3X;P02;Faldilla;NO;2,304;2,36;1002261870
PT-AU57;AU01-3442;;;R13 hembra;UD Tape;16,0;3X;P03;Faldilla;NO;2,304;2,3;1002261870
PT-AU57;AU01-3442;;;R13 hembra;UD Tape;16,0;3X;P05;Alma;NO;2,304;2,32;1002261870
PT-AU57;AU01-3442;;;R13 hembra;UD Tape;16,0;3X;P06;Alma;NO;2,304;2,32;1002261870
PT-AU57;AU01-3442;;;R13 hembra;UD Tape;16,0;3X;P07;Alma;NO;2,304;2,25;1002261870
PT-AU57;AU01-3442;;;R13 hembra;UD Tape;16,0;4X;P01;Faldilla;NO;2,304;2,26;1002261870
PT-AU57;AU01-3442;;;R13 hembra;UD Tape;16,0;4X;P02;Faldilla;NO;2,304;2,25;1002261870
PT-AU57;AU01-3442;;;R13 hembra;UD Tape;16,0;4X;P03;Faldilla;NO;2,304;2,31;1002261870
PT-AU57;AU01-3442;;;R13 hembra;UD Tape;16,0;4X;P05;Alma;NO;2,304;2,29;1002261870
PT-AU57;AU01-3442;;;R13 hembra;UD Tape;16,0;4X;P06;Alma;NO;2,304;2,27;1002261870
PT-AU57;AU01-3442;;;R13 hembra;UD Tape;16,0;4X;P07;Alma;NO;2,304;2,26;1002261870
PT-AU57;AU01-3442;;;R13 hembra;UD Tape;8,0;1X;P01;Faldilla;NO;1,152;1,13;1002261869
PT-AU57;AU01-3442;;;R13 hembra;UD Tape;8,0;1X;P02;Faldilla;NO;1,152;1,2;1002261869
PT-AU57;AU01-3442;;;R13 hembra;UD Tape;8,0;1X;P03;Faldilla;NO;1,152;1,11;1002261869
PT-AU57;AU01-3442;;;R13 hembra;UD Tape;8,0;1X;P04;Radio;NO;1,152;1,147;1002261869
PT-AU57;AU01-3442;;;R13 hembra;UD Tape;8,0;1X;P05;Alma;NO;1,152;1,14;1002261869
PT-AU57;AU01-3442;;;R13 hembra;UD Tape;8,0;1X;P06;Alma;NO;1,152;1,2;1002261869
PT-AU57;AU01-3442;;;R13 hembra;UD Tape;8,0;1X;P07;Alma;NO;1,152;1,5;1002261869
PT-AU57;AU01-3442;;;R13 hembra;UD Tape;8,0;2X;P01;Faldilla;NO;1,152;1,14;1002261869
PT-AU57;AU01-3442;;;R13 hembra;UD Tape;8,0;2X;P02;Faldilla;NO;1,152;1,19;1002261869
PT-AU57;AU01-3442;;;R13 hembra;UD Tape;8,0;2X;P03;Faldilla;NO;1,152;1,14;1002261869
PT-AU57;AU01-3442;;;R13 hembra;UD Tape;8,0;2X;P04;Radio;NO;1,152;1,14;1002261869
PT-AU57;AU01-3442;;;R13 hembra;UD Tape;8,0;2X;P05;Alma;NO;1,152;1,14;1002261869
PT-AU57;AU01-3442;;;R13 hembra;UD Tape;8,0;2X;P06;Alma;NO;1,152;1,14;1002261869
PT-AU57;AU01-3442;;;R13 hembra;UD Tape;8,0;2X;P07;Alma;NO;1,152;1,16;1002261869
PT-AU57;AU01-3442;;;R13 hembra;UD Tape;8,0;3X;P01;Faldilla;NO;1,152;1,16;1002261869
PT-AU57;AU01-3442;;;R13 hembra;UD Tape;8,0;3X;P02;Faldilla;NO;1,152;1,14;1002261869
PT-AU57;AU01-3442;;;R13 hembra;UD Tape;8,0;3X;P03;Faldilla;NO;1,152;1,14;1002261869
PT-AU57;AU01-3442;;;R13 hembra;UD Tape;8,0;3X;P04;Radio;NO;1,152;1,13;1002261869
PT-AU57;AU01-3442;;;R13 hembra;UD Tape;8,0;3X;P05;Alma;NO;1,152;1,15;1002261869
PT-AU57;AU01-3442;;;R13 hembra;UD Tape;8,0;3X;P06;Alma;NO;1,152;1,18;1002261869
PT-AU57;AU01-3442;;;R13 hembra;UD Tape;8,0;3X;P07;Alma;NO;1,152;1,16;1002261869
PT-AU57;AU01-3442;;;R13 hembra;UD Tape;8,0;4X;P01;Faldilla;NO;1,152;1,14;1002261869
PT-AU57;AU01-3442;;;R13 hembra;UD Tape;8,0;4X;P02;Faldilla;NO;1,152;1,17;1002261869
PT-AU57;AU01-3442;;;R13 hembra;UD Tape;8,0;4X;P03;Faldilla;NO;1,152;1,14;1002261869
PT-AU57;AU01-3442;;;R13 hembra;UD Tape;8,0;4X;P04;Radio;NO;1,152;1,12;1002261869
PT-AU57;AU01-3442;;;R13 hembra;UD Tape;8,0;4X;P05;Alma;NO;1,152;1,13;1002261869
PT-AU57;AU01-3442;;;R13 hembra;UD Tape;8,0;4X;P06;Alma;NO;1,152;1,13;1002261869
PT-AU57;AU01-3442;;;R13 hembra;UD Tape;8,0;4X;P07;Alma;NO;1,152;1,15;1002261869
PT-AU57;AU01-3442;;;R13 hembra;UD Tape;8,0;1X;P01;Faldilla;NO;1,152;1,16;1002261867
PT-AU57;AU01-3442;;;R13 hembra;UD Tape;8,0;1X;P02;Faldilla;NO;1,152;1,14;1002261867
PT-AU57;AU01-3442;;;R13 hembra;UD Tape;8,0;1X;P03;Faldilla;NO;1,152;1,16;1002261867
PT-AU57;AU01-3442;;;R13 hembra;UD Tape;8,0;1X;P04;Radio;NO;1,152;1,15;1002261867
PT-AU57;AU01-3442;;;R13 hembra;UD Tape;8,0;1X;P05;Alma;NO;1,152;1,15;1002261867
PT-AU57;AU01-3442;;;R13 hembra;UD Tape;8,0;1X;P06;Alma;NO;1,152;1,15;1002261867
PT-AU57;AU01-3442;;;R13 hembra;UD Tape;8,0;1X;P07;Alma;NO;1,152;1,14;1002261867
PT-AU57;AU01-3442;;;R13 hembra;UD Tape;8,0;2X;P01;Faldilla;NO;1,152;1,16;1002261867
PT-AU57;AU01-3442;;;R13 hembra;UD Tape;8,0;2X;P02;Faldilla;NO;1,152;1,17;1002261867
PT-AU57;AU01-3442;;;R13 hembra;UD Tape;8,0;2X;P03;Faldilla;NO;1,152;1,15;1002261867
PT-AU57;AU01-3442;;;R13 hembra;UD Tape;8,0;2X;P04;Radio;NO;1,152;1,14;1002261867
PT-AU57;AU01-3442;;;R13 hembra;UD Tape;8,0;2X;P05;Alma;NO;1,152;1,15;1002261867
PT-AU57;AU01-3442;;;R13 hembra;UD Tape;8,0;2X;P06;Alma;NO;1,152;1,1;1002261867
PT-AU57;AU01-3442;;;R13 hembra;UD Tape;8,0;2X;P07;Alma;NO;1,152;1,11;1002261867
PT-AU57;AU01-3442;;;R13 hembra;UD Tape;8,0;3X;P01;Faldilla;NO;1,152;1,14;1002261867
PT-AU57;AU01-3442;;;R13 hembra;UD Tape;8,0;3X;P02;Faldilla;NO;1,152;1,16;1002261867
PT-AU57;AU01-3442;;;R13 hembra;UD Tape;8,0;3X;P03;Faldilla;NO;1,152;1,16;1002261867
PT-AU57;AU01-3442;;;R13 hembra;UD Tape;8,0;3X;P04;Radio;NO;1,152;1,18;1002261867
PT-AU57;AU01-3442;;;R13 hembra;UD Tape;8,0;3X;P05;Alma;NO;1,152;1,09;1002261867
PT-AU57;AU01-3442;;;R13 hembra;UD Tape;8,0;3X;P06;Alma;NO;1,152;1,12;1002261867
PT-AU57;AU01-3442;;;R13 hembra;UD Tape;8,0;3X;P07;Alma;NO;1,152;1,14;1002261867
PT-AU57;AU01-3442;;;R13 hembra;UD Tape;8,0;4X;P01;Faldilla;NO;1,152;1,17;1002261867
PT-AU57;AU01-3442;;;R13 hembra;UD Tape;8,0;4X;P02;Faldilla;NO;1,152;1,14;1002261867
PT-AU57;AU01-3442;;;R13 hembra;UD Tape;8,0;4X;P03;Faldilla;NO;1,152;1,17;1002261867
PT-AU57;AU01-3442;;;R13 hembra;UD Tape;8,0;4X;P04;Radio;NO;1,152;1,12;1002261867
PT-AU57;AU01-3442;;;R13 hembra;UD Tape;8,0;4X;P05;Alma;NO;1,152;1,13;1002261867
PT-AU57;AU01-3442;;;R13 hembra;UD Tape;8,0;4X;P06;Alma;NO;1,152;1,13;1002261867
PT-AU57;AU01-3442;;;R13 hembra;UD Tape;8,0;4X;P07;Alma;NO;1,152;1,11;1002261867
PT-AU57;AU01-3442;;;R13 hembra;PW Fabric;14,0;1X;P01;Faldilla;NO;2,8;2,76;1002261905
PT-AU57;AU01-3442;;;R13 hembra;PW Fabric;14,0;1X;P02;Faldilla;NO;2,8;2,8;1002261905
PT-AU57;AU01-3442;;;R13 hembra;PW Fabric;14,0;1X;P03;Faldilla;NO;2,8;2,78;1002261905
PT-AU57;AU01-3442;;;R13 hembra;PW Fabric;14,0;1X;P04;Radio;NO;2,8;2,88;1002261905
PT-AU57;AU01-3442;;;R13 hembra;PW Fabric;14,0;1X;P05;Alma;NO;2,8;2,8;1002261905
PT-AU57;AU01-3442;;;R13 hembra;PW Fabric;14,0;1X;P06;Alma;NO;2,8;2,8;1002261905
PT-AU57;AU01-3442;;;R13 hembra;PW Fabric;14,0;1X;P07;Alma;NO;2,8;2,81;1002261905
PT-AU57;AU01-3442;;;R13 hembra;PW Fabric;14,0;2X;P01;Faldilla;NO;2,8;2,7;1002261905
PT-AU57;AU01-3442;;;R13 hembra;PW Fabric;14,0;2X;P02;Faldilla;NO;2,8;2,77;1002261905
PT-AU57;AU01-3442;;;R13 hembra;PW Fabric;14,0;2X;P03;Faldilla;NO;2,8;2,66;1002261905
PT-AU57;AU01-3442;;;R13 hembra;PW Fabric;14,0;2X;P04;Radio;NO;2,8;2,87;1002261905
PT-AU57;AU01-3442;;;R13 hembra;PW Fabric;14,0;2X;P05;Alma;NO;2,8;2,85;1002261905
PT-AU57;AU01-3442;;;R13 hembra;PW Fabric;14,0;2X;P06;Alma;NO;2,8;2,77;1002261905
PT-AU57;AU01-3442;;;R13 hembra;PW Fabric;14,0;2X;P07;Alma;NO;2,8;2,84;1002261905
PT-AU57;AU01-3442;;;R13 hembra;PW Fabric;14,0;3X;P01;Faldilla;NO;2,8;2,81;1002261905
PT-AU57;AU01-3442;;;R13 hembra;PW Fabric;14,0;3X;P02;Faldilla;NO;2,8;2,82;1002261905
PT-AU57;AU01-3442;;;R13 hembra;PW Fabric;14,0;3X;P03;Faldilla;NO;2,8;2,8;1002261905
PT-AU57;AU01-3442;;;R13 hembra;PW Fabric;14,0;3X;P04;Radio;NO;2,8;2,9;1002261905
PT-AU57;AU01-3442;;;R13 hembra;PW Fabric;14,0;3X;P05;Alma;NO;2,8;2,8;1002261905
PT-AU57;AU01-3442;;;R13 hembra;PW Fabric;14,0;3X;P06;Alma;NO;2,8;2,81;1002261905
PT-AU57;AU01-3442;;;R13 hembra;PW Fabric;14,0;3X;P07;Alma;NO;2,8;2,84;1002261905
PT-AU57;AU01-3442;;;R13 hembra;PW Fabric;14,0;4X;P01;Faldilla;NO;2,8;2,8;1002261905
PT-AU57;AU01-3442;;;R13 hembra;PW Fabric;14,0;4X;P02;Faldilla;NO;2,8;2,8;1002261905
PT-AU57;AU01-3442;;;R13 hembra;PW Fabric;14,0;4X;P03;Faldilla;NO;2,8;2,8;1002261905
PT-AU57;AU01-3442;;;R13 hembra;PW Fabric;14,0;4X;P04;Radio;NO;2,8;2,9;1002261905
PT-AU57;AU01-3442;;;R13 hembra;PW Fabric;14,0;4X;P05;Alma;NO;2,8;2,8;1002261905
PT-AU57;AU01-3442;;;R13 hembra;PW Fabric;14,0;4X;P06;Alma;NO;2,8;2,8;1002261905
PT-AU57;AU01-3442;;;R13 hembra;PW Fabric;14,0;4X;P07;Alma;NO;2,8;2,8;1002261905
PT-AU57;AU01-3442;;;R13 hembra;UD Tape;24,0;1X;P01;Faldilla;NO;3,456;3,43;1002261873
PT-AU57;AU01-3442;;;R13 hembra;UD Tape;24,0;1X;P02;Faldilla;NO;3,456;3,47;1002261873
PT-AU57;AU01-3442;;;R13 hembra;UD Tape;24,0;1X;P03;Faldilla;NO;3,456;3,45;1002261873
PT-AU57;AU01-3442;;;R13 hembra;UD Tape;24,0;1X;P04;Radio;NO;3,456;3,55;1002261873
PT-AU57;AU01-3442;;;R13 hembra;UD Tape;24,0;1X;P05;Alma;NO;3,456;3,48;1002261873
PT-AU57;AU01-3442;;;R13 hembra;UD Tape;24,0;1X;P06;Alma;NO;3,456;3,45;1002261873
PT-AU57;AU01-3442;;;R13 hembra;UD Tape;24,0;1X;P07;Alma;NO;3,456;3,39;1002261873
PT-AU57;AU01-3442;;;R13 hembra;UD Tape;24,0;2X;P01;Faldilla;NO;3,456;3,4;1002261873
PT-AU57;AU01-3442;;;R13 hembra;UD Tape;24,0;2X;P02;Faldilla;NO;3,456;3,38;1002261873
PT-AU57;AU01-3442;;;R13 hembra;UD Tape;24,0;2X;P03;Faldilla;NO;3,456;3,41;1002261873
PT-AU57;AU01-3442;;;R13 hembra;UD Tape;24,0;2X;P04;Radio;NO;3,456;3,52;1002261873
PT-AU57;AU01-3442;;;R13 hembra;UD Tape;24,0;2X;P05;Alma;NO;3,456;3,38;1002261873
PT-AU57;AU01-3442;;;R13 hembra;UD Tape;24,0;2X;P06;Alma;NO;3,456;3,38;1002261873
PT-AU57;AU01-3442;;;R13 hembra;UD Tape;24,0;2X;P07;Alma;NO;3,456;3,39;1002261873
PT-AU57;AU01-3442;;;R13 hembra;UD Tape;24,0;3X;P01;Faldilla;NO;3,456;3,42;1002261873
PT-AU57;AU01-3442;;;R13 hembra;UD Tape;24,0;3X;P02;Faldilla;NO;3,456;3,41;1002261873
PT-AU57;AU01-3442;;;R13 hembra;UD Tape;24,0;3X;P03;Faldilla;NO;3,456;3,38;1002261873
PT-AU57;AU01-3442;;;R13 hembra;UD Tape;24,0;3X;P04;Radio;NO;3,456;3,48;1002261873
PT-AU57;AU01-3442;;;R13 hembra;UD Tape;24,0;3X;P05;Alma;NO;3,456;3,49;1002261873
PT-AU57;AU01-3442;;;R13 hembra;UD Tape;24,0;3X;P06;Alma;NO;3,456;3,37;1002261873
PT-AU57;AU01-3442;;;R13 hembra;UD Tape;24,0;3X;P07;Alma;NO;3,456;3,31;1002261873
PT-AU57;AU01-3442;;;R13 hembra;UD Tape;24,0;4X;P01;Faldilla;NO;3,456;3,4;1002261873
PT-AU57;AU01-3442;;;R13 hembra;UD Tape;24,0;4X;P02;Faldilla;NO;3,456;3,44;1002261873
PT-AU57;AU01-3442;;;R13 hembra;UD Tape;24,0;4X;P03;Faldilla;NO;3,456;3,41;1002261873
PT-AU57;AU01-3442;;;R13 hembra;UD Tape;24,0;4X;P04;Radio;NO;3,456;3,37;1002261873
PT-AU57;AU01-3442;;;R13 hembra;UD Tape;24,0;4X;P05;Alma;NO;3,456;3,41;1002261873
PT-AU57;AU01-3442;;;R13 hembra;UD Tape;24,0;4X;P06;Alma;NO;3,456;3,34;1002261873
PT-AU57;AU01-3442;;;R13 hembra;UD Tape;24,0;4X;P07;Alma;NO;3,456;3,32;1002261873
PT-AU57;AU01-3442;;;R13 hembra;UD Tape;52,0;1X;P01;Faldilla;NO;7,488;7,34;1002261896
PT-AU57;AU01-3442;;;R13 hembra;UD Tape;52,0;1X;P02;Faldilla;NO;7,488;7,45;1002261896
PT-AU57;AU01-3442;;;R13 hembra;UD Tape;52,0;1X;P03;Faldilla;NO;7,488;7,37;1002261896
PT-AU57;AU01-3442;;;R13 hembra;UD Tape;52,0;1X;P04;Radio;NO;7,488;7,48;1002261896
PT-AU57;AU01-3442;;;R13 hembra;UD Tape;52,0;1X;P05;Alma;NO;7,488;7,35;1002261896
PT-AU57;AU01-3442;;;R13 hembra;UD Tape;52,0;1X;P06;Alma;NO;7,488;7,45;1002261896
PT-AU57;AU01-3442;;;R13 hembra;UD Tape;52,0;1X;P07;Alma;NO;7,488;7,3;1002261896
PT-AU57;AU01-3442;;;R13 hembra;UD Tape;52,0;2X;P01;Faldilla;NO;7,488;7,24;1002261896
PT-AU57;AU01-3442;;;R13 hembra;UD Tape;52,0;2X;P02;Faldilla;NO;7,488;7,39;1002261896
PT-AU57;AU01-3442;;;R13 hembra;UD Tape;52,0;2X;P03;Faldilla;NO;7,488;7,41;1002261896
PT-AU57;AU01-3442;;;R13 hembra;UD Tape;52,0;2X;P04;Radio;NO;7,488;7,71;1002261896
PT-AU57;AU01-3442;;;R13 hembra;UD Tape;52,0;2X;P05;Alma;NO;7,488;7,44;1002261896
PT-AU57;AU01-3442;;;R13 hembra;UD Tape;52,0;2X;P06;Alma;NO;7,488;7,4;1002261896
PT-AU57;AU01-3442;;;R13 hembra;UD Tape;52,0;2X;P07;Alma;NO;7,488;7,38;1002261896
PT-AU57;AU01-3442;;;R13 hembra;UD Tape;52,0;3X;P01;Faldilla;NO;7,488;7,44;1002261896
PT-AU57;AU01-3442;;;R13 hembra;UD Tape;52,0;3X;P02;Faldilla;NO;7,488;7,49;1002261896
PT-AU57;AU01-3442;;;R13 hembra;UD Tape;52,0;3X;P03;Faldilla;NO;7,488;7,34;1002261896
PT-AU57;AU01-3442;;;R13 hembra;UD Tape;52,0;3X;P04;Radio;NO;7,488;7,6;1002261896
PT-AU57;AU01-3442;;;R13 hembra;UD Tape;52,0;3X;P05;Alma;NO;7,488;7,34;1002261896
PT-AU57;AU01-3442;;;R13 hembra;UD Tape;52,0;3X;P06;Alma;NO;7,488;7,38;1002261896
PT-AU57;AU01-3442;;;R13 hembra;UD Tape;52,0;3X;P07;Alma;NO;7,488;7,21;1002261896
PT-AU57;AU01-3442;;;R13 hembra;UD Tape;52,0;4X;P01;Faldilla;NO;7,488;7,33;1002261896
PT-AU57;AU01-3442;;;R13 hembra;UD Tape;52,0;4X;P02;Faldilla;NO;7,488;7,38;1002261896
PT-AU57;AU01-3442;;;R13 hembra;UD Tape;52,0;4X;P03;Faldilla;NO;7,488;7,38;1002261896
PT-AU57;AU01-3442;;;R13 hembra;UD Tape;52,0;4X;P04;Radio;NO;7,488;7,31;1002261896
PT-AU57;AU01-3442;;;R13 hembra;UD Tape;52,0;4X;P05;Alma;NO;7,488;7,4;1002261896
PT-AU57;AU01-3442;;;R13 hembra;UD Tape;52,0;4X;P06;Alma;NO;7,488;7,36;1002261896
PT-AU57;AU01-3442;;;R13 hembra;UD Tape;52,0;4X;P07;Alma;NO;7,488;7,26;1002261896
PT-AU57;AU01-3442;;;R13 hembra;UD Tape;52,0;1X;P01;Faldilla;NO;7,488;7,47;1002261936
PT-AU57;AU01-3442;;;R13 hembra;UD Tape;52,0;1X;P02;Faldilla;NO;7,488;7,47;1002261936
PT-AU57;AU01-3442;;;R13 hembra;UD Tape;52,0;1X;P03;Faldilla;NO;7,488;7,43;1002261936
PT-AU57;AU01-3442;;;R13 hembra;UD Tape;52,0;1X;P04;Radio;NO;7,488;7,49;1002261936
PT-AU57;AU01-3442;;;R13 hembra;UD Tape;52,0;1X;P05;Alma;NO;7,488;7,42;1002261936
PT-AU57;AU01-3442;;;R13 hembra;UD Tape;52,0;1X;P06;Alma;NO;7,488;7,44;1002261936
PT-AU57;AU01-3442;;;R13 hembra;UD Tape;52,0;1X;P07;Alma;NO;7,488;7,4;1002261936
PT-AU57;AU01-3442;;;R13 hembra;UD Tape;52,0;2X;P01;Faldilla;NO;7,488;7,46;1002261936
PT-AU57;AU01-3442;;;R13 hembra;UD Tape;52,0;2X;P02;Faldilla;NO;7,488;7,43;1002261936
PT-AU57;AU01-3442;;;R13 hembra;UD Tape;52,0;2X;P03;Faldilla;NO;7,488;7,42;1002261936
PT-AU57;AU01-3442;;;R13 hembra;UD Tape;52,0;2X;P04;Radio;NO;7,488;7,7;1002261936
PT-AU57;AU01-3442;;;R13 hembra;UD Tape;52,0;2X;P05;Alma;NO;7,488;7,26;1002261936
PT-AU57;AU01-3442;;;R13 hembra;UD Tape;52,0;2X;P06;Alma;NO;7,488;7,42;1002261936
PT-AU57;AU01-3442;;;R13 hembra;UD Tape;52,0;2X;P07;Alma;NO;7,488;7,35;1002261936
PT-AU57;AU01-3442;;;R13 hembra;UD Tape;52,0;3X;P01;Faldilla;NO;7,488;7,36;1002261936
PT-AU57;AU01-3442;;;R13 hembra;UD Tape;52,0;3X;P02;Faldilla;NO;7,488;7,41;1002261936
PT-AU57;AU01-3442;;;R13 hembra;UD Tape;52,0;3X;P03;Faldilla;NO;7,488;7,39;1002261936
PT-AU57;AU01-3442;;;R13 hembra;UD Tape;52,0;3X;P04;Radio;NO;7,488;7,64;1002261936
PT-AU57;AU01-3442;;;R13 hembra;UD Tape;52,0;3X;P05;Alma;NO;7,488;7,33;1002261936
PT-AU57;AU01-3442;;;R13 hembra;UD Tape;52,0;3X;P06;Alma;NO;7,488;7,42;1002261936
PT-AU57;AU01-3442;;;R13 hembra;UD Tape;52,0;3X;P07;Alma;NO;7,488;7,31;1002261936
PT-AU57;AU01-3442;;;R13 hembra;UD Tape;52,0;4X;P01;Faldilla;NO;7,488;7,31;1002261936
PT-AU57;AU01-3442;;;R13 hembra;UD Tape;52,0;4X;P02;Faldilla;NO;7,488;7,41;1002261936
PT-AU57;AU01-3442;;;R13 hembra;UD Tape;52,0;4X;P03;Faldilla;NO;7,488;7,39;1002261936
PT-AU57;AU01-3442;;;R13 hembra;UD Tape;52,0;4X;P04;Radio;NO;7,488;7,44;1002261936
PT-AU57;AU01-3442;;;R13 hembra;UD Tape;52,0;4X;P05;Alma;NO;7,488;7,33;1002261936
PT-AU57;AU01-3442;;;R13 hembra;UD Tape;52,0;4X;P06;Alma;NO;7,488;7,33;1002261936
PT-AU57;AU01-3442;;;R13 hembra;UD Tape;52,0;4X;P07;Alma;NO;7,488;7,12;1002261936
PT-AU57;AU01-3442;;;R13 hembra;UD Tape;52,0;1X;P01;Faldilla;NO;7,488;7,45;1002261934
PT-AU57;AU01-3442;;;R13 hembra;UD Tape;52,0;1X;P02;Faldilla;NO;7,488;7,45;1002261934
PT-AU57;AU01-3442;;;R13 hembra;UD Tape;52,0;1X;P03;Faldilla;NO;7,488;7,43;1002261934
PT-AU57;AU01-3442;;;R13 hembra;UD Tape;52,0;1X;P04;Radio;NO;7,488;7,34;1002261934
PT-AU57;AU01-3442;;;R13 hembra;UD Tape;52,0;1X;P05;Alma;NO;7,488;7,4;1002261934
PT-AU57;AU01-3442;;;R13 hembra;UD Tape;52,0;1X;P06;Alma;NO;7,488;7,46;1002261934
PT-AU57;AU01-3442;;;R13 hembra;UD Tape;52,0;1X;P07;Alma;NO;7,488;7,33;1002261934
PT-AU57;AU01-3442;;;R13 hembra;UD Tape;52,0;2X;P01;Faldilla;NO;7,488;7,52;1002261934
PT-AU57;AU01-3442;;;R13 hembra;UD Tape;52,0;2X;P02;Faldilla;NO;7,488;7,44;1002261934
PT-AU57;AU01-3442;;;R13 hembra;UD Tape;52,0;2X;P03;Faldilla;NO;7,488;7,45;1002261934
PT-AU57;AU01-3442;;;R13 hembra;UD Tape;52,0;2X;P04;Radio;NO;7,488;7,39;1002261934
PT-AU57;AU01-3442;;;R13 hembra;UD Tape;52,0;2X;P05;Alma;NO;7,488;7,49;1002261934
PT-AU57;AU01-3442;;;R13 hembra;UD Tape;52,0;2X;P06;Alma;NO;7,488;7,4;1002261934
PT-AU57;AU01-3442;;;R13 hembra;UD Tape;52,0;2X;P07;Alma;NO;7,488;7,38;1002261934
PT-AU57;AU01-3442;;;R13 hembra;UD Tape;52,0;3X;P01;Faldilla;NO;7,488;7,43;1002261934
PT-AU57;AU01-3442;;;R13 hembra;UD Tape;52,0;3X;P02;Faldilla;NO;7,488;7,49;1002261934
PT-AU57;AU01-3442;;;R13 hembra;UD Tape;52,0;3X;P03;Faldilla;NO;7,488;7,43;1002261934
PT-AU57;AU01-3442;;;R13 hembra;UD Tape;52,0;3X;P04;Radio;NO;7,488;7,48;1002261934
PT-AU57;AU01-3442;;;R13 hembra;UD Tape;52,0;3X;P05;Alma;NO;7,488;7,46;1002261934
PT-AU57;AU01-3442;;;R13 hembra;UD Tape;52,0;3X;P06;Alma;NO;7,488;7,48;1002261934
PT-AU57;AU01-3442;;;R13 hembra;UD Tape;52,0;3X;P07;Alma;NO;7,488;7,36;1002261934
PT-AU57;AU01-3442;;;R13 hembra;UD Tape;52,0;4X;P01;Faldilla;NO;7,488;7,35;1002261934
PT-AU57;AU01-3442;;;R13 hembra;UD Tape;52,0;4X;P02;Faldilla;NO;7,488;7,44;1002261934
PT-AU57;AU01-3442;;;R13 hembra;UD Tape;52,0;4X;P03;Faldilla;NO;7,488;7,4;1002261934
PT-AU57;AU01-3442;;;R13 hembra;UD Tape;52,0;4X;P04;Radio;NO;7,488;7,47;1002261934
PT-AU57;AU01-3442;;;R13 hembra;UD Tape;52,0;4X;P05;Alma;NO;7,488;7,36;1002261934
PT-AU57;AU01-3442;;;R13 hembra;UD Tape;52,0;4X;P06;Alma;NO;7,488;7,34;1002261934
PT-AU57;AU01-3442;;;R13 hembra;UD Tape;52,0;4X;P07;Alma;NO;7,488;7,356;1002261934
PT-AU57;AU01-3442;;;R13 hembra;UD Tape;24,0;1X;P01;Faldilla;NO;3,456;3,39;1002261874
PT-AU57;AU01-3442;;;R13 hembra;UD Tape;24,0;1X;P02;Faldilla;NO;3,456;3,41;1002261874
PT-AU57;AU01-3442;;;R13 hembra;UD Tape;24,0;1X;P03;Faldilla;NO;3,456;3,42;1002261874
PT-AU57;AU01-3442;;;R13 hembra;UD Tape;24,0;1X;P04;Radio;NO;3,456;3,45;1002261874
PT-AU57;AU01-3442;;;R13 hembra;UD Tape;24,0;1X;P05;Alma;NO;3,456;3,49;1002261874
PT-AU57;AU01-3442;;;R13 hembra;UD Tape;24,0;1X;P06;Alma;NO;3,456;3,48;1002261874
PT-AU57;AU01-3442;;;R13 hembra;UD Tape;24,0;1X;P07;Alma;NO;3,456;3,33;1002261874
PT-AU57;AU01-3442;;;R13 hembra;UD Tape;24,0;2X;P01;Faldilla;NO;3,456;3,44;1002261874
PT-AU57;AU01-3442;;;R13 hembra;UD Tape;24,0;2X;P02;Faldilla;NO;3,456;3,43;1002261874
PT-AU57;AU01-3442;;;R13 hembra;UD Tape;24,0;2X;P03;Faldilla;NO;3,456;3,4;1002261874
PT-AU57;AU01-3442;;;R13 hembra;UD Tape;24,0;2X;P04;Radio;NO;3,456;3,51;1002261874
PT-AU57;AU01-3442;;;R13 hembra;UD Tape;24,0;2X;P05;Alma;NO;3,456;3,4;1002261874
PT-AU57;AU01-3442;;;R13 hembra;UD Tape;24,0;2X;P06;Alma;NO;3,456;3,41;1002261874
PT-AU57;AU01-3442;;;R13 hembra;UD Tape;24,0;2X;P07;Alma;NO;3,456;3,28;1002261874
PT-AU57;AU01-3442;;;R13 hembra;UD Tape;24,0;3X;P01;Faldilla;NO;3,456;3,38;1002261874
PT-AU57;AU01-3442;;;R13 hembra;UD Tape;24,0;3X;P02;Faldilla;NO;3,456;3,48;1002261874
PT-AU57;AU01-3442;;;R13 hembra;UD Tape;24,0;3X;P03;Faldilla;NO;3,456;3,39;1002261874
PT-AU57;AU01-3442;;;R13 hembra;UD Tape;24,0;3X;P04;Radio;NO;3,456;3,49;1002261874
PT-AU57;AU01-3442;;;R13 hembra;UD Tape;24,0;3X;P05;Alma;NO;3,456;3,39;1002261874
PT-AU57;AU01-3442;;;R13 hembra;UD Tape;24,0;3X;P06;Alma;NO;3,456;3,41;1002261874
PT-AU57;AU01-3442;;;R13 hembra;UD Tape;24,0;3X;P07;Alma;NO;3,456;3,35;1002261874
PT-AU57;AU01-3442;;;R13 hembra;UD Tape;24,0;4X;P01;Faldilla;NO;3,456;3,43;1002261874
PT-AU57;AU01-3442;;;R13 hembra;UD Tape;24,0;4X;P02;Faldilla;NO;3,456;3,41;1002261874
PT-AU57;AU01-3442;;;R13 hembra;UD Tape;24,0;4X;P03;Faldilla;NO;3,456;3,45;1002261874
PT-AU57;AU01-3442;;;R13 hembra;UD Tape;24,0;4X;P04;Radio;NO;3,456;3,49;1002261874
PT-AU57;AU01-3442;;;R13 hembra;UD Tape;24,0;4X;P05;Alma;NO;3,456;3,38;1002261874
PT-AU57;AU01-3442;;;R13 hembra;UD Tape;24,0;4X;P06;Alma;NO;3,456;3,39;1002261874
PT-AU57;AU01-3442;;;R13 hembra;UD Tape;24,0;4X;P07;Alma;NO;3,456;3,31;1002261874
PT-AU89;AU1-3463;;;R15 hembra;UD Tape;8,0;1X;P01;Faldilla;NO;1,152;1,15;1002301913
PT-AU89;AU1-3463;;;R15 hembra;UD Tape;8,0;1X;P02;Faldilla;NO;1,152;1,16;1002301913
PT-AU89;AU1-3463;;;R15 hembra;UD Tape;8,0;1X;P03;Radio;NO;1,152;1,2;1002301913
PT-AU89;AU1-3463;;;R15 hembra;UD Tape;8,0;1X;P04;Alma;NO;1,152;1,15;1002301913
PT-AU89;AU1-3463;;;R15 hembra;UD Tape;8,0;1X;P05;Alma;NO;1,152;1,12;1002301913
PT-AU89;AU1-3463;;;R15 hembra;UD Tape;8,0;1X;P06;Alma;NO;1,152;1,11;1002301913
PT-AU89;AU1-3463;;;R15 hembra;UD Tape;8,0;2X;P01;Faldilla;NO;1,152;1,12;1002301913
PT-AU89;AU1-3463;;;R15 hembra;UD Tape;8,0;2X;P02;Faldilla;NO;1,152;1,15;1002301913
PT-AU89;AU1-3463;;;R15 hembra;UD Tape;8,0;2X;P03;Radio;NO;1,152;1,21;1002301913
PT-AU89;AU1-3463;;;R15 hembra;UD Tape;8,0;2X;P04;Alma;NO;1,152;1,13;1002301913
PT-AU89;AU1-3463;;;R15 hembra;UD Tape;8,0;2X;P05;Alma;NO;1,152;1,17;1002301913
PT-AU89;AU1-3463;;;R15 hembra;UD Tape;8,0;2X;P06;Alma;NO;1,152;1,13;1002301913
PT-AU89;AU1-3463;;;R15 hembra;UD Tape;8,0;3X;P01;Faldilla;NO;1,152;1,16;1002301913
PT-AU89;AU1-3463;;;R15 hembra;UD Tape;8,0;3X;P02;Faldilla;NO;1,152;1,18;1002301913
PT-AU89;AU1-3463;;;R15 hembra;UD Tape;8,0;3X;P03;Radio;NO;1,152;1,19;1002301913
PT-AU89;AU1-3463;;;R15 hembra;UD Tape;8,0;3X;P04;Alma;NO;1,152;1,16;1002301913
PT-AU89;AU1-3463;;;R15 hembra;UD Tape;8,0;3X;P05;Alma;NO;1,152;1,16;1002301913
PT-AU89;AU1-3463;;;R15 hembra;UD Tape;8,0;3X;P06;Alma;NO;1,152;1,19;1002301913
PT-AU89;AU1-3463;;;R15 hembra;UD Tape;8,0;4X;P01;Faldilla;NO;1,152;1,16;1002301913
PT-AU89;AU1-3463;;;R15 hembra;UD Tape;8,0;4X;P02;Faldilla;NO;1,152;1,14;1002301913
PT-AU89;AU1-3463;;;R15 hembra;UD Tape;8,0;4X;P03;Radio;NO;1,152;1,21;1002301913
PT-AU89;AU1-3463;;;R15 hembra;UD Tape;8,0;4X;P04;Alma;NO;1,152;1,15;1002301913
PT-AU89;AU1-3463;;;R15 hembra;UD Tape;8,0;4X;P05;Alma;NO;1,152;1,14;1002301913
PT-AU89;AU1-3463;;;R15 hembra;UD Tape;8,0;4X;P06;Alma;NO;1,152;1,12;1002301913
PT-AU89;AU1-3463;;;R15 hembra;UD Tape;24,0;1X;P01;Faldilla;NO;3,456;3,34;1002301924
PT-AU89;AU1-3463;;;R15 hembra;UD Tape;24,0;1X;P02;Faldilla;NO;3,456;3,41;1002301924
PT-AU89;AU1-3463;;;R15 hembra;UD Tape;24,0;1X;P03;Radio;NO;3,456;3,44;1002301924
PT-AU89;AU1-3463;;;R15 hembra;UD Tape;24,0;1X;P04;Alma;NO;3,456;3,41;1002301924
PT-AU89;AU1-3463;;;R15 hembra;UD Tape;24,0;1X;P05;Alma;NO;3,456;3,46;1002301924
PT-AU89;AU1-3463;;;R15 hembra;UD Tape;24,0;1X;P06;Alma;NO;3,456;3,38;1002301924
PT-AU89;AU1-3463;;;R15 hembra;UD Tape;24,0;2X;P01;Faldilla;NO;3,456;3,46;1002301924
PT-AU89;AU1-3463;;;R15 hembra;UD Tape;24,0;2X;P02;Faldilla;NO;3,456;3,42;1002301924
PT-AU89;AU1-3463;;;R15 hembra;UD Tape;24,0;2X;P03;Radio;NO;3,456;3,57;1002301924
PT-AU89;AU1-3463;;;R15 hembra;UD Tape;24,0;2X;P04;Alma;NO;3,456;3,46;1002301924
PT-AU89;AU1-3463;;;R15 hembra;UD Tape;24,0;2X;P05;Alma;NO;3,456;3,47;1002301924
PT-AU89;AU1-3463;;;R15 hembra;UD Tape;24,0;2X;P06;Alma;NO;3,456;3,38;1002301924
PT-AU89;AU1-3463;;;R15 hembra;UD Tape;24,0;3X;P01;Faldilla;NO;3,456;3,42;1002301924
PT-AU89;AU1-3463;;;R15 hembra;UD Tape;24,0;3X;P02;Faldilla;NO;3,456;3,43;1002301924
PT-AU89;AU1-3463;;;R15 hembra;UD Tape;24,0;3X;P03;Radio;NO;3,456;3,53;1002301924
PT-AU89;AU1-3463;;;R15 hembra;UD Tape;24,0;3X;P04;Alma;NO;3,456;3,47;1002301924
PT-AU89;AU1-3463;;;R15 hembra;UD Tape;24,0;3X;P05;Alma;NO;3,456;3,41;1002301924
PT-AU89;AU1-3463;;;R15 hembra;UD Tape;24,0;3X;P06;Alma;NO;3,456;3,42;1002301924
PT-AU89;AU1-3463;;;R15 hembra;UD Tape;24,0;4X;P01;Faldilla;NO;3,456;3,45;1002301924
PT-AU89;AU1-3463;;;R15 hembra;UD Tape;24,0;4X;P02;Faldilla;NO;3,456;3,45;1002301924
PT-AU89;AU1-3463;;;R15 hembra;UD Tape;24,0;4X;P03;Radio;NO;3,456;3,48;1002301924
PT-AU89;AU1-3463;;;R15 hembra;UD Tape;24,0;4X;P04;Alma;NO;3,456;3,42;1002301924
PT-AU89;AU1-3463;;;R15 hembra;UD Tape;24,0;4X;P05;Alma;NO;3,456;3,47;1002301924
PT-AU89;AU1-3463;;;R15 hembra;UD Tape;24,0;4X;P06;Alma;NO;3,456;3,44;1002301924
PT-AU89;AU1-3463;;;R15 hembra;UD Tape;8,0;1X;P01;Faldilla;NO;1,152;1,06;1002301887
PT-AU89;AU1-3463;;;R15 hembra;UD Tape;8,0;1X;P02;Faldilla;NO;1,152;1,13;1002301887
PT-AU89;AU1-3463;;;R15 hembra;UD Tape;8,0;1X;P03;Radio;NO;1,152;1,15;1002301887
PT-AU89;AU1-3463;;;R15 hembra;UD Tape;8,0;1X;P04;Alma;NO;1,152;1,12;1002301887
PT-AU89;AU1-3463;;;R15 hembra;UD Tape;8,0;1X;P05;Alma;NO;1,152;1,18;1002301887
PT-AU89;AU1-3463;;;R15 hembra;UD Tape;8,0;1X;P06;Alma;NO;1,152;1,16;1002301887
PT-AU89;AU1-3463;;;R15 hembra;UD Tape;8,0;2X;P01;Faldilla;NO;1,152;1,05;1002301887
PT-AU89;AU1-3463;;;R15 hembra;UD Tape;8,0;2X;P02;Faldilla;NO;1,152;1,12;1002301887
PT-AU89;AU1-3463;;;R15 hembra;UD Tape;8,0;2X;P03;Radio;NO;1,152;1,15;1002301887
PT-AU89;AU1-3463;;;R15 hembra;UD Tape;8,0;2X;P04;Alma;NO;1,152;1,14;1002301887
PT-AU89;AU1-3463;;;R15 hembra;UD Tape;8,0;2X;P05;Alma;NO;1,152;1,19;1002301887
PT-AU89;AU1-3463;;;R15 hembra;UD Tape;8,0;2X;P06;Alma;NO;1,152;1,15;1002301887
PT-AU89;AU1-3463;;;R15 hembra;UD Tape;8,0;3X;P01;Faldilla;NO;1,152;1,07;1002301887
PT-AU89;AU1-3463;;;R15 hembra;UD Tape;8,0;3X;P02;Faldilla;NO;1,152;1,15;1002301887
PT-AU89;AU1-3463;;;R15 hembra;UD Tape;8,0;3X;P03;Radio;NO;1,152;1,17;1002301887
PT-AU89;AU1-3463;;;R15 hembra;UD Tape;8,0;3X;P04;Alma;NO;1,152;1,14;1002301887
PT-AU89;AU1-3463;;;R15 hembra;UD Tape;8,0;3X;P05;Alma;NO;1,152;1,19;1002301887
PT-AU89;AU1-3463;;;R15 hembra;UD Tape;8,0;3X;P06;Alma;NO;1,152;1,17;1002301887
PT-AU89;AU1-3463;;;R15 hembra;UD Tape;8,0;4X;P01;Faldilla;NO;1,152;1,11;1002301887
PT-AU89;AU1-3463;;;R15 hembra;UD Tape;8,0;4X;P02;Faldilla;NO;1,152;1,16;1002301887
PT-AU89;AU1-3463;;;R15 hembra;UD Tape;8,0;4X;P03;Radio;NO;1,152;1,17;1002301887
PT-AU89;AU1-3463;;;R15 hembra;UD Tape;8,0;4X;P04;Alma;NO;1,152;1,1;1002301887
PT-AU89;AU1-3463;;;R15 hembra;UD Tape;8,0;4X;P05;Alma;NO;1,152;1,13;1002301887
PT-AU89;AU1-3463;;;R15 hembra;UD Tape;8,0;4X;P06;Alma;NO;1,152;1,19;1002301887
PT-AU89;AU1-3463;;;R15 hembra;UD Tape;8,0;1X;P01;Faldilla;NO;1,152;1,15;1002298697
PT-AU89;AU1-3463;;;R15 hembra;UD Tape;8,0;1X;P02;Faldilla;NO;1,152;1,17;1002298697
PT-AU89;AU1-3463;;;R15 hembra;UD Tape;8,0;1X;P03;Radio;NO;1,152;1,18;1002298697
PT-AU89;AU1-3463;;;R15 hembra;UD Tape;8,0;1X;P04;Alma;NO;1,152;1,13;1002298697
PT-AU89;AU1-3463;;;R15 hembra;UD Tape;8,0;1X;P05;Alma;NO;1,152;1,14;1002298697
PT-AU89;AU1-3463;;;R15 hembra;UD Tape;8,0;1X;P06;Alma;NO;1,152;1,14;1002298697
PT-AU89;AU1-3463;;;R15 hembra;UD Tape;8,0;2X;P01;Faldilla;NO;1,152;1,11;1002298697
PT-AU89;AU1-3463;;;R15 hembra;UD Tape;8,0;2X;P02;Faldilla;NO;1,152;1,12;1002298697
PT-AU89;AU1-3463;;;R15 hembra;UD Tape;8,0;2X;P03;Radio;NO;1,152;1,2;1002298697
PT-AU89;AU1-3463;;;R15 hembra;UD Tape;8,0;2X;P04;Alma;NO;1,152;1,16;1002298697
PT-AU89;AU1-3463;;;R15 hembra;UD Tape;8,0;2X;P05;Alma;NO;1,152;1,17;1002298697
PT-AU89;AU1-3463;;;R15 hembra;UD Tape;8,0;2X;P06;Alma;NO;1,152;1,16;1002298697
PT-AU89;AU1-3463;;;R15 hembra;UD Tape;8,0;3X;P01;Faldilla;NO;1,152;1,16;1002298697
PT-AU89;AU1-3463;;;R15 hembra;UD Tape;8,0;3X;P02;Faldilla;NO;1,152;1,14;1002298697
PT-AU89;AU1-3463;;;R15 hembra;UD Tape;8,0;3X;P03;Radio;NO;1,152;1,17;1002298697
PT-AU89;AU1-3463;;;R15 hembra;UD Tape;8,0;3X;P04;Alma;NO;1,152;1,12;1002298697
PT-AU89;AU1-3463;;;R15 hembra;UD Tape;8,0;3X;P05;Alma;NO;1,152;1,17;1002298697
PT-AU89;AU1-3463;;;R15 hembra;UD Tape;8,0;3X;P06;Alma;NO;1,152;1,15;1002298697
PT-AU89;AU1-3463;;;R15 hembra;UD Tape;8,0;4X;P01;Faldilla;NO;1,152;1,17;1002298697
PT-AU89;AU1-3463;;;R15 hembra;UD Tape;8,0;4X;P02;Faldilla;NO;1,152;1,13;1002298697
PT-AU89;AU1-3463;;;R15 hembra;UD Tape;8,0;4X;P03;Radio;NO;1,152;1,15;1002298697
PT-AU89;AU1-3463;;;R15 hembra;UD Tape;8,0;4X;P04;Alma;NO;1,152;1,16;1002298697
PT-AU89;AU1-3463;;;R15 hembra;UD Tape;8,0;4X;P05;Alma;NO;1,152;1,17;1002298697
PT-AU89;AU1-3463;;;R15 hembra;UD Tape;8,0;4X;P06;Alma;NO;1,152;1,11;1002298697
PT-AU89;AU1-3463;;;R15 hembra;UD Tape;16,0;1X;P01;Faldilla;NO;2,304;2,26;1002301880
PT-AU89;AU1-3463;;;R15 hembra;UD Tape;16,0;1X;P02;Faldilla;NO;2,304;2,28;1002301880
PT-AU89;AU1-3463;;;R15 hembra;UD Tape;16,0;1X;P03;Radio;NO;2,304;2,33;1002301880
PT-AU89;AU1-3463;;;R15 hembra;UD Tape;16,0;1X;P04;Alma;NO;2,304;2,27;1002301880
PT-AU89;AU1-3463;;;R15 hembra;UD Tape;16,0;1X;P05;Alma;NO;2,304;2,24;1002301880
PT-AU89;AU1-3463;;;R15 hembra;UD Tape;16,0;1X;P06;Alma;NO;2,304;2,29;1002301880
PT-AU89;AU1-3463;;;R15 hembra;UD Tape;16,0;2X;P01;Faldilla;NO;2,304;2,26;1002301880
PT-AU89;AU1-3463;;;R15 hembra;UD Tape;16,0;2X;P02;Faldilla;NO;2,304;2,24;1002301880
PT-AU89;AU1-3463;;;R15 hembra;UD Tape;16,0;2X;P03;Radio;NO;2,304;2,31;1002301880
PT-AU89;AU1-3463;;;R15 hembra;UD Tape;16,0;2X;P04;Alma;NO;2,304;2,25;1002301880
PT-AU89;AU1-3463;;;R15 hembra;UD Tape;16,0;2X;P05;Alma;NO;2,304;2,27;1002301880
PT-AU89;AU1-3463;;;R15 hembra;UD Tape;16,0;2X;P06;Alma;NO;2,304;2,27;1002301880
PT-AU89;AU1-3463;;;R15 hembra;UD Tape;16,0;3X;P01;Faldilla;NO;2,304;2,26;1002301880
PT-AU89;AU1-3463;;;R15 hembra;UD Tape;16,0;3X;P02;Faldilla;NO;2,304;2,27;1002301880
PT-AU89;AU1-3463;;;R15 hembra;UD Tape;16,0;3X;P03;Radio;NO;2,304;2,38;1002301880
PT-AU89;AU1-3463;;;R15 hembra;UD Tape;16,0;3X;P04;Alma;NO;2,304;2,29;1002301880
PT-AU89;AU1-3463;;;R15 hembra;UD Tape;16,0;3X;P05;Alma;NO;2,304;2,27;1002301880
PT-AU89;AU1-3463;;;R15 hembra;UD Tape;16,0;3X;P06;Alma;NO;2,304;2,31;1002301880
PT-AU89;AU1-3463;;;R15 hembra;UD Tape;16,0;4X;P01;Faldilla;NO;2,304;2,24;1002301880
PT-AU89;AU1-3463;;;R15 hembra;UD Tape;16,0;4X;P02;Faldilla;NO;2,304;2,28;1002301880
PT-AU89;AU1-3463;;;R15 hembra;UD Tape;16,0;4X;P03;Radio;NO;2,304;2,32;1002301880
PT-AU89;AU1-3463;;;R15 hembra;UD Tape;16,0;4X;P04;Alma;NO;2,304;2,29;1002301880
PT-AU89;AU1-3463;;;R15 hembra;UD Tape;16,0;4X;P05;Alma;NO;2,304;2,27;1002301880
PT-AU89;AU1-3463;;;R15 hembra;UD Tape;16,0;4X;P06;Alma;NO;2,304;2,23;1002301880
PT-AU89;AU1-3463;;;R15 hembra;UD Tape;16,0;1X;P01;Faldilla;NO;2,304;2,26;1002301875
PT-AU89;AU1-3463;;;R15 hembra;UD Tape;16,0;1X;P02;Faldilla;NO;2,304;2,22;1002301875
PT-AU89;AU1-3463;;;R15 hembra;UD Tape;16,0;1X;P03;Radio;NO;2,304;2,18;1002301875
PT-AU89;AU1-3463;;;R15 hembra;UD Tape;16,0;1X;P04;Alma;NO;2,304;2,28;1002301875
PT-AU89;AU1-3463;;;R15 hembra;UD Tape;16,0;1X;P05;Alma;NO;2,304;2,25;1002301875
PT-AU89;AU1-3463;;;R15 hembra;UD Tape;16,0;1X;P06;Alma;NO;2,304;2,29;1002301875
PT-AU89;AU1-3463;;;R15 hembra;UD Tape;16,0;2X;P01;Faldilla;NO;2,304;2,27;1002301875
PT-AU89;AU1-3463;;;R15 hembra;UD Tape;16,0;2X;P02;Faldilla;NO;2,304;2,32;1002301875
PT-AU89;AU1-3463;;;R15 hembra;UD Tape;16,0;2X;P03;Radio;NO;2,304;2,22;1002301875
PT-AU89;AU1-3463;;;R15 hembra;UD Tape;16,0;2X;P04;Alma;NO;2,304;2,27;1002301875
PT-AU89;AU1-3463;;;R15 hembra;UD Tape;16,0;2X;P05;Alma;NO;2,304;2,27;1002301875
PT-AU89;AU1-3463;;;R15 hembra;UD Tape;16,0;2X;P06;Alma;NO;2,304;2,28;1002301875
PT-AU89;AU1-3463;;;R15 hembra;UD Tape;16,0;3X;P01;Faldilla;NO;2,304;2,26;1002301875
PT-AU89;AU1-3463;;;R15 hembra;UD Tape;16,0;3X;P02;Faldilla;NO;2,304;2,27;1002301875
PT-AU89;AU1-3463;;;R15 hembra;UD Tape;16,0;3X;P03;Radio;NO;2,304;2,31;1002301875
PT-AU89;AU1-3463;;;R15 hembra;UD Tape;16,0;3X;P04;Alma;NO;2,304;2,25;1002301875
PT-AU89;AU1-3463;;;R15 hembra;UD Tape;16,0;3X;P05;Alma;NO;2,304;2,32;1002301875
PT-AU89;AU1-3463;;;R15 hembra;UD Tape;16,0;3X;P06;Alma;NO;2,304;2,24;1002301875
PT-AU89;AU1-3463;;;R15 hembra;UD Tape;16,0;4X;P01;Faldilla;NO;2,304;2,22;1002301875
PT-AU89;AU1-3463;;;R15 hembra;UD Tape;16,0;4X;P02;Faldilla;NO;2,304;2,26;1002301875
PT-AU89;AU1-3463;;;R15 hembra;UD Tape;16,0;4X;P03;Radio;NO;2,304;2,29;1002301875
PT-AU89;AU1-3463;;;R15 hembra;UD Tape;16,0;4X;P04;Alma;NO;2,304;2,26;1002301875
PT-AU89;AU1-3463;;;R15 hembra;UD Tape;16,0;4X;P05;Alma;NO;2,304;2,26;1002301875
PT-AU89;AU1-3463;;;R15 hembra;UD Tape;16,0;4X;P06;Alma;NO;2,304;2,22;1002301875
PT-AU89;AU1-3463;;;R15 hembra;PW Fabric;4,0;1X;P01;Faldilla;NO;0,8;0,81;1002301865
PT-AU89;AU1-3463;;;R15 hembra;PW Fabric;4,0;1X;P02;Faldilla;NO;0,8;0,79;1002301865
PT-AU89;AU1-3463;;;R15 hembra;PW Fabric;4,0;1X;P03;Radio;NO;0,8;0,85;1002301865
PT-AU89;AU1-3463;;;R15 hembra;PW Fabric;4,0;1X;P04;Alma;NO;0,8;0,77;1002301865
PT-AU89;AU1-3463;;;R15 hembra;PW Fabric;4,0;1X;P05;Alma;NO;0,8;0,78;1002301865
PT-AU89;AU1-3463;;;R15 hembra;PW Fabric;4,0;1X;P06;Alma;NO;0,8;0,75;1002301865
PT-AU89;AU1-3463;;;R15 hembra;PW Fabric;4,0;2X;P01;Faldilla;NO;0,8;0,8;1002301865
PT-AU89;AU1-3463;;;R15 hembra;PW Fabric;4,0;2X;P02;Faldilla;NO;0,8;0,79;1002301865
PT-AU89;AU1-3463;;;R15 hembra;PW Fabric;4,0;2X;P03;Radio;NO;0,8;0,85;1002301865
PT-AU89;AU1-3463;;;R15 hembra;PW Fabric;4,0;2X;P04;Alma;NO;0,8;0,76;1002301865
PT-AU89;AU1-3463;;;R15 hembra;PW Fabric;4,0;2X;P05;Alma;NO;0,8;0,77;1002301865
PT-AU89;AU1-3463;;;R15 hembra;PW Fabric;4,0;2X;P06;Alma;NO;0,8;0,8;1002301865
PT-AU89;AU1-3463;;;R15 hembra;PW Fabric;4,0;3X;P01;Faldilla;NO;0,8;0,81;1002301865
PT-AU89;AU1-3463;;;R15 hembra;PW Fabric;4,0;3X;P02;Faldilla;NO;0,8;0,75;1002301865
PT-AU89;AU1-3463;;;R15 hembra;PW Fabric;4,0;3X;P03;Radio;NO;0,8;0,8;1002301865
PT-AU89;AU1-3463;;;R15 hembra;PW Fabric;4,0;3X;P04;Alma;NO;0,8;0,79;1002301865
PT-AU89;AU1-3463;;;R15 hembra;PW Fabric;4,0;3X;P05;Alma;NO;0,8;0,81;1002301865
PT-AU89;AU1-3463;;;R15 hembra;PW Fabric;4,0;3X;P06;Alma;NO;0,8;0,77;1002301865
PT-AU89;AU1-3463;;;R15 hembra;PW Fabric;4,0;4X;P01;Faldilla;NO;0,8;0,76;1002301865
PT-AU89;AU1-3463;;;R15 hembra;PW Fabric;4,0;4X;P02;Faldilla;NO;0,8;0,75;1002301865
PT-AU89;AU1-3463;;;R15 hembra;PW Fabric;4,0;4X;P03;Radio;NO;0,8;0,79;1002301865
PT-AU89;AU1-3463;;;R15 hembra;PW Fabric;4,0;4X;P04;Alma;NO;0,8;0,75;1002301865
PT-AU89;AU1-3463;;;R15 hembra;PW Fabric;4,0;4X;P05;Alma;NO;0,8;0,76;1002301865
PT-AU89;AU1-3463;;;R15 hembra;PW Fabric;4,0;4X;P06;Alma;NO;0,8;0,81;1002301865
PT-AU89;AU1-3463;;;R15 hembra;PW Fabric;4,0;1X;P01;Faldilla;NO;0,8;0,77;1002301870
PT-AU89;AU1-3463;;;R15 hembra;PW Fabric;4,0;1X;P02;Faldilla;NO;0,8;0,81;1002301870
PT-AU89;AU1-3463;;;R15 hembra;PW Fabric;4,0;1X;P03;Radio;NO;0,8;0,81;1002301870
PT-AU89;AU1-3463;;;R15 hembra;PW Fabric;4,0;1X;P04;Alma;NO;0,8;0,79;1002301870
PT-AU89;AU1-3463;;;R15 hembra;PW Fabric;4,0;1X;P05;Alma;NO;0,8;0,81;1002301870
PT-AU89;AU1-3463;;;R15 hembra;PW Fabric;4,0;1X;P06;Alma;NO;0,8;0,8;1002301870
PT-AU89;AU1-3463;;;R15 hembra;PW Fabric;4,0;2X;P01;Faldilla;NO;0,8;0,82;1002301870
PT-AU89;AU1-3463;;;R15 hembra;PW Fabric;4,0;2X;P02;Faldilla;NO;0,8;0,81;1002301870
PT-AU89;AU1-3463;;;R15 hembra;PW Fabric;4,0;2X;P03;Radio;NO;0,8;0,82;1002301870
PT-AU89;AU1-3463;;;R15 hembra;PW Fabric;4,0;2X;P04;Alma;NO;0,8;0,8;1002301870
PT-AU89;AU1-3463;;;R15 hembra;PW Fabric;4,0;2X;P05;Alma;NO;0,8;0,78;1002301870
PT-AU89;AU1-3463;;;R15 hembra;PW Fabric;4,0;2X;P06;Alma;NO;0,8;0,87;1002301870
PT-AU89;AU1-3463;;;R15 hembra;PW Fabric;4,0;3X;P01;Faldilla;NO;0,8;0,77;1002301870
PT-AU89;AU1-3463;;;R15 hembra;PW Fabric;4,0;3X;P02;Faldilla;NO;0,8;0,8;1002301870
PT-AU89;AU1-3463;;;R15 hembra;PW Fabric;4,0;3X;P03;Radio;NO;0,8;0,79;1002301870
PT-AU89;AU1-3463;;;R15 hembra;PW Fabric;4,0;3X;P04;Alma;NO;0,8;0,78;1002301870
PT-AU89;AU1-3463;;;R15 hembra;PW Fabric;4,0;3X;P05;Alma;NO;0,8;0,77;1002301870
PT-AU89;AU1-3463;;;R15 hembra;PW Fabric;4,0;3X;P06;Alma;NO;0,8;0,85;1002301870
PT-AU89;AU1-3463;;;R15 hembra;PW Fabric;4,0;4X;P01;Faldilla;NO;0,8;0,79;1002301870
PT-AU89;AU1-3463;;;R15 hembra;PW Fabric;4,0;4X;P02;Faldilla;NO;0,8;0,78;1002301870
PT-AU89;AU1-3463;;;R15 hembra;PW Fabric;4,0;4X;P03;Radio;NO;0,8;0,81;1002301870
PT-AU89;AU1-3463;;;R15 hembra;PW Fabric;4,0;4X;P04;Alma;NO;0,8;0,79;1002301870
PT-AU89;AU1-3463;;;R15 hembra;PW Fabric;4,0;4X;P05;Alma;NO;0,8;0,82;1002301870
PT-AU89;AU1-3463;;;R15 hembra;PW Fabric;4,0;4X;P06;Alma;NO;0,8;0,78;1002301870
PT-AU89;AU1-3463;;;R15 hembra;PW Fabric;4,0;1X;P01;Faldilla;NO;0,8;0,8;1002299382
PT-AU89;AU1-3463;;;R15 hembra;PW Fabric;4,0;1X;P02;Faldilla;NO;0,8;0,79;1002299382
PT-AU89;AU1-3463;;;R15 hembra;PW Fabric;4,0;1X;P03;Radio;NO;0,8;0,8;1002299382
PT-AU89;AU1-3463;;;R15 hembra;PW Fabric;4,0;1X;P04;Alma;NO;0,8;0,79;1002299382
PT-AU89;AU1-3463;;;R15 hembra;PW Fabric;4,0;1X;P05;Alma;NO;0,8;0,79;1002299382
PT-AU89;AU1-3463;;;R15 hembra;PW Fabric;4,0;1X;P06;Alma;NO;0,8;0,84;1002299382
PT-AU89;AU1-3463;;;R15 hembra;PW Fabric;4,0;2X;P01;Faldilla;NO;0,8;0,75;1002299382
PT-AU89;AU1-3463;;;R15 hembra;PW Fabric;4,0;2X;P02;Faldilla;NO;0,8;0,81;1002299382
PT-AU89;AU1-3463;;;R15 hembra;PW Fabric;4,0;2X;P03;Radio;NO;0,8;0,77;1002299382
PT-AU89;AU1-3463;;;R15 hembra;PW Fabric;4,0;2X;P04;Alma;NO;0,8;0,77;1002299382
PT-AU89;AU1-3463;;;R15 hembra;PW Fabric;4,0;2X;P05;Alma;NO;0,8;0,77;1002299382
PT-AU89;AU1-3463;;;R15 hembra;PW Fabric;4,0;2X;P06;Alma;NO;0,8;0,81;1002299382
PT-AU89;AU1-3463;;;R15 hembra;PW Fabric;4,0;3X;P01;Faldilla;NO;0,8;0,82;1002299382
PT-AU89;AU1-3463;;;R15 hembra;PW Fabric;4,0;3X;P02;Faldilla;NO;0,8;0,84;1002299382
PT-AU89;AU1-3463;;;R15 hembra;PW Fabric;4,0;3X;P03;Radio;NO;0,8;0,8;1002299382
PT-AU89;AU1-3463;;;R15 hembra;PW Fabric;4,0;3X;P04;Alma;NO;0,8;0,78;1002299382
PT-AU89;AU1-3463;;;R15 hembra;PW Fabric;4,0;3X;P05;Alma;NO;0,8;0,78;1002299382
PT-AU89;AU1-3463;;;R15 hembra;PW Fabric;4,0;3X;P06;Alma;NO;0,8;0,81;1002299382
PT-AU89;AU1-3463;;;R15 hembra;PW Fabric;4,0;4X;P01;Faldilla;NO;0,8;0,81;1002299382
PT-AU89;AU1-3463;;;R15 hembra;PW Fabric;4,0;4X;P02;Faldilla;NO;0,8;0,81;1002299382
PT-AU89;AU1-3463;;;R15 hembra;PW Fabric;4,0;4X;P03;Radio;NO;0,8;0,8;1002299382
PT-AU89;AU1-3463;;;R15 hembra;PW Fabric;4,0;4X;P04;Alma;NO;0,8;0,83;1002299382
PT-AU89;AU1-3463;;;R15 hembra;PW Fabric;4,0;4X;P05;Alma;NO;0,8;0,81;1002299382
PT-AU89;AU1-3463;;;R15 hembra;PW Fabric;4,0;4X;P06;Alma;NO;0,8;0,8;1002299382
PT-AU89;AU1-3463;;;R15 hembra;PW Fabric;14,0;1X;P01;Faldilla;NO;2,8;2,81;1002301857
PT-AU89;AU1-3463;;;R15 hembra;PW Fabric;14,0;1X;P02;Faldilla;NO;2,8;2,78;1002301857
PT-AU89;AU1-3463;;;R15 hembra;PW Fabric;14,0;1X;P03;Radio;NO;2,8;2,84;1002301857
PT-AU89;AU1-3463;;;R15 hembra;PW Fabric;14,0;1X;P04;Alma;NO;2,8;2,78;1002301857
PT-AU89;AU1-3463;;;R15 hembra;PW Fabric;14,0;1X;P05;Alma;NO;2,8;2,8;1002301857
PT-AU89;AU1-3463;;;R15 hembra;PW Fabric;14,0;1X;P06;Alma;NO;2,8;2,81;1002301857
PT-AU89;AU1-3463;;;R15 hembra;PW Fabric;14,0;2X;P01;Faldilla;NO;2,8;2,78;1002301857
PT-AU89;AU1-3463;;;R15 hembra;PW Fabric;14,0;2X;P02;Faldilla;NO;2,8;2,8;1002301857
PT-AU89;AU1-3463;;;R15 hembra;PW Fabric;14,0;2X;P03;Radio;NO;2,8;2,82;1002301857
PT-AU89;AU1-3463;;;R15 hembra;PW Fabric;14,0;2X;P04;Alma;NO;2,8;2,77;1002301857
PT-AU89;AU1-3463;;;R15 hembra;PW Fabric;14,0;2X;P05;Alma;NO;2,8;2,83;1002301857
PT-AU89;AU1-3463;;;R15 hembra;PW Fabric;14,0;2X;P06;Alma;NO;2,8;2,81;1002301857
PT-AU89;AU1-3463;;;R15 hembra;PW Fabric;14,0;3X;P01;Faldilla;NO;2,8;2,79;1002301857
PT-AU89;AU1-3463;;;R15 hembra;PW Fabric;14,0;3X;P02;Faldilla;NO;2,8;2,74;1002301857
PT-AU89;AU1-3463;;;R15 hembra;PW Fabric;14,0;3X;P03;Radio;NO;2,8;2,83;1002301857
PT-AU89;AU1-3463;;;R15 hembra;PW Fabric;14,0;3X;P04;Alma;NO;2,8;2,7;1002301857
PT-AU89;AU1-3463;;;R15 hembra;PW Fabric;14,0;3X;P05;Alma;NO;2,8;2,85;1002301857
PT-AU89;AU1-3463;;;R15 hembra;PW Fabric;14,0;3X;P06;Alma;NO;2,8;2,82;1002301857
PT-AU89;AU1-3463;;;R15 hembra;PW Fabric;14,0;4X;P01;Faldilla;NO;2,8;2,78;1002301857
PT-AU89;AU1-3463;;;R15 hembra;PW Fabric;14,0;4X;P02;Faldilla;NO;2,8;2,8;1002301857
PT-AU89;AU1-3463;;;R15 hembra;PW Fabric;14,0;4X;P03;Radio;NO;2,8;2,85;1002301857
PT-AU89;AU1-3463;;;R15 hembra;PW Fabric;14,0;4X;P04;Alma;NO;2,8;2,7;1002301857
PT-AU89;AU1-3463;;;R15 hembra;PW Fabric;14,0;4X;P05;Alma;NO;2,8;2,82;1002301857
PT-AU89;AU1-3463;;;R15 hembra;PW Fabric;14,0;4X;P06;Alma;NO;2,8;2,83;1002301857
PT-AU89;AU1-3463;;;R15 hembra;PW Fabric;14,0;1X;P01;Faldilla;NO;2,8;2,79;1002301852
PT-AU89;AU1-3463;;;R15 hembra;PW Fabric;14,0;1X;P02;Faldilla;NO;2,8;2,77;1002301852
PT-AU89;AU1-3463;;;R15 hembra;PW Fabric;14,0;1X;P03;Radio;NO;2,8;2,86;1002301852
PT-AU89;AU1-3463;;;R15 hembra;PW Fabric;14,0;1X;P04;Alma;NO;2,8;2,76;1002301852
PT-AU89;AU1-3463;;;R15 hembra;PW Fabric;14,0;1X;P05;Alma;NO;2,8;2,8;1002301852
PT-AU89;AU1-3463;;;R15 hembra;PW Fabric;14,0;1X;P06;Alma;NO;2,8;2,79;1002301852
PT-AU89;AU1-3463;;;R15 hembra;PW Fabric;14,0;2X;P01;Faldilla;NO;2,8;2,82;1002301852
PT-AU89;AU1-3463;;;R15 hembra;PW Fabric;14,0;2X;P02;Faldilla;NO;2,8;2,81;1002301852
PT-AU89;AU1-3463;;;R15 hembra;PW Fabric;14,0;2X;P03;Radio;NO;2,8;2,86;1002301852
PT-AU89;AU1-3463;;;R15 hembra;PW Fabric;14,0;2X;P04;Alma;NO;2,8;2,75;1002301852
PT-AU89;AU1-3463;;;R15 hembra;PW Fabric;14,0;2X;P05;Alma;NO;2,8;2,78;1002301852
PT-AU89;AU1-3463;;;R15 hembra;PW Fabric;14,0;2X;P06;Alma;NO;2,8;2,84;1002301852
PT-AU89;AU1-3463;;;R15 hembra;PW Fabric;14,0;3X;P01;Faldilla;NO;2,8;2,77;1002301852
PT-AU89;AU1-3463;;;R15 hembra;PW Fabric;14,0;3X;P02;Faldilla;NO;2,8;2,79;1002301852
PT-AU89;AU1-3463;;;R15 hembra;PW Fabric;14,0;3X;P03;Radio;NO;2,8;2,85;1002301852
PT-AU89;AU1-3463;;;R15 hembra;PW Fabric;14,0;3X;P04;Alma;NO;2,8;2,76;1002301852
PT-AU89;AU1-3463;;;R15 hembra;PW Fabric;14,0;3X;P05;Alma;NO;2,8;2,82;1002301852
PT-AU89;AU1-3463;;;R15 hembra;PW Fabric;14,0;3X;P06;Alma;NO;2,8;2,86;1002301852
PT-AU89;AU1-3463;;;R15 hembra;PW Fabric;14,0;4X;P01;Faldilla;NO;2,8;2,77;1002301852
PT-AU89;AU1-3463;;;R15 hembra;PW Fabric;14,0;4X;P02;Faldilla;NO;2,8;2,76;1002301852
PT-AU89;AU1-3463;;;R15 hembra;PW Fabric;14,0;4X;P03;Radio;NO;2,8;2,83;1002301852
PT-AU89;AU1-3463;;;R15 hembra;PW Fabric;14,0;4X;P04;Alma;NO;2,8;2,81;1002301852
PT-AU89;AU1-3463;;;R15 hembra;PW Fabric;14,0;4X;P05;Alma;NO;2,8;2,77;1002301852
PT-AU89;AU1-3463;;;R15 hembra;PW Fabric;14,0;4X;P06;Alma;NO;2,8;2,84;1002301852
PT-AU89;AU1-3463;;;R15 hembra;PW Fabric;22,0;1X;P01;Faldilla;NO;4,4;4,39;1002301822
PT-AU89;AU1-3463;;;R15 hembra;PW Fabric;22,0;1X;P02;Faldilla;NO;4,4;4,35;1002301822
PT-AU89;AU1-3463;;;R15 hembra;PW Fabric;22,0;1X;P03;Radio;NO;4,4;4,45;1002301822
PT-AU89;AU1-3463;;;R15 hembra;PW Fabric;22,0;1X;P04;Alma;NO;4,4;4,31;1002301822
PT-AU89;AU1-3463;;;R15 hembra;PW Fabric;22,0;1X;P05;Alma;NO;4,4;4,4;1002301822
PT-AU89;AU1-3463;;;R15 hembra;PW Fabric;22,0;1X;P06;Alma;NO;4,4;4,38;1002301822
PT-AU89;AU1-3463;;;R15 hembra;PW Fabric;22,0;2X;P01;Faldilla;NO;4,4;4,46;1002301822
PT-AU89;AU1-3463;;;R15 hembra;PW Fabric;22,0;2X;P02;Faldilla;NO;4,4;4,45;1002301822
PT-AU89;AU1-3463;;;R15 hembra;PW Fabric;22,0;2X;P03;Radio;NO;4,4;4,51;1002301822
PT-AU89;AU1-3463;;;R15 hembra;PW Fabric;22,0;2X;P04;Alma;NO;4,4;4,36;1002301822
PT-AU89;AU1-3463;;;R15 hembra;PW Fabric;22,0;2X;P05;Alma;NO;4,4;4,4;1002301822
PT-AU89;AU1-3463;;;R15 hembra;PW Fabric;22,0;2X;P06;Alma;NO;4,4;4,41;1002301822
PT-AU89;AU1-3463;;;R15 hembra;PW Fabric;22,0;3X;P01;Faldilla;NO;4,4;4,4;1002301822
PT-AU89;AU1-3463;;;R15 hembra;PW Fabric;22,0;3X;P02;Faldilla;NO;4,4;4,38;1002301822
PT-AU89;AU1-3463;;;R15 hembra;PW Fabric;22,0;3X;P03;Radio;NO;4,4;4,51;1002301822
PT-AU89;AU1-3463;;;R15 hembra;PW Fabric;22,0;3X;P04;Alma;NO;4,4;4,35;1002301822
PT-AU89;AU1-3463;;;R15 hembra;PW Fabric;22,0;3X;P05;Alma;NO;4,4;4,41;1002301822
PT-AU89;AU1-3463;;;R15 hembra;PW Fabric;22,0;3X;P06;Alma;NO;4,4;4,42;1002301822
PT-AU89;AU1-3463;;;R15 hembra;PW Fabric;22,0;4X;P01;Faldilla;NO;4,4;4,42;1002301822
PT-AU89;AU1-3463;;;R15 hembra;PW Fabric;22,0;4X;P02;Faldilla;NO;4,4;4,38;1002301822
PT-AU89;AU1-3463;;;R15 hembra;PW Fabric;22,0;4X;P03;Radio;NO;4,4;4,49;1002301822
PT-AU89;AU1-3463;;;R15 hembra;PW Fabric;22,0;4X;P04;Alma;NO;4,4;4,34;1002301822
PT-AU89;AU1-3463;;;R15 hembra;PW Fabric;22,0;4X;P05;Alma;NO;4,4;4,34;1002301822
PT-AU89;AU1-3463;;;R15 hembra;PW Fabric;22,0;4X;P06;Alma;NO;4,4;4,43;1002301822
